item_id,week,date,country,party_id,party,camp,source_type,provenance,outlet,title,source_url,archive_url,summary,actors,quote_index,speaker,original_quote,translation,cluster_id,cluster_size,confidence,jda_category,coder,coded_date,notes
6da8d2597f9115cea69f,2026-W39,2026-09-19,GR,niki,NIKI,far-right,site_scrape,party_document,nikh.gr,"Δ. Νατσιός: Σε πνευματική καθίζηση ο λαός μας – Υπερφίαλος, αλαζόνας και εκτός πραγματικότητας ο Μητσοτάκης",https://nikh.gr/d-natsios-se-pnevmatiki-kathizisi-o-laos-mas-yperfialos-alazonas-kai-ektos-pragmatikotitas-o-mitsotakis/,,"NIKI president Dimitris Natsios gave a radio interview criticizing the government's economic and energy policies, accusing Prime Minister Mitsotakis of being arrogant and out of touch with reality, and calling for a stronger stance on Greek-Turkish relations.",Δημήτρης Νατσιός,0,Δημήτρης Νατσιός,"Δεν είναι ούτε πολιτικό το σύστημα, είναι παραπολιτικό, είναι μικροπολιτικό, είναι ένα γκανγκστερικό, θα έλεγα, σχέδιο… Έχουν καταστρέψει και πνευματικά την πατρίδα μας, εκτός από την οικονομική και κοινωνική καθίζηση. Αυτό είναι το χειρότερο","The system is not even political, it is para-political, it is micro-political, it is a gangster-like scheme, I would say... They have also destroyed our homeland spiritually, in addition to the economic and social collapse. This is the worst thing",niki-3,1,high,,,,
6da8d2597f9115cea69f,2026-W39,2026-09-19,GR,niki,NIKI,far-right,site_scrape,party_document,nikh.gr,"Δ. Νατσιός: Σε πνευματική καθίζηση ο λαός μας – Υπερφίαλος, αλαζόνας και εκτός πραγματικότητας ο Μητσοτάκης",https://nikh.gr/d-natsios-se-pnevmatiki-kathizisi-o-laos-mas-yperfialos-alazonas-kai-ektos-pragmatikotitas-o-mitsotakis/,,"NIKI president Dimitris Natsios gave a radio interview criticizing the government's economic and energy policies, accusing Prime Minister Mitsotakis of being arrogant and out of touch with reality, and calling for a stronger stance on Greek-Turkish relations.",Δημήτρης Νατσιός,1,Δημήτρης Νατσιός,"Μην ψαλιδίζουμε την ελπίδα, να μην τη χάσουμε γιατί θα χαθεί και το γέλιο στο πρόσωπο των παιδιών, και αν χαθεί θα καταντήσουμε ένα απέραντο νεκροταφείο","Let's not cut off hope, let's not lose it because the laughter on children's faces will also be lost, and if it is lost we will become a vast cemetery",niki-3,1,high,,,,
6da8d2597f9115cea69f,2026-W39,2026-09-19,GR,niki,NIKI,far-right,site_scrape,party_document,nikh.gr,"Δ. Νατσιός: Σε πνευματική καθίζηση ο λαός μας – Υπερφίαλος, αλαζόνας και εκτός πραγματικότητας ο Μητσοτάκης",https://nikh.gr/d-natsios-se-pnevmatiki-kathizisi-o-laos-mas-yperfialos-alazonas-kai-ektos-pragmatikotitas-o-mitsotakis/,,"NIKI president Dimitris Natsios gave a radio interview criticizing the government's economic and energy policies, accusing Prime Minister Mitsotakis of being arrogant and out of touch with reality, and calling for a stronger stance on Greek-Turkish relations.",Δημήτρης Νατσιός,2,Δημήτρης Νατσιός,"Όταν η Τουρκία απειλεί, εμείς τι λέμε; ""Θα το πω στη μαμά μου""… Η διαχρονική απάντηση της Ελλάδος στις επιβουλές των Τούρκων έπρεπε να είναι δύο λέξεις, για να αναθαρρήσει ο λαός: ""Μολών λαβέ""","When Turkey threatens, what do we say? 'I'll tell my mom'... Greece's timeless response to Turkish machinations should be two words, to encourage the people: 'Molon labe' [Come and take them]",niki-3,1,high,,,,
6da8d2597f9115cea69f,2026-W39,2026-09-19,GR,niki,NIKI,far-right,site_scrape,party_document,nikh.gr,"Δ. Νατσιός: Σε πνευματική καθίζηση ο λαός μας – Υπερφίαλος, αλαζόνας και εκτός πραγματικότητας ο Μητσοτάκης",https://nikh.gr/d-natsios-se-pnevmatiki-kathizisi-o-laos-mas-yperfialos-alazonas-kai-ektos-pragmatikotitas-o-mitsotakis/,,"NIKI president Dimitris Natsios gave a radio interview criticizing the government's economic and energy policies, accusing Prime Minister Mitsotakis of being arrogant and out of touch with reality, and calling for a stronger stance on Greek-Turkish relations.",Δημήτρης Νατσιός,3,Δημήτρης Νατσιός,Είναι εκτός τόπου και χρόνου,He is out of place and time,niki-3,1,high,,,,
b8b5e74db2978795a09c,2026-W39,2026-09-19,GR,niki,NIKI,far-right,site_scrape,party_document,nikh.gr,Η ανάπτυξη μειώνει στροφές και κατεβάζει ταχύτητα – Η Ελλάδα υστερεί σε εξαγωγές και απασχόληση,https://nikh.gr/anaptyxi-ellada-exagoges-apascholisi-2026/,,"NIKI's Economic Team criticized the Greek government's seven-year economic policy, stating that despite unprecedented European fund inflows, Greece's economy shows limited dynamism with GDP growth of 1.9% in Q2 2026, employment declining by 0.4%, and exports growing at half the EU rate.",Ομάδα Οικονομικών ΝΙΚΗΣ,0,Ομάδα Οικονομικών ΝΙΚΗΣ,"Στη ΝΙΚΗ πιστεύουμε οτι μετά από 7 χρόνια αντιλαϊκής κυβερνητικής οικονομικής πολιτικής, η ελληνική οικονομία παραμένει εγκλωβισμένη στις ίδιες δομικές αδυναμίες.","At NIKI we believe that after 7 years of anti-popular governmental economic policy, the Greek economy remains trapped in the same structural weaknesses.",niki-2,1,high,,,,
b8b5e74db2978795a09c,2026-W39,2026-09-19,GR,niki,NIKI,far-right,site_scrape,party_document,nikh.gr,Η ανάπτυξη μειώνει στροφές και κατεβάζει ταχύτητα – Η Ελλάδα υστερεί σε εξαγωγές και απασχόληση,https://nikh.gr/anaptyxi-ellada-exagoges-apascholisi-2026/,,"NIKI's Economic Team criticized the Greek government's seven-year economic policy, stating that despite unprecedented European fund inflows, Greece's economy shows limited dynamism with GDP growth of 1.9% in Q2 2026, employment declining by 0.4%, and exports growing at half the EU rate.",Ομάδα Οικονομικών ΝΙΚΗΣ,1,Ομάδα Οικονομικών ΝΙΚΗΣ,"Οι αριθμοί της Eurostat καταγράφουν το αποτύπωμα και τις επιπτώσεις, αυτή η 7ετία μετριέται: σε παραγωγή που δεν έγινε, σε εξαγωγές που υστέρησαν, σε ευρωπαϊκούς πόρους που δεν μεταφράστηκαν στην αναγκαία οικονομική δυναμική σε ευκαιρίες που χάθηκαν.","Eurostat's numbers record the imprint and consequences, this seven-year period is measured: in production that did not happen, in exports that lagged, in European resources that were not translated into the necessary economic dynamism, in opportunities that were lost.",niki-2,1,high,,,,
d45a94b309e4c4c58638,2026-W39,2026-09-18,GR,niki,NIKI,far-right,site_scrape,party_document,nikh.gr,Δ. Νατσιός στο Pontos TV: Οι εξαγγελίες Μητσοτάκη είναι κοροϊδία – Η ΝΙΚΗ μπήκε στην πολιτική με σημαία την αξιοπρέπεια,https://nikh.gr/d-natsios-sto-pontos-tv-oi-exangelies-mitsotaki-einai-koroidia-i-niki-bike-stin-politiki-me-simaia-tin-axioprepeia/,,"NIKI president Dimitris Natsios categorically ruled out any pre-election or post-election cooperation with New Democracy or other parties, criticized the government's policy announcements as inadequate, and reaffirmed the party's positions on traditional family values and opposition to same-sex marriage legislation.",Δημήτρης Νατσιός,0,Δημήτρης Νατσιός,"Καταστατική αρχή της ΝΙΚΗΣ είναι να μην συνεργάζεται με ανθρώπους οι οποίοι υπέγραψαν τα εγκληματικά, για εμάς και για πολύ κόσμο, μνημόνια","It is a statutory principle of NIKI not to cooperate with people who signed the memoranda, which are criminal for us and for many people",niki-1,1,high,,,,
d45a94b309e4c4c58638,2026-W39,2026-09-18,GR,niki,NIKI,far-right,site_scrape,party_document,nikh.gr,Δ. Νατσιός στο Pontos TV: Οι εξαγγελίες Μητσοτάκη είναι κοροϊδία – Η ΝΙΚΗ μπήκε στην πολιτική με σημαία την αξιοπρέπεια,https://nikh.gr/d-natsios-sto-pontos-tv-oi-exangelies-mitsotaki-einai-koroidia-i-niki-bike-stin-politiki-me-simaia-tin-axioprepeia/,,"NIKI president Dimitris Natsios categorically ruled out any pre-election or post-election cooperation with New Democracy or other parties, criticized the government's policy announcements as inadequate, and reaffirmed the party's positions on traditional family values and opposition to same-sex marriage legislation.",Δημήτρης Νατσιός,1,Δημήτρης Νατσιός,"Πώς μπορείς να συνεργαστείς σε μια κυβέρνηση, γιατί έχουμε και ταυτοτικές διαφορές, που ψήφισε τον ψευτο γάμο των ομοφυλοφίλων","How can you cooperate in a government, because we also have identity differences, that voted for the fake marriage of homosexuals",niki-1,1,high,,,,
d45a94b309e4c4c58638,2026-W39,2026-09-18,GR,niki,NIKI,far-right,site_scrape,party_document,nikh.gr,Δ. Νατσιός στο Pontos TV: Οι εξαγγελίες Μητσοτάκη είναι κοροϊδία – Η ΝΙΚΗ μπήκε στην πολιτική με σημαία την αξιοπρέπεια,https://nikh.gr/d-natsios-sto-pontos-tv-oi-exangelies-mitsotaki-einai-koroidia-i-niki-bike-stin-politiki-me-simaia-tin-axioprepeia/,,"NIKI president Dimitris Natsios categorically ruled out any pre-election or post-election cooperation with New Democracy or other parties, criticized the government's policy announcements as inadequate, and reaffirmed the party's positions on traditional family values and opposition to same-sex marriage legislation.",Δημήτρης Νατσιός,2,Δημήτρης Νατσιός,Εμείς μπήκαμε στην πολιτική με σημαία μας την αξιοπρέπεια,We entered politics with dignity as our flag,niki-1,1,high,,,,
d45a94b309e4c4c58638,2026-W39,2026-09-18,GR,niki,NIKI,far-right,site_scrape,party_document,nikh.gr,Δ. Νατσιός στο Pontos TV: Οι εξαγγελίες Μητσοτάκη είναι κοροϊδία – Η ΝΙΚΗ μπήκε στην πολιτική με σημαία την αξιοπρέπεια,https://nikh.gr/d-natsios-sto-pontos-tv-oi-exangelies-mitsotaki-einai-koroidia-i-niki-bike-stin-politiki-me-simaia-tin-axioprepeia/,,"NIKI president Dimitris Natsios categorically ruled out any pre-election or post-election cooperation with New Democracy or other parties, criticized the government's policy announcements as inadequate, and reaffirmed the party's positions on traditional family values and opposition to same-sex marriage legislation.",Δημήτρης Νατσιός,3,Δημήτρης Νατσιός,"Εμείς φτιάχνουμε οικογένειες κανονικές, με παπά και με κουμπάρο, με άντρα και γυναίκα","We create normal families, with a priest and a best man, with a man and a woman",niki-1,1,high,,,,
f2b3afff1349fa3a5b50,2026-W39,2026-09-19,GR,mera25,MeRA25,far-left,site_scrape,party_document,mera25.gr,ΜέΡΑ25 app,https://mera25.gr/8-chronia-choris-ton-zak-8-chronia-agonas-gia-dikaiosyni-kai-oratotita-deftera-21-septemvriou/,,"MeRA25 announced support for a demonstration and march on Monday 21 September at 18:30 at Gladstownos and gatherings across Greece marking eight years since the killing of Zak Kostopoulos, calling for justice and continued struggle against transphobia, homophobia, racism, patriarchy, and fascism.",MeRA25,0,MeRA25,8 χρόνια μετά την άγρια δολοφονία του Ζακ στο κέντρο της Αθήνας ο αγώνας για δικαιοσύνη και ορατότητα συνεχίζεται.,8 years after the brutal murder of Zak in the center of Athens the struggle for justice and visibility continues.,mera25-5,1,high,,,,
f2b3afff1349fa3a5b50,2026-W39,2026-09-19,GR,mera25,MeRA25,far-left,site_scrape,party_document,mera25.gr,ΜέΡΑ25 app,https://mera25.gr/8-chronia-choris-ton-zak-8-chronia-agonas-gia-dikaiosyni-kai-oratotita-deftera-21-septemvriou/,,"MeRA25 announced support for a demonstration and march on Monday 21 September at 18:30 at Gladstownos and gatherings across Greece marking eight years since the killing of Zak Kostopoulos, calling for justice and continued struggle against transphobia, homophobia, racism, patriarchy, and fascism.",MeRA25,1,MeRA25,"Χρέος μας είναι να συνεχίσουμε τον αγώνα ενάντια σε κάθε μορφή πατριαρχίας, σεξισμού, ομοφοβίας, τρανσφοβίας, ρατσισμού και φασισμού.","It is our duty to continue the struggle against every form of patriarchy, sexism, homophobia, transphobia, racism and fascism.",mera25-5,1,high,,,,
f2b3afff1349fa3a5b50,2026-W39,2026-09-19,GR,mera25,MeRA25,far-left,site_scrape,party_document,mera25.gr,ΜέΡΑ25 app,https://mera25.gr/8-chronia-choris-ton-zak-8-chronia-agonas-gia-dikaiosyni-kai-oratotita-deftera-21-septemvriou/,,"MeRA25 announced support for a demonstration and march on Monday 21 September at 18:30 at Gladstownos and gatherings across Greece marking eight years since the killing of Zak Kostopoulos, calling for justice and continued struggle against transphobia, homophobia, racism, patriarchy, and fascism.",MeRA25,2,MeRA25,"Ως ΛΟΑΤΚΙ+ άτομα και ως άτομα που στεκόμαστε στο πλευρό της ΛΟΑΤΚΙ+ κοινότητας, στηρίζουμε μαζί με άλλες συλλογικότητες τη συγκέντρωση και πορεία την Δευτέρα 21 Σεπτεμβρίου στις 18:30 στη Γλάδστωνος και τις συγκεντρώσεις σε όλη την Ελλάδα.","As LGBTQI+ people and as people who stand by the side of the LGBTQI+ community, we support together with other collectives the gathering and march on Monday 21 September at 18:30 at Gladstownos and the gatherings across Greece.",mera25-5,1,high,,,,
a7f3728be94b126ffd2e,2026-W39,2026-09-18,GR,mera25,MeRA25,far-left,site_scrape,party_document,mera25.gr,ΜέΡΑ25 app,https://mera25.gr/dilosi-tou-g-varoufaki-gia-ti-margarita-papandreou/,,"MeRA25 Secretary Yanis Varoufakis issued a statement commemorating Margarita Papandreou, praising her legacy for advancing Greek women's freedom and independence.",Γιάνης Βαρουφάκης,0,Γιάνης Βαρουφάκης,"Το πέρασμα της από αυτό τον κόσμο άφησε τις Ελληνίδες πιο ελεύθερες, πιο ανεξάρτητες, πιο ικανές να ορίζουν τις τύχες τους. Στη Μαργαρίτα Παπανδρέου αξίζουν τιμές που κάποια στιγμή θα αποδοθούν. Θα μου λειψει η σκέψη της φυσικής της παρουσίας. Και θα την κρατώ στη σκέψη μου.","Her passing from this world left Greek women more free, more independent, more capable of determining their own fates. Margarita Papandreou deserves honors that will be bestowed at some point. I will miss the thought of her physical presence. And I will keep her in my thoughts.",mera25-3,1,high,,,,
1341f8447393c502f45b,2026-W39,2026-09-18,GR,mera25,MeRA25,far-left,site_scrape,party_document,mera25.gr,ΜέΡΑ25 app,https://mera25.gr/apolyti-stirixi-ton-aitimaton-kai-tou-agona-tis-epitropis-foreon-kai-katoikon-agias-paraskevis/,,"MeRA25 met with the Committee of Organizations and Residents of Agia Paraskevi on 14 September 2026 and declared full support for their demands to protect Mount Hymettus from development, transfer Ministry of Agricultural Development land to the municipality as green space, and coordinate inter-municipal resistance against government plans.",Periklis Zikas; Panagiotis Antoniou,0,MeRA25,"Ως ΜέΡΑ25 Ενωτική Αριστερά δηλώσαμε ότι στηρίζουμε με όλες μας τις δυνάμεις τη διεκδίκηση-στόχο της Επιτροπής να αποδοθεί η μεγάλη έκταση του Υπουργείου Αγροτικής Ανάπτυξης (εξαιρουμένων των κτιριακών εγκαταστάσεων) στον Δήμο Αγίας Παρασκευής, ως πράσινος ελεύθερος χώρος αναψυχής",As MeRA25 United Left we declared that we support with all our forces the Committee's demand-goal that the large area of the Ministry of Agricultural Development (excluding building facilities) be transferred to the Municipality of Agia Paraskevi as a green open recreational space,mera25-2,1,high,,,,
1341f8447393c502f45b,2026-W39,2026-09-18,GR,mera25,MeRA25,far-left,site_scrape,party_document,mera25.gr,ΜέΡΑ25 app,https://mera25.gr/apolyti-stirixi-ton-aitimaton-kai-tou-agona-tis-epitropis-foreon-kai-katoikon-agias-paraskevis/,,"MeRA25 met with the Committee of Organizations and Residents of Agia Paraskevi on 14 September 2026 and declared full support for their demands to protect Mount Hymettus from development, transfer Ministry of Agricultural Development land to the municipality as green space, and coordinate inter-municipal resistance against government plans.",Periklis Zikas; Panagiotis Antoniou,1,MeRA25,"Ως ΜέΡΑ25 Ενωτική Αριστερά θεωρούμε τα ζητήματα κλιματικής κρίσης, βιώσιμης πόλης, πρασίνου και προστασίας του περιβάλλοντος κορυφαία στο πρόγραμμά μας και από τις πιο σημαντικές μάχες της εποχής μας!","As MeRA25 United Left we consider the issues of climate crisis, sustainable city, green spaces and environmental protection as top priorities in our program and among the most important battles of our era!",mera25-2,1,high,,,,
403b7a3fe3fa0e9321f3,2026-W39,2026-09-17,GR,mera25,MeRA25,far-left,site_scrape,party_document,mera25.gr,ΜέΡΑ25 app,https://mera25.gr/mnimi-simainei-antistasi-paraskevi-18-septemvriou-stis-1730-sto-mnimeio-tou-pavlou-fyssa/,,"MeRA25 calls for mass participation in a memorial march on 18 September 2026 marking 13 years since the murder of Pavlos Fyssas by Golden Dawn, framing the event as urgent antifascist vigilance coinciding with the release of convicted neo-Nazi Ilias Kasidiaris.",MeRA25,0,MeRA25,"Ως ΜέΡΑ25 Ενωτική Αριστερά απευθύνουμε κάλεσμα μαζικής συμμετοχής στην πορεία μνήμης για τα 13 χρόνια από τη δολοφονία του Παύλου Φύσσα, στο Κερατσίνι από το τάγμα εφόδου της ΧΑ.",As MeRA25 United Left we issue a call for mass participation in the memorial march for 13 years since the murder of Pavlos Fyssas in Keratsini by the assault battalion of Golden Dawn.,mera25-1,1,high,,,,
403b7a3fe3fa0e9321f3,2026-W39,2026-09-17,GR,mera25,MeRA25,far-left,site_scrape,party_document,mera25.gr,ΜέΡΑ25 app,https://mera25.gr/mnimi-simainei-antistasi-paraskevi-18-septemvriou-stis-1730-sto-mnimeio-tou-pavlou-fyssa/,,"MeRA25 calls for mass participation in a memorial march on 18 September 2026 marking 13 years since the murder of Pavlos Fyssas by Golden Dawn, framing the event as urgent antifascist vigilance coinciding with the release of convicted neo-Nazi Ilias Kasidiaris.",MeRA25,1,MeRA25,"Δεν θα επιτρέψουμε το σκοτάδι του νεοναζισμού και ο φόβος να επιστρέψει στους δρόμους και τις γειτονιές μας, ούτε θα δεχτούμε το ξέπλυμα των εγκλημάτων τους από ένα σύστημα που τους χρησιμοποιεί ως χρήσιμα εργαλεία.","We will not allow the darkness of neo-Nazism and fear to return to our streets and neighborhoods, nor will we accept the whitewashing of their crimes by a system that uses them as useful tools.",mera25-1,1,high,,,,
551c95271db67049c2d3,2026-W39,2026-09-17,GR,mera25,MeRA25,far-left,site_scrape,party_document,mera25.gr,ΜέΡΑ25 app,https://mera25.gr/g-varoufakis-perasan-polla-lefta-apo-tin-elliniki-agora-choris-na-stamatisoun-stous-mikromesaious/,,"Yanis Varoufakis, Secretary of MeRA25, gave an interview on City FM 106.1 criticizing that much money passed through the Greek market without reaching small and medium-sized businesses.",Γιάνης Βαρουφάκης,0,Γιάνης Βαρουφάκης,Πέρασαν πολλά λεφτά από την ελληνική αγορά χωρίς να σταματήσουν στους μικρομεσαίους,Much money passed through the Greek market without stopping at small and medium-sized businesses,mera25-0,1,high,,,,
5903d32d0085d5384fc7,2026-W39,2026-09-20,GR,mera25,MeRA25,far-left,press,press_characterisation,tovima.com,Varoufakis to Stand Trial on Drug Charges - tovima.com,https://news.google.com/rss/articles/CBMifkFVX3lxTE5KclVzQzBfYlYtb1NCVWtMd0xyeFBMT3dLVzFRVDBxVGZRMVFLZE1MbUJCZExybHRmTXhEd0lGOEFPbzRnaUw4QkFCMXRPeHpVQXVVZXg3aVZ6UGFSYWRDY1l2aFp4Mm9OcXlKeC04eUkyZHlqYXNaYXp5bmFFZ9IBgwFBVV95cUxPV2ZLNWV1TXd1YzY1RmJHUmRzbUlzdGY5eEFyMk9NOWIwSGZvSVQ5QTMxRWxIU1JleldvTnlqeUlqUmtBVkZ0eTlvd3B0UEhrU0oxWWhTQ01LcjVIczZ1ZUVUZldFOHpQTTlUT2RveWtpSkh5OGhwMzV6ZEpWdXlTeWJQbw?oc=5,,"Yanis Varoufakis, leader of MeRA25, is reported to face trial on drug charges.",Yanis Varoufakis,,,,,mera25-6,1,high,,,,
09a09bbe6cb4d9e70cbe,2026-W39,2026-09-20,GR,syriza,SYRIZA,far-left,party_search,party_document,syriza.gr,ΣΥΡΙΖΑ-ΠΣ – Επίσημη Ιστοσελίδα του Συνασπισμού Ριζοσπαστικής Αριστεράς,https://syriza.gr/,,"SYRIZA-PS website displays recent statements by party officials including Dourou accusing New Democracy of blackmailing voters with Greek-Turkish relations, Pappas criticizing government fiscal policy with 9 billion surplus, and Arvanitis addressing the European Parliament on far-right rise and demographic crisis.",Rena Dourou; Nikos Pappas; Dimitris Melidis; Giorgos Papaileiou; Kostas Arvanitis; Elena Akrita,0,Rena Dourou,Η ΝΔ εκβιάζει την ψήφο με τα ελληνοτουρκικά,New Democracy is blackmailing the vote with Greek-Turkish relations,syriza-5,1,high,,,,
09a09bbe6cb4d9e70cbe,2026-W39,2026-09-20,GR,syriza,SYRIZA,far-left,party_search,party_document,syriza.gr,ΣΥΡΙΖΑ-ΠΣ – Επίσημη Ιστοσελίδα του Συνασπισμού Ριζοσπαστικής Αριστεράς,https://syriza.gr/,,"SYRIZA-PS website displays recent statements by party officials including Dourou accusing New Democracy of blackmailing voters with Greek-Turkish relations, Pappas criticizing government fiscal policy with 9 billion surplus, and Arvanitis addressing the European Parliament on far-right rise and demographic crisis.",Rena Dourou; Nikos Pappas; Dimitris Melidis; Giorgos Papaileiou; Kostas Arvanitis; Elena Akrita,1,Nikos Pappas,"Με 9 δισ. πλεόνασμα ως τον Ιούλιο, δεν…","With 9 billion surplus until July, not...",syriza-5,1,high,,,,
09a09bbe6cb4d9e70cbe,2026-W39,2026-09-20,GR,syriza,SYRIZA,far-left,party_search,party_document,syriza.gr,ΣΥΡΙΖΑ-ΠΣ – Επίσημη Ιστοσελίδα του Συνασπισμού Ριζοσπαστικής Αριστεράς,https://syriza.gr/,,"SYRIZA-PS website displays recent statements by party officials including Dourou accusing New Democracy of blackmailing voters with Greek-Turkish relations, Pappas criticizing government fiscal policy with 9 billion surplus, and Arvanitis addressing the European Parliament on far-right rise and demographic crisis.",Rena Dourou; Nikos Pappas; Dimitris Melidis; Giorgos Papaileiou; Kostas Arvanitis; Elena Akrita,2,Dimitris Melidis,Μόνο με ισχυρό ΣΥΡΙΖΑ-ΠΣ μπορεί να υπάρξει αλλαγή,Only with a strong SYRIZA-PS can there be change,syriza-5,1,high,,,,
09a09bbe6cb4d9e70cbe,2026-W39,2026-09-20,GR,syriza,SYRIZA,far-left,party_search,party_document,syriza.gr,ΣΥΡΙΖΑ-ΠΣ – Επίσημη Ιστοσελίδα του Συνασπισμού Ριζοσπαστικής Αριστεράς,https://syriza.gr/,,"SYRIZA-PS website displays recent statements by party officials including Dourou accusing New Democracy of blackmailing voters with Greek-Turkish relations, Pappas criticizing government fiscal policy with 9 billion surplus, and Arvanitis addressing the European Parliament on far-right rise and demographic crisis.",Rena Dourou; Nikos Pappas; Dimitris Melidis; Giorgos Papaileiou; Kostas Arvanitis; Elena Akrita,3,Giorgos Papaileiou,Το φασισμό βαθιά κατάλαβέ τον. Δε θα πεθάνει…,Understand fascism deeply. It will not die...,syriza-5,1,high,,,,
09a09bbe6cb4d9e70cbe,2026-W39,2026-09-20,GR,syriza,SYRIZA,far-left,party_search,party_document,syriza.gr,ΣΥΡΙΖΑ-ΠΣ – Επίσημη Ιστοσελίδα του Συνασπισμού Ριζοσπαστικής Αριστεράς,https://syriza.gr/,,"SYRIZA-PS website displays recent statements by party officials including Dourou accusing New Democracy of blackmailing voters with Greek-Turkish relations, Pappas criticizing government fiscal policy with 9 billion surplus, and Arvanitis addressing the European Parliament on far-right rise and demographic crisis.",Rena Dourou; Nikos Pappas; Dimitris Melidis; Giorgos Papaileiou; Kostas Arvanitis; Elena Akrita,4,Kostas Arvanitis,Η Δεξιά συρρικνώνει την Ελλάδα,The Right is shrinking Greece,syriza-5,1,high,,,,
227772d92df990478927,2026-W39,2026-09-19,GR,syriza,SYRIZA,far-left,press,press_characterisation,The Press Project,"Opposition, unions and pensioners condemn Mitsotakis’s TIF measures - The Press Project",https://news.google.com/rss/articles/CBMimAFBVV95cUxQMFVsZll1b3lyUllzNUhldl9oNWM3YnFlNGhDeVZ0Q0FMdkpEMmxCM3cyLVJwc3MtMEhZcWZQS1h6cUQ0S21WVmJVZnRZdHhxWGJScnVQenQ5cmNsZkZWSm5EWGlVTEJhWkNicm1qU2g5OGJBMXlTdVJvVUNJNjNUZDVIQU5xcmx5a2VBSUxhSjE5WnFWSjZxSw?oc=5,,"SYRIZA – Progressive Alliance condemned measures announced by Prime Minister Mitsotakis at the Thessaloniki International Fair (TIF), joining opposition parties, unions, and pensioners in criticism.",SYRIZA – Progressive Alliance,,,,,syriza-3,1,high,,,,
0d7cd4426887c582b1be,2026-W39,2026-09-18,GR,syriza,SYRIZA,far-left,press,press_characterisation,streamlinefeed.co.ke,Independent MP Avlonitis joins PASOK parliamentary group - streamlinefeed.co.ke,https://news.google.com/rss/articles/CBMilAFBVV95cUxPZEFMaW5qTDFJRldhTmNpZzNqRGVFdUpSVER2RVBtaV9rVWMxTFBGeTlBUklfTnVob0YxOVpKVlFCS2RSZEp6MlZUZ2lpeHBJaURIbG5sUVNEeUlUWTFfQVlFdDZZdU1VNVcwR1pLYWhsZUN2SDh4RzJEWDF6Zk1hZGVPZnVDTnBDaVZBcFlrZ1lEd3dD?oc=5,,Independent MP Avlonitis has joined the PASOK parliamentary group.,Avlonitis,,,,,syriza-0,1,high,,,,
7a0023e9ed0a8da956ca,2026-W39,2026-09-21,DE,afd,AfD,far-right,press,press_characterisation,Il Sole 24 ORE,"Linke comes first in Berlin. In Mecklenburg, the AfD stands at 38 per cent and the CDU is out. But Merz says: ‘Let’s press ahead with the reforms’ - Il Sole 24 ORE",https://news.google.com/rss/articles/CBMitAFBVV95cUxONldieDg0NGJ5YkdDTDVfX01iOHR0RjhaejJIN1lGT3p1b0VOWFhRU3Vwd2oyazZxQ2VidC1pOVd0ZUVtYVZUeTF2blIzRHdUMFM4OVo3VTJ4MUtRMk51c0hkUDBvT3dNdEJtLUtnSzYxWFlsMjR0Yzd5Nng5N2tHWnVNTjJodzExUXpMTEtCUUFsVVNySWxsUWFVMzY1UzBVcngtclVvY09wSE04UFlJem11UjA?oc=5,,"The AfD achieved 38 percent support in Mecklenburg according to reported election or polling results, while the CDU was eliminated from representation.",Alternative für Deutschland,,,,,afd-5,1,high,,,,
a810cfa82cb968c29d4b,2026-W39,2026-09-21,DE,afd,AfD,far-right,press,press_characterisation,euractiv.com,AfD wins Mecklenburg-Western Pomerania as Berlin swings left - euractiv.com,https://news.google.com/rss/articles/CBMihAFBVV95cUxNcjY3WWxHRXc2YjgyN3hINmpsN0psaFhtWU04OEtWakljTEhBei1wVEZIYzNhbzY0WkRBNk02YzlSNUh3YzF5ZjVpQlNFZHM4RTE1WXpwNGtlQks1TUN1VE1hLTBjb1dVT2JXcXozMzZ6YVFobnpIaXhrUF8xbEdiS3JKRjk?oc=5,,Alternative für Deutschland won the state election in Mecklenburg-Western Pomerania.,Alternative für Deutschland,,,,,afd-4,1,high,,,,
7b5509d0dd8d29bdcf1d,2026-W39,2026-09-21,DE,afd,AfD,far-right,press,press_characterisation,Hungarian Conservative,"AfD Wins Another Key State, Merz’s CDU on Track to Be Wiped Out in Mecklenburg - Hungarian Conservative",https://news.google.com/rss/articles/CBMisAFBVV95cUxNbC1DRm9CSS1yUlVvcWlvZWtqM2QtVjVKQVNkb1J2Q0wzS2NHd3lOb1lzelNTZDdQel9KY0Z1b1R0eWtJQTBSVGV6ZjdscU1ZVzl5bk1hUVoxUHRSUExwLU16U05BMGtKallKcEF2czQ4S2ZXX0pqdHVOUm1lWjhuX1hjR0dzUTh1NkhtUW5SOVhZb3VOUHBKeVRHMWV3OGthWUxPa29KRUtxQmNDc1laNQ?oc=5,,"Alternative für Deutschland won a key state election in Mecklenburg, while the CDU under Friedrich Merz faced significant electoral losses.",Alternative für Deutschland,,,,,afd-3,1,high,,,,
e002aa6eab3b2cac4a07,2026-W39,2026-09-20,DE,afd,AfD,far-right,press,press_characterisation,Il Sole 24 ORE,"The Left comes first in Berlin. The AfD stands at 38 per cent in Mecklenburg, where the CDU risks being excluded. Merz: let’s press ahead with the reforms - Il Sole 24 ORE",https://news.google.com/rss/articles/CBMirgFBVV95cUxNbUNOdFVITE5kYVNwdmJGLUV5TTFtaFpMX2g5U2ZMWkRqSjF3Q2lfOEVfdTl1OExGRVFqMElBTGpINXVfOEExTUpXUk96Ujhka1FaTURFdTk0S0Y3T1UwXzZlbG1rTkNHdFdQMnFkbm9UVEpDUDMtcGpLWDVTZXFud0diNGdiOTBxRUZuQzZOR0dhdGhycFpqOTFQMmpwcjNLZ2FEdzVpWFN0UFd1bXc?oc=5,,"The AfD is polling at 38 percent in Mecklenburg-Vorpommern, potentially positioning the CDU for exclusion from government formation in that state.",Alternative für Deutschland,,,,,afd-2,1,high,,,,
9658249ffbf9aae54db9,2026-W39,2026-09-20,DE,afd,AfD,far-right,press,press_characterisation,Il Sole 24 ORE,Projections: Die Linke the leading party in Berlin. AfD above 37 per cent in Mecklenburg. Merz: let’s press ahead with the reforms - Il Sole 24 ORE,https://news.google.com/rss/articles/CBMirwFBVV95cUxQNTU2TW80MFBqLUFxYk9hQWFaRWJ2Z0dvdlYyQmdVV0xnV1RGSHRmMVVmU2VSb3dzMGFiV21jcE9NZnhONFpIalQ5VmhYc3pUbl9iOVV2NTNQVWNqWDdqdjVqRVpzTm5LeHRaNTg4RG5EM2NDSlNqMUFqUGVHZkpVU0RGOGFRRmVpdFhuYzFpRjNGY3pXcnRzLVNVQjVWa1lWMWgxbmV1YVg5NnhCaTg4?oc=5,,AfD projected to receive above 37 percent of votes in Mecklenburg regional election.,Alternative für Deutschland,,,,,afd-1,1,high,,,,
6e53dc646ffeda9ae282,2026-W39,2026-09-20,DE,afd,AfD,far-right,press,press_characterisation,Il Sole 24 ORE,Exit polls: Die Linke is the largest party in Berlin. AfD above 37 per cent in Mecklenburg. Merz: let’s press ahead with the reforms - Il Sole 24 ORE,https://news.google.com/rss/articles/CBMivgFBVV95cUxQN0U4WkZLd3BpRVVQa0NqZlJ2SkF5SVVlNnN0OXpVeUgtdm9iUEVMaTdxVEZDWGZacFJDelpQWkRyTkNHX0dJS091MXgxYktuZFFkcGFESlQzemJmZlo0SFlJVHZOZU05eW5mZllGR0YxT0tkU25weF9lbktFcEl1eWdkajlVMU1WalFtbi0zelVMU01MOGs3eEZGNGNuM0g1RHFVSmd5ekJtU3FHaTJoTGNldlRyWUJNRWxlclRR?oc=5,,Exit polls show the AfD received above 37 percent of the vote in Mecklenburg-Vorpommern state elections.,Alternative für Deutschland,,,,,afd-0,1,high,,,,
e7251eded4e78a508ed4,2026-W39,2026-09-18,DE,dielinke,Die Linke,far-left,site_scrape,party_document,www.die-linke.de,Bezahlbares Leben statt Schuldenfalle,https://www.die-linke.de/start/presse/detail/news/bezahlbares-leben-statt-schuldenfalle/,,"Die Linke party chair Luigi Pantisano responds to the Hamburg Institute for Financial Services' over-indebtedness report, calling for government intervention including strict regulation of digital buy-now-pay-later services, higher wages, affordable rents, and free debt counseling nationwide.",Luigi Pantisano,0,Luigi Pantisano,"5,67 Millionen überschuldete Menschen sind vorallem ein Armutszeugnis für diese Bundesregierung.",5.67 million over-indebted people are above all a damning indictment of this federal government.,dielinke-0,1,high,,,,
e7251eded4e78a508ed4,2026-W39,2026-09-18,DE,dielinke,Die Linke,far-left,site_scrape,party_document,www.die-linke.de,Bezahlbares Leben statt Schuldenfalle,https://www.die-linke.de/start/presse/detail/news/bezahlbares-leben-statt-schuldenfalle/,,"Die Linke party chair Luigi Pantisano responds to the Hamburg Institute for Financial Services' over-indebtedness report, calling for government intervention including strict regulation of digital buy-now-pay-later services, higher wages, affordable rents, and free debt counseling nationwide.",Luigi Pantisano,1,Luigi Pantisano,"Digitale Bezahlangebote nach dem Prinzip 'heute kaufen, später zahlen' müssen so streng geregelt werden, dass junge Menschen nicht länger mit einem Klick in die Schuldenfalle gelockt werden.","Digital payment offers based on the principle 'buy now, pay later' must be strictly regulated so that young people are no longer lured into the debt trap with one click.",dielinke-0,1,high,,,,
e7251eded4e78a508ed4,2026-W39,2026-09-18,DE,dielinke,Die Linke,far-left,site_scrape,party_document,www.die-linke.de,Bezahlbares Leben statt Schuldenfalle,https://www.die-linke.de/start/presse/detail/news/bezahlbares-leben-statt-schuldenfalle/,,"Die Linke party chair Luigi Pantisano responds to the Hamburg Institute for Financial Services' over-indebtedness report, calling for government intervention including strict regulation of digital buy-now-pay-later services, higher wages, affordable rents, and free debt counseling nationwide.",Luigi Pantisano,2,Luigi Pantisano,"Wir brauchen gute Löhne, bezahlbare Mieten und bundesweit kostenlose Schuldnerberatungen ohne lange Wartezeiten.","We need good wages, affordable rents and nationwide free debt counseling without long waiting times.",dielinke-0,1,high,,,,
fb3c8ea73c1333aed980,2026-W39,2026-09-21,DE,dielinke,Die Linke,far-left,press,press_characterisation,The Berliner,Berlin Election: Die Linke Are Clear Winners - The Berliner,https://news.google.com/rss/articles/CBMimAFBVV95cUxPajl5aGhLbFVHVHlRclpNaVlvdWp6ODJnUmtZRDNXay1RejBWQjRncm9uWHBpckptTUN6cmZIU0RGbGk1NWoxMF8zaDJhb2lnNmJLcGxpcHZhN1p1WFk5LXRDMElLRDVfVzctS2dXcW1YczBDM0dZb1A0OG41ckFpbS1mOTAzTXdtcU9OaUJHbVRweUNOdUhUNw?oc=5,,"Die Linke emerged as clear winners in the Berlin election held on or before September 21, 2026.",Die Linke,,,,,dielinke-5,1,high,,,,
d6d1f6657873db668596,2026-W39,2026-09-21,DE,dielinke,Die Linke,far-left,press,press_characterisation,Le Monde.fr,Elif Eralp wins Berlin election and becomes new face of radical left - Le Monde.fr,https://news.google.com/rss/articles/CBMi2gFBVV95cUxOUFJZVlB4NkpzWkFmTThXRkgtQUNsZVFvRWtZSXFjS0lxblNqVFYya1M1bUs2U1Y3aUJUbjZ1Z0hYeVdFb0Z2anVyc1hLMS1wSXFyT0tvN01kWFdmTW92Sk5HbDNWVm1HTGZJM2lTbGlLUXR4T2c1NXNvMTFJVzlETDhJakdjcUFRYTE5ZGJhdVBIWEJfYy1QaWN3VHJ3RWFsWUZNWjAwSkxGbkJIa1hLQWEzTjc3Vm9Id1d2RUVHZVFVdkVQVDBYeXVXLV8tVXgyMk1sa3E5WnQ5UQ?oc=5,,Elif Eralp won the Berlin election and is described as becoming the new face of the radical left.,Elif Eralp,,,,,dielinke-4,1,high,,,,
0dc38f6342978ed5a78d,2026-W39,2026-09-21,DE,dielinke,Die Linke,far-left,press,press_characterisation,facebook.com,"The far-left Left Party is projected to win in Berlin city-state elections for the first time. Exit polls on Sunday evening point to them winning around 25% of votes, ahead of the ruling Christian Democratic Union (CDU) with around 19%. The party's lead candidate - facebook.com",https://news.google.com/rss/articles/CBMi4AFBVV95cUxQaGNDbTBTVlhtdDFVbWZCdTZlNERxTXI0THNwRVNkOENfcURzYjJ5NmtocUxVMlpQSTVPWGFlOHU1RXJYenRBd3ZqSDF4MnlxRVJaZUQ1S0ZBNUMzWWlfb0dxUVlHZ0VxZ18wUGhvYnFkdGdIU0JVSWJXNkF2Rkp0RWJZazVwVDh4a3V3bDYyR1RiOGowc2JoclpUYWlCNVFSMFRqYWZoTV9FeG9tRGhaZUZCV1pEUlNTd1ZJVldmZUZMbmtDdGhBMWFGLWZvM0Y4cElqb3JXbXhkMFlyQU13ZA?oc=5,,"Exit polls project Die Linke to win Berlin city-state elections for the first time with around 25% of votes, ahead of the CDU with around 19%.",Die Linke,,,,,dielinke-2,1,high,,,,
c9df9b1a573929c4aa16,2026-W39,2026-09-20,FR,rn,RN,far-right,press,press_characterisation,Kyiv Post,"France Will Not Bow to Russian Pressure, Le Pen, Bardella Say - Kyiv Post",https://news.google.com/rss/articles/CBMiS0FVX3lxTFBvMm1aRUw4YnpvcDFYblVkUzhLNE44Rm4teDhlWnQ1RzJDNUNSTXJ6OUVqSVUyODZ1RlBaVmdRSVUzNEtmNXZNV1Jzdw?oc=5,,Marine Le Pen and Jordan Bardella publicly stated that France will not bow to Russian pressure.,Marine Le Pen; Jordan Bardella,,,,,rn-3,1,high,,,,
3085c8999b9e4b267498,2026-W39,2026-09-20,FR,rn,RN,far-right,press,press_characterisation,ENTREVUE.FR,2027 Budget: Jordan Bardella announces a counter-budget from the National Rally – Politics on Interview - ENTREVUE.FR,https://news.google.com/rss/articles/CBMisgFBVV95cUxQTWNTU01LNzBucWYxVU5sOUxuNElLb0VGM3JrN0U2SzY0LUNmb1dLRE8xRENGMHo5aWNacWhheVdqTlJBdldOV3RCN3I3V0UxTWQ3aTZSUml4OFR0LWR2clM1QnFqaGYzNHZwazU1S3dPbmpJZ0N1ZFJwX1F1bHdvcGc3Z0tsWkc5SEEzcm83RGRtLU1DTnlzOC1VS25ZcURtaWxTaGxXcG1BYzhXWnhOTmx3?oc=5,,Jordan Bardella announced that the Rassemblement National will present a counter-budget for 2027.,Jordan Bardella,,,,,rn-2,1,high,,,,
1bf1a4265c4538aeaa2a,2026-W39,2026-09-18,FR,lfi,LFI,far-left,site_scrape,party_document,lafranceinsoumise.fr,3e RPIMa de Carcassonne : les discours politiques et d’extrême droite n’ont pas leur place dans nos armées,https://lafranceinsoumise.fr/2026/09/18/3e-rpima-de-carcassonne-les-discours-politiques-et-dextreme-droite-nont-pas-leur-place-dans-nos-armees/,,"La France insoumise parliamentary group demands immediate dismissal of a military chaplain and investigation after Le Canard enchaîné revealed he made political statements against ""leftists"" and referenced ""great replacement"" theory during a Saint-Michel celebration at the 3rd Marine Infantry Parachute Regiment in Carcassonne, with the group also announcing they will file a judicial report under Article 40.",La France insoumise,0,La France insoumise,"Les images révélées par Le Canard enchaîné sont extrêmement graves. Lors d'une célébration de la Saint-Michel devant des militaires du 3e régiment de parachutistes d'infanterie de marine, l'aumônier du régiment s'est livré à une diatribe ouvertement politique, s'en prenant aux « gauchistes » et développant un discours faisant écho à la pseudo théorie du « grand remplacement ».","The images revealed by Le Canard enchaîné are extremely serious. During a Saint-Michel celebration before soldiers of the 3rd Marine Infantry Parachute Regiment, the regiment's chaplain engaged in an openly political diatribe, attacking 'leftists' and developing a discourse echoing the pseudo-theory of 'great replacement'.",lfi-2,1,high,,,,
1bf1a4265c4538aeaa2a,2026-W39,2026-09-18,FR,lfi,LFI,far-left,site_scrape,party_document,lafranceinsoumise.fr,3e RPIMa de Carcassonne : les discours politiques et d’extrême droite n’ont pas leur place dans nos armées,https://lafranceinsoumise.fr/2026/09/18/3e-rpima-de-carcassonne-les-discours-politiques-et-dextreme-droite-nont-pas-leur-place-dans-nos-armees/,,"La France insoumise parliamentary group demands immediate dismissal of a military chaplain and investigation after Le Canard enchaîné revealed he made political statements against ""leftists"" and referenced ""great replacement"" theory during a Saint-Michel celebration at the 3rd Marine Infantry Parachute Regiment in Carcassonne, with the group also announcing they will file a judicial report under Article 40.",La France insoumise,1,La France insoumise,Le groupe la France insoumise exige la radiation immédiate de l'aumônier et une enquête immédiate de l'inspection pour établir les faits dans leur entièreté et comprendre notamment comment de tels faits ont pu se produire sans réaction du commandement.,The La France insoumise group demands the immediate dismissal of the chaplain and an immediate inspection investigation to establish the facts in their entirety and understand in particular how such facts could occur without reaction from the command.,lfi-2,1,high,,,,
1bf1a4265c4538aeaa2a,2026-W39,2026-09-18,FR,lfi,LFI,far-left,site_scrape,party_document,lafranceinsoumise.fr,3e RPIMa de Carcassonne : les discours politiques et d’extrême droite n’ont pas leur place dans nos armées,https://lafranceinsoumise.fr/2026/09/18/3e-rpima-de-carcassonne-les-discours-politiques-et-dextreme-droite-nont-pas-leur-place-dans-nos-armees/,,"La France insoumise parliamentary group demands immediate dismissal of a military chaplain and investigation after Le Canard enchaîné revealed he made political statements against ""leftists"" and referenced ""great replacement"" theory during a Saint-Michel celebration at the 3rd Marine Infantry Parachute Regiment in Carcassonne, with the group also announcing they will file a judicial report under Article 40.",La France insoumise,2,La France insoumise,"L'armée française appartient à la Nation tout entière. Aucun courant politique, aucune idéologie et aucun militantisme partisan ne peuvent se l'approprier.","The French army belongs to the entire Nation. No political current, no ideology and no partisan activism can appropriate it.",lfi-2,1,high,,,,
3ca93ca1f372c0feabca,2026-W39,2026-09-18,FR,lfi,LFI,far-left,site_scrape,party_document,lafranceinsoumise.fr,Non à la fermeture programmée du service des urgences de l’hôpital militaire de Metz,https://lafranceinsoumise.fr/2026/09/18/non-a-la-fermeture-programmee-du-service-des-urgences-de-lhopital-militaire-de-metz/,,"La France insoumise deputies on the national defense commission demand cancellation of the planned closure of the emergency service at Legouest military hospital in Metz, scheduled for early 2027, and call for coordination between public health actors to maintain emergency care access.",Christophe Bex; Manuel Bompard; Alma Dufour; Emmanuel Fernandes; Bastien Lachaud; Abdelkader Lahmar; Arnaud Saint-Martin; Aurélien Saintoul,0,La France insoumise,Les députés de La France insoumise exigent l'annulation de cette décision et le renoncement à cette fermeture programmée.,The deputies of La France insoumise demand the cancellation of this decision and the abandonment of this planned closure.,lfi-1,1,high,,,,
3ca93ca1f372c0feabca,2026-W39,2026-09-18,FR,lfi,LFI,far-left,site_scrape,party_document,lafranceinsoumise.fr,Non à la fermeture programmée du service des urgences de l’hôpital militaire de Metz,https://lafranceinsoumise.fr/2026/09/18/non-a-la-fermeture-programmee-du-service-des-urgences-de-lhopital-militaire-de-metz/,,"La France insoumise deputies on the national defense commission demand cancellation of the planned closure of the emergency service at Legouest military hospital in Metz, scheduled for early 2027, and call for coordination between public health actors to maintain emergency care access.",Christophe Bex; Manuel Bompard; Alma Dufour; Emmanuel Fernandes; Bastien Lachaud; Abdelkader Lahmar; Arnaud Saint-Martin; Aurélien Saintoul,1,La France insoumise,"Ils demandent à la ministre des Armées de garantir les moyens nécessaires afin que le Service de santé des armées (SSA), qui opère dans cet hôpital, maintienne l'accès aux soins d'urgence pour les populations civiles et militaires de Metz et de sa région.","They ask the Minister of the Armed Forces to guarantee the necessary means so that the Armed Forces Health Service (SSA), which operates in this hospital, maintains access to emergency care for the civilian and military populations of Metz and its region.",lfi-1,1,high,,,,
7d3a7c9d662c730a6712,2026-W39,2026-09-16,FR,lfi,LFI,far-left,site_scrape,party_document,lafranceinsoumise.fr,Fuites sur la garde à vue de Rima Hassan : les révélations de « Complément d’enquête » mettent en cause Laurent Nuñez,https://lafranceinsoumise.fr/2026/09/16/fuites-sur-la-garde-a-vue-de-rima-hassan-les-revelations-de-complement-denquete-mettent-en-cause-laurent-nunez/,,"La France insoumise demands the resignation of Laurent Nuñez, former Interior Minister, after revelations that he exchanged information with journalists about Rima Hassan's police custody, including details covered by investigation secrecy.",Rima Hassan; Laurent Nuñez,0,La France insoumise,Le ministre de l'Intérieur aurait-il lui-même transmis ou confirmé auprès de journalistes des informations couvertes par le secret de l'enquête ?,Did the Interior Minister himself transmit or confirm to journalists information covered by investigation secrecy?,lfi-0,1,high,,,,
7d3a7c9d662c730a6712,2026-W39,2026-09-16,FR,lfi,LFI,far-left,site_scrape,party_document,lafranceinsoumise.fr,Fuites sur la garde à vue de Rima Hassan : les révélations de « Complément d’enquête » mettent en cause Laurent Nuñez,https://lafranceinsoumise.fr/2026/09/16/fuites-sur-la-garde-a-vue-de-rima-hassan-les-revelations-de-complement-denquete-mettent-en-cause-laurent-nunez/,,"La France insoumise demands the resignation of Laurent Nuñez, former Interior Minister, after revelations that he exchanged information with journalists about Rima Hassan's police custody, including details covered by investigation secrecy.",Rima Hassan; Laurent Nuñez,1,La France insoumise,"Face à ces révélations, Laurent Nuñez doit tirer les conséquences de la gravité des faits mis en lumière. La France insoumise demande sa démission.","In light of these revelations, Laurent Nuñez must draw the consequences of the gravity of the facts brought to light. La France insoumise demands his resignation.",lfi-0,1,high,,,,
7d3a7c9d662c730a6712,2026-W39,2026-09-16,FR,lfi,LFI,far-left,site_scrape,party_document,lafranceinsoumise.fr,Fuites sur la garde à vue de Rima Hassan : les révélations de « Complément d’enquête » mettent en cause Laurent Nuñez,https://lafranceinsoumise.fr/2026/09/16/fuites-sur-la-garde-a-vue-de-rima-hassan-les-revelations-de-complement-denquete-mettent-en-cause-laurent-nunez/,,"La France insoumise demands the resignation of Laurent Nuñez, former Interior Minister, after revelations that he exchanged information with journalists about Rima Hassan's police custody, including details covered by investigation secrecy.",Rima Hassan; Laurent Nuñez,2,La France insoumise,Cette nouvelle affaire met une fois de plus en lumière la gravité des pratiques employées par des membres du gouvernement à l'encontre d'une opposante politique.,This new affair once again highlights the gravity of practices employed by government members against a political opponent.,lfi-0,1,high,,,,
3bf5d857f1e49c9344c2,2026-W39,2026-09-20,FR,lfi,LFI,far-left,press,press_characterisation,ENTREVUE.FR,"Facing Gabriel Attal, Marion Maréchal attacks the immigration record of Macronism and its calls to vote for LFI. - ENTREVUE.FR",https://news.google.com/rss/articles/CBMi0wFBVV95cUxQbWVmam4xTVhaQVgwNGhKQ3NrZlBzY2x1MG9CZDR3Vmd4d0xzY2xUQU5YQ2R6RUJOeWhPbGNvYXBLT29FY0NjZi1fa3d5cEtsTHFKOFRWdzJoWmVJTXBPOXB2NUxKcEhGSWRPSHRzX2NXS0lUMTkzRk1KSTMyX0xDdDB6ZmZVVDV6bXlQMzlyWVk3cGhyT2RQc3d5SFhfNGZ2THkxZ1R3UmwyX1lYM0UtM0dyR2dUblFtZmxZZVhublZTaE0yTkFKY2xzMm1meTNyRmx3?oc=5,,Marion Maréchal criticized Macronism's immigration record and its calls to vote for La France insoumise during an exchange with Gabriel Attal.,Marion Maréchal; Gabriel Attal,,,,,lfi-4,1,high,,,,
54a9177c500497248857,2026-W39,2026-09-20,FR,pcf,PCF,far-left,press,press_characterisation,ENTREVUE.FR,"Fuel: From a tollbooth in the Oise region, Fabien Roussel calls on the French to ""mobilize"" - ENTREVUE.FR",https://news.google.com/rss/articles/CBMivAFBVV95cUxQYnk1N0Q0N1hWVUdZbVJpNGRtRGpjQ1U4UkxTRDlJRlRRLUt1dkkxQW9WLXFSOXhuc1poaEVaMUdwNld1VzVLSDRMUk42dmZET2lCYU56ZjNDVWtzWnBrR0dtdUpPbXFZeUVPLVAybmtrNzRZUGtud0VXSkYxNElxUmo1OTRtSXdlQjV0ZXFzNnJ3Nms4X2gwd1hhbGo4eVItR3YzdWFGR1FfMkhDbTFvY1RsdDFocTFHcUlFNw?oc=5,,Fabien Roussel called on French citizens to mobilize regarding fuel issues from a tollbooth location in the Oise region.,Fabien Roussel,,,,,pcf-0,1,high,,,,
2ea3fb198112706ce631,2026-W39,2026-09-19,FR,reconquete,Reconquête,far-right,press,press_characterisation,Yahoo,Eric Zemmour announces comeback with migrant crackdown pledge - Yahoo,https://news.google.com/rss/articles/CBMioAFBVV95cUxPZU55MXhCY2hKNXd5cEJ4Uk5ycWpqR01iU3pxMnVuTUhPN1RYSlRNMjZZN2VXam02ODJVUC1tMDV5WEtUclpRWDZRLVBUVXlDUXJKOFc1dnlYSmVQS0h0WXBtTzlvemtRci16RE1lYjB2clRvMUthWEtVYWNlbk9xc3pXdHVMblNmOWVROFBfanVpOTh1bG5scGJJbmZqYUZS?oc=5,,Eric Zemmour announces a political comeback with a pledge to crack down on migration.,Eric Zemmour,,,,,reconquete-6,1,high,,,,
7570499b8b6bacb872d4,2026-W39,2026-09-18,FR,reconquete,Reconquête,far-right,press,press_characterisation,Ecostylia,France’s far-right Reconquête leader vows to deport jobless foreigners : his 2027 campaign claims fact-checked - Ecostylia,https://news.google.com/rss/articles/CBMiYkFVX3lxTFBDRkV6LWlEelgxWWM4Y2RPdDFPR3pnYnM1bGZaUVJXN1hPN0hrbjdCUUJ0Nk5zY1A1bWptM2dVNmVfYzRTcjIzaVlnSmVuNFpRWElmeDJiR1JTbDA3ck5YWG93?oc=5,,"Reconquête's leader announced a 2027 campaign pledge to deport unemployed foreigners, with the claims subsequently fact-checked.",Reconquête leader (name not specified in source),,,,,reconquete-4,1,high,,,,
edc3c045abb50e608621,2026-W39,2026-09-18,FR,reconquete,Reconquête,far-right,press,press_characterisation,Inbox.eu,Far-right politician Éric Zemmour joins 2027 French presidential race - Inbox.eu,https://news.google.com/rss/articles/CBMisAFBVV95cUxNZUpoX19XclBSLVg3bVdJSFV5M2VaaGtoejhlQW01MkV6MVAxdW1RTm1KR2F5dUIyX1RRV0RheEdiQktDaXcyeVgxVnBrMnpjckRmeTdBMFFqR1FiNGkxOVNyMjFDU2t4RDhrWWlNZnk3NmF0RHYzeXllbXMyXzBCeVp3TU1lVDZjVW1ROFI1TE5FOHV0REFydWM1Y1E0T1VRX214OVM2bHhHV05ncGJCbA?oc=5,,Éric Zemmour has announced his candidacy for the 2027 French presidential election.,Éric Zemmour,,,,,reconquete-2,2,high,,,,
82506d51a18bb264a3c1,2026-W39,2026-09-18,FR,reconquete,Reconquête,far-right,press,press_characterisation,politico.eu,Far-right Zemmour lets slip French presidential bid - politico.eu,https://news.google.com/rss/articles/CBMivwFBVV95cUxOZFpYcjcycWVjTzA0ek4yWUNvd1E4Z1hWd1ZwYm9TNVJ6Z1YwVW1GZVhzZDVnQkJJVmNBemYxRUtuenZsb3c5dWNfdGJrT1Q5S015OEdJWFpuLVdaVWRYVndiX3RES044NDdfWV9GVzhpemJ4TlhKa0hPWDhQbW1WblFNYmJCZ3lWa1k4NWdJSVdJTC11YjVfM0lKd2NJRW1GdXN2QmM3WW5IeVdKQnJWNFRqRFdIaWdZcGZkTElaRQ?oc=5,,Éric Zemmour has inadvertently revealed or indicated his intention to run in the French presidential election.,Éric Zemmour,,,,,reconquete-3,1,high,,,,
a68cf67922f29d322f5c,2026-W39,2026-09-18,FR,reconquete,Reconquête,far-right,press,press_characterisation,Inbox.lv,Far-right politician Éric Zemmour joins 2027 French presidential race - Inbox.lv,https://news.google.com/rss/articles/CBMisAFBVV95cUxNTkM4SzJIVmE0RWNmR2NCUnlHWFB6bXFoTWxxLUNRMkwzdUl3V1RGM0dCSGQ5Y3dxSldlelEzdXNMRHpka1Btaks0eHNXYXJwazZRQWFXMG4tdGVETHlpbnlCck5mdHZrZnV5d3FTeEYtMWxMZFZPdXloT2pscmV4UTl6XzFYUFJiUzhxa2VFM0hhazVKSXJ2dXRvWUswSWItRDN1R1dZaUtVRWJ3SXlFbg?oc=5,,Éric Zemmour has announced his candidacy for the 2027 French presidential election.,Éric Zemmour,,,,,reconquete-2,2,high,,,,
62203099c410c445aea0,2026-W39,2026-09-18,FR,reconquete,Reconquête,far-right,press,press_characterisation,ENTREVUE.FR,"Éric Zemmour accuses Mbappé of placing ""Islamic solidarity"" above ""French solidarity"" - ENTREVUE.FR",https://news.google.com/rss/articles/CBMiywFBVV95cUxOcW1KMDVGUzdINm1YekVoWW83MGRkN1F5OXFZUHB5alpsZ2cwX3ltb1lOTE43RVBHenlUNDJWaVA2b3drMlFmZk9PQ2dIXzdKZ2N5anE5Nm9mTmVYVmxUTVBaT2hHTmZSYjNYbWlSSkg3YlFuTVFDWlpOeVFJX0ZCN0ZpdFc1UnMtR2pjMU1yMG5QaUIzQzg1VXpXYUhiTEVlTGhkclBQUjVmQlcwZU5wNlJGT1IzYjZIYm1LWFFjSjN1ZVFGZGx5eGRRTQ?oc=5,,Éric Zemmour accused footballer Kylian Mbappé of prioritizing Islamic solidarity over French solidarity.,Éric Zemmour,,,,,reconquete-1,1,high,,,,
f36c58a6ee1063af2665,2026-W39,2026-09-18,FR,reconquete,Reconquête,far-right,press,press_characterisation,Informat.ro,"Éric Zemmour, leader of the Reconquête party, officially announces his candidacy for the 2027 French presidential election - Informat.ro",https://news.google.com/rss/articles/CBMi9gFBVV95cUxQUG0wYzBNalFaSGlEdDJFZkMyTTktd1U0cE15R084ZEZjLVFfV0VJVDNjRHlUNjF6cU5zTnBvaXpiVWUxdWE4MGdsR2JIVE0xNDlHZWZMSEdLV0RoVkQyajB1TGVMNEpyclNFYlpGRVdpcEZ3dFR4eXRZN1E5a1dhX0dRQjEzQ1pzYlB0NEtGczdkLVo4U3lzaGhpaFdGeHJWZjd1M1BOenNmNGdaWFMxU3pHanB4a0tYTEh6UEo5TTdvcThHS0dyeTY4bE44M3E3VlVrSENPeE1aSE52RGQ0QnFfSFZTTkFvNkNabmFuQjU5VHhBTWc?oc=5,,Éric Zemmour officially announced his candidacy for the 2027 French presidential election.,Éric Zemmour,,,,,reconquete-0,1,high,,,,
e1847a4ab214559b7f6b,2026-W39,2026-09-21,AT,fpo,FPÖ,far-right,site_scrape,party_document,www.fpoe.at,Auch ÖVP-Länder greifen FPÖ-Forderung nach niedrigeren Sprit-Steuern auf,https://www.fpoe.at/aktuell/artikel-detailansicht/auch-oevp-laender-greifen-fpoe-forderung-nach-niedrigeren-sprit-steuern-auf,,"FPÖ General Secretary Michael Schnedlitz demands abolition of the CO2 tax and halving of the mineral oil tax to reduce fuel prices, criticizing the government for insufficient action and warning of an impending inflation spiral.",Michael Schnedlitz,0,Michael Schnedlitz,Die FPÖ fordert seit Monaten niedrigere Steuern auf Benzin und Diesel.,The FPÖ has been demanding lower taxes on petrol and diesel for months.,fpo-6,1,high,,,,
e1847a4ab214559b7f6b,2026-W39,2026-09-21,AT,fpo,FPÖ,far-right,site_scrape,party_document,www.fpoe.at,Auch ÖVP-Länder greifen FPÖ-Forderung nach niedrigeren Sprit-Steuern auf,https://www.fpoe.at/aktuell/artikel-detailansicht/auch-oevp-laender-greifen-fpoe-forderung-nach-niedrigeren-sprit-steuern-auf,,"FPÖ General Secretary Michael Schnedlitz demands abolition of the CO2 tax and halving of the mineral oil tax to reduce fuel prices, criticizing the government for insufficient action and warning of an impending inflation spiral.",Michael Schnedlitz,1,Michael Schnedlitz,"Beobachten macht keine Tankfüllung billiger. Die Fakten liegen am Tisch. Es fehlt keine weitere Erkenntnis, sondern die Entscheidung zur sofortigen Entlastung","Observing does not make filling up the tank cheaper. The facts are on the table. What is missing is not further insight, but the decision for immediate relief",fpo-6,1,high,,,,
e1847a4ab214559b7f6b,2026-W39,2026-09-21,AT,fpo,FPÖ,far-right,site_scrape,party_document,www.fpoe.at,Auch ÖVP-Länder greifen FPÖ-Forderung nach niedrigeren Sprit-Steuern auf,https://www.fpoe.at/aktuell/artikel-detailansicht/auch-oevp-laender-greifen-fpoe-forderung-nach-niedrigeren-sprit-steuern-auf,,"FPÖ General Secretary Michael Schnedlitz demands abolition of the CO2 tax and halving of the mineral oil tax to reduce fuel prices, criticizing the government for insufficient action and warning of an impending inflation spiral.",Michael Schnedlitz,2,Michael Schnedlitz,"CO2-Steuer abschaffen und Mineralölsteuer halbieren! Jeder weitere Monat des Zuwartens belastet Pendler, Familien und Betriebe und droht, höhere Kosten für das nächste Jahr festzuschreiben.","Abolish the CO2 tax and halve the mineral oil tax! Every additional month of waiting burdens commuters, families and businesses and threatens to lock in higher costs for next year.",fpo-6,1,high,,,,
c6c3256ce70b7d8e891f,2026-W39,2026-09-21,AT,fpo,FPÖ,far-right,site_scrape,party_document,www.fpoe.at,News,https://www.fpoe.at/medien/news/kategorie/seite?tx_news_pi1%5BoverwriteDemand%5D%5Bcategories%5D=80,,"The FPÖ announced parliamentary inquiries to the Interior and Science Ministers regarding the Austrian Students' Union inviting a former Al-Qaeda member to an event at the University of Vienna, and criticized EU funding priorities for gender projects over AI research and for excluding domestic solar thermal producers while favoring nuclear power and Chinese imports.",Freiheitliche Partei Österreichs,0,Freiheitliche Partei Österreichs,ÖH lädt ehemaliges Al-Kaida-Mitglied zu Veranstaltung ein – FPÖ kündigt parlamentarische Anfragen an Innen- und Wissenschaftsminister an.,The Austrian Students' Union invites a former Al-Qaeda member to an event – FPÖ announces parliamentary inquiries to the Interior and Science Ministers.,fpo-5,1,high,,,,
c6c3256ce70b7d8e891f,2026-W39,2026-09-21,AT,fpo,FPÖ,far-right,site_scrape,party_document,www.fpoe.at,News,https://www.fpoe.at/medien/news/kategorie/seite?tx_news_pi1%5BoverwriteDemand%5D%5Bcategories%5D=80,,"The FPÖ announced parliamentary inquiries to the Interior and Science Ministers regarding the Austrian Students' Union inviting a former Al-Qaeda member to an event at the University of Vienna, and criticized EU funding priorities for gender projects over AI research and for excluding domestic solar thermal producers while favoring nuclear power and Chinese imports.",Freiheitliche Partei Österreichs,1,Freiheitliche Partei Österreichs,Brüssel nutzt Wissenschaft als trojanisches Pferd für linke Umerziehung – FPÖ fordert Stopp der Steuergeldverschwendung und klares Bekenntnis zur…,Brussels uses science as a Trojan horse for left-wing re-education – FPÖ demands a stop to the waste of tax money and a clear commitment to…,fpo-5,1,high,,,,
c6c3256ce70b7d8e891f,2026-W39,2026-09-21,AT,fpo,FPÖ,far-right,site_scrape,party_document,www.fpoe.at,News,https://www.fpoe.at/medien/news/kategorie/seite?tx_news_pi1%5BoverwriteDemand%5D%5Bcategories%5D=80,,"The FPÖ announced parliamentary inquiries to the Interior and Science Ministers regarding the Austrian Students' Union inviting a former Al-Qaeda member to an event at the University of Vienna, and criticized EU funding priorities for gender projects over AI research and for excluding domestic solar thermal producers while favoring nuclear power and Chinese imports.",Freiheitliche Partei Österreichs,2,Freiheitliche Partei Österreichs,Wichtige heimische Zukunftstechnologie von EU-Förderung ausgeschlossen – Atomkraft und China-Importe werden bevorzugt,Important domestic future technology excluded from EU funding – nuclear power and Chinese imports are preferred,fpo-5,1,high,,,,
b782a0df9acdb65afd04,2026-W39,2026-09-21,AT,fpo,FPÖ,far-right,site_scrape,party_document,www.fpoe.at,Harvard-Studie zeigt Erwärmung durch Windparks,https://www.fpoe.at/aktuell/artikel-detailansicht/harvard-studie-zeigt-erwaermung-durch-windparks,,"FPÖ MEP Gerald Hauser announced a parliamentary question demanding the EU Commission investigate and disclose the effects of wind farm expansion on local temperatures and soil moisture, citing Harvard and Chinese studies showing warming effects.",Gerald Hauser,0,Gerald Hauser,"Windkraftanlagen verursachen messbare lokale Klima-Effekte, und trotzdem wird dieses Problem von EU-Kommission, Einheitspartei und Mainstream-Medien konsequent ausgeblendet. Gerade angesichts des heißen Sommers und zunehmender Trockenperioden ist es höchste Zeit, die Auswirkungen des massiven Windkraft-Ausbaus auf Temperaturen, Böden und Dürren ehrlich zu untersuchen","Wind turbines cause measurable local climate effects, and yet this problem is consistently ignored by the EU Commission, the unity party and mainstream media. Especially in light of the hot summer and increasing drought periods, it is high time to honestly investigate the effects of massive wind power expansion on temperatures, soils and droughts",fpo-4,1,high,,,,
b782a0df9acdb65afd04,2026-W39,2026-09-21,AT,fpo,FPÖ,far-right,site_scrape,party_document,www.fpoe.at,Harvard-Studie zeigt Erwärmung durch Windparks,https://www.fpoe.at/aktuell/artikel-detailansicht/harvard-studie-zeigt-erwaermung-durch-windparks,,"FPÖ MEP Gerald Hauser announced a parliamentary question demanding the EU Commission investigate and disclose the effects of wind farm expansion on local temperatures and soil moisture, citing Harvard and Chinese studies showing warming effects.",Gerald Hauser,1,Gerald Hauser,"Die EU-Kommission muss endlich mit offenen Karten spielen. Wenn sie den weiteren massiven Ausbau der Windkraft vorantreibt, muss sie auch offenlegen, welche Auswirkungen dieser Ausbau auf unser lokales Klima, unsere Böden, die Landwirtschaft und zukünftige Dürreperioden haben kann","The EU Commission must finally play with open cards. If it is pushing ahead with the further massive expansion of wind power, it must also disclose what effects this expansion can have on our local climate, our soils, agriculture and future drought periods",fpo-4,1,high,,,,
1b65a33db50c47d4bb3a,2026-W39,2026-09-21,AT,fpo,FPÖ,far-right,site_scrape,party_document,www.fpoe.at,"Treibstoffpreise: Italienische Regierung zeigt, wie es geht",https://www.fpoe.at/aktuell/artikel-detailansicht/treibstoffpreise-italienische-regierung-zeigt-wie-es-geht,,"FPÖ MEP Roman Haider praised the Italian government's suspension of vehicle taxes and fuel tax reductions, demanding Austria adopt similar measures including abolishing the Normverbrauchsabgabe (registration tax), reducing motor insurance tax, and lowering fuel taxation.",Roman Haider,0,Roman Haider,"Die italienische Regierung unter Premierministerin Giorgia Meloni und Verkehrsminister Matteo Salvini zeigt, wie es geht",The Italian government under Prime Minister Giorgia Meloni and Transport Minister Matteo Salvini shows how it's done,fpo-3,1,high,,,,
1b65a33db50c47d4bb3a,2026-W39,2026-09-21,AT,fpo,FPÖ,far-right,site_scrape,party_document,www.fpoe.at,"Treibstoffpreise: Italienische Regierung zeigt, wie es geht",https://www.fpoe.at/aktuell/artikel-detailansicht/treibstoffpreise-italienische-regierung-zeigt-wie-es-geht,,"FPÖ MEP Roman Haider praised the Italian government's suspension of vehicle taxes and fuel tax reductions, demanding Austria adopt similar measures including abolishing the Normverbrauchsabgabe (registration tax), reducing motor insurance tax, and lowering fuel taxation.",Roman Haider,1,Roman Haider,"Das zeigt, dass eine Entlastung der Bürger in Zeiten angespannter Budgets möglich ist. Das gilt ebenso für Österreich",This shows that relief for citizens is possible in times of tight budgets. This also applies to Austria,fpo-3,1,high,,,,
1b65a33db50c47d4bb3a,2026-W39,2026-09-21,AT,fpo,FPÖ,far-right,site_scrape,party_document,www.fpoe.at,"Treibstoffpreise: Italienische Regierung zeigt, wie es geht",https://www.fpoe.at/aktuell/artikel-detailansicht/treibstoffpreise-italienische-regierung-zeigt-wie-es-geht,,"FPÖ MEP Roman Haider praised the Italian government's suspension of vehicle taxes and fuel tax reductions, demanding Austria adopt similar measures including abolishing the Normverbrauchsabgabe (registration tax), reducing motor insurance tax, and lowering fuel taxation.",Roman Haider,2,Roman Haider,"Um die Bürger zu entlasten, halte ich sowohl eine Senkung der motorbezogenen Versicherungssteuer und der Treibstoff-Besteuerung nach italienischem Vorbild wie auch die Abschaffung der Normverbrauchsabgabe für machbar und sinnvoll","To relieve citizens, I consider both a reduction in motor-related insurance tax and fuel taxation following the Italian model, as well as the abolition of the registration tax, to be feasible and sensible",fpo-3,1,high,,,,
174c08cdfbc57d9a3b8e,2026-W39,2026-09-20,AT,fpo,FPÖ,far-right,site_scrape,party_document,www.fpoe.at,"„Vollenden wir, was Jörg Haider begonnen hat!“",https://www.fpoe.at/aktuell/artikel-detailansicht/vollenden-wir-was-joerg-haider-begonnen-hat,,"The FPÖ held a commemorative event in Innsbruck on September 13, 2026, marking the 40th anniversary of Jörg Haider's election as party leader in 1986, with Herbert Kickl calling to complete Haider's political project and presenting Haider's widow with a new party medal.",Herbert Kickl; Markus Abwerzger; Walter Rosenkranz; Roger Köppel; Gerhard Kurzmann; Claudia Haider,0,Herbert Kickl,"Vollenden wir gemeinsam mit der Bevölkerung, was Jörg Haider begonnen hat!",Let us complete together with the population what Jörg Haider began!,fpo-2,1,high,,,,
174c08cdfbc57d9a3b8e,2026-W39,2026-09-20,AT,fpo,FPÖ,far-right,site_scrape,party_document,www.fpoe.at,"„Vollenden wir, was Jörg Haider begonnen hat!“",https://www.fpoe.at/aktuell/artikel-detailansicht/vollenden-wir-was-joerg-haider-begonnen-hat,,"The FPÖ held a commemorative event in Innsbruck on September 13, 2026, marking the 40th anniversary of Jörg Haider's election as party leader in 1986, with Herbert Kickl calling to complete Haider's political project and presenting Haider's widow with a new party medal.",Herbert Kickl; Markus Abwerzger; Walter Rosenkranz; Roger Köppel; Gerhard Kurzmann; Claudia Haider,1,Herbert Kickl,diesen historischen Parteitag 1986 als zweiten Geburtstag,this historic party congress of 1986 as a second birthday,fpo-2,1,high,,,,
174c08cdfbc57d9a3b8e,2026-W39,2026-09-20,AT,fpo,FPÖ,far-right,site_scrape,party_document,www.fpoe.at,"„Vollenden wir, was Jörg Haider begonnen hat!“",https://www.fpoe.at/aktuell/artikel-detailansicht/vollenden-wir-was-joerg-haider-begonnen-hat,,"The FPÖ held a commemorative event in Innsbruck on September 13, 2026, marking the 40th anniversary of Jörg Haider's election as party leader in 1986, with Herbert Kickl calling to complete Haider's political project and presenting Haider's widow with a new party medal.",Herbert Kickl; Markus Abwerzger; Walter Rosenkranz; Roger Köppel; Gerhard Kurzmann; Claudia Haider,2,Herbert Kickl,Nicht Remigration ist das Problem. Das Problem ist die illegale Massenzuwanderung!,Remigration is not the problem. The problem is illegal mass immigration!,fpo-2,1,high,,,,
174c08cdfbc57d9a3b8e,2026-W39,2026-09-20,AT,fpo,FPÖ,far-right,site_scrape,party_document,www.fpoe.at,"„Vollenden wir, was Jörg Haider begonnen hat!“",https://www.fpoe.at/aktuell/artikel-detailansicht/vollenden-wir-was-joerg-haider-begonnen-hat,,"The FPÖ held a commemorative event in Innsbruck on September 13, 2026, marking the 40th anniversary of Jörg Haider's election as party leader in 1986, with Herbert Kickl calling to complete Haider's political project and presenting Haider's widow with a new party medal.",Herbert Kickl; Markus Abwerzger; Walter Rosenkranz; Roger Köppel; Gerhard Kurzmann; Claudia Haider,3,Herbert Kickl,"1970 hatten wir in Österreich 20.000 Muslime, jetzt haben wir 800.000. Ich möchte nicht haben, dass meine Ururenkel dann Bürger eines muslimischen Landes sind","In 1970 we had 20,000 Muslims in Austria, now we have 800,000. I do not want my great-great-grandchildren to be citizens of a Muslim country",fpo-2,1,high,,,,
174c08cdfbc57d9a3b8e,2026-W39,2026-09-20,AT,fpo,FPÖ,far-right,site_scrape,party_document,www.fpoe.at,"„Vollenden wir, was Jörg Haider begonnen hat!“",https://www.fpoe.at/aktuell/artikel-detailansicht/vollenden-wir-was-joerg-haider-begonnen-hat,,"The FPÖ held a commemorative event in Innsbruck on September 13, 2026, marking the 40th anniversary of Jörg Haider's election as party leader in 1986, with Herbert Kickl calling to complete Haider's political project and presenting Haider's widow with a new party medal.",Herbert Kickl; Markus Abwerzger; Walter Rosenkranz; Roger Köppel; Gerhard Kurzmann; Claudia Haider,4,Roger Köppel,Kickl ist einer der wichtigsten Friedens- und Neutralitätspolitiker,Kickl is one of the most important peace and neutrality politicians,fpo-2,1,high,,,,
174c08cdfbc57d9a3b8e,2026-W39,2026-09-20,AT,fpo,FPÖ,far-right,site_scrape,party_document,www.fpoe.at,"„Vollenden wir, was Jörg Haider begonnen hat!“",https://www.fpoe.at/aktuell/artikel-detailansicht/vollenden-wir-was-joerg-haider-begonnen-hat,,"The FPÖ held a commemorative event in Innsbruck on September 13, 2026, marking the 40th anniversary of Jörg Haider's election as party leader in 1986, with Herbert Kickl calling to complete Haider's political project and presenting Haider's widow with a new party medal.",Herbert Kickl; Markus Abwerzger; Walter Rosenkranz; Roger Köppel; Gerhard Kurzmann; Claudia Haider,5,Jörg Haider,Wir werden die Altparteien vor uns hertreiben,We will drive the old parties before us,fpo-2,1,high,,,,
e8d1fc8ca6739982f3d6,2026-W39,2026-09-17,AT,fpo,FPÖ,far-right,site_scrape,party_document,www.fpoe.at,Kindesmissbrauch: ORF verharmlost Skandal um sein Urgestein Günther Paal,https://www.fpoe.at/aktuell/artikel-detailansicht/kindesmissbrauch-orf-verharmlost-skandal-um-sein-urgestein-guenther-paal,,FPÖ media spokesperson and general secretary Christian Hafenecker criticized the ORF for allegedly downplaying child abuse allegations against cabaret artist Günther Paal and demanded that ORF director-general Thurnher take immediate action and distance the broadcaster from Paal.,Christian Hafenecker,0,Christian Hafenecker,"Vom ORF ist man schon einiges gewohnt. Wie jetzt aber versucht wird, den Kindesmissbrauchs-Skandal rund um den seit Jahrzehnten zum ORF-Inventar gehörenden Günther Paal herunterzuspielen und zu verharmlosen, ist ein ORF-Skandal ganz neuer, widerlicher Dimension und muss Konsequenzen haben. ORF-Generaldirektorin Thurnher ist jetzt dringend gefordert, hier sofort aufzuräumen!","We are used to quite a lot from the ORF. But how they are now trying to downplay and trivialize the child abuse scandal surrounding Günther Paal, who has been part of the ORF inventory for decades, is an ORF scandal of a completely new, disgusting dimension and must have consequences. ORF director-general Thurnher is now urgently required to clean this up immediately!",fpo-0,1,high,,,,
e8d1fc8ca6739982f3d6,2026-W39,2026-09-17,AT,fpo,FPÖ,far-right,site_scrape,party_document,www.fpoe.at,Kindesmissbrauch: ORF verharmlost Skandal um sein Urgestein Günther Paal,https://www.fpoe.at/aktuell/artikel-detailansicht/kindesmissbrauch-orf-verharmlost-skandal-um-sein-urgestein-guenther-paal,,FPÖ media spokesperson and general secretary Christian Hafenecker criticized the ORF for allegedly downplaying child abuse allegations against cabaret artist Günther Paal and demanded that ORF director-general Thurnher take immediate action and distance the broadcaster from Paal.,Christian Hafenecker,1,Christian Hafenecker,"Finanzieren mussten diesen zutiefst abstoßenden Beitrag wieder die Österreicher mit der ORF-Zwangssteuer, die ersatzlos abgeschafft gehört.","Austrians had to finance this deeply repulsive contribution again with the ORF compulsory tax, which should be abolished without replacement.",fpo-0,1,high,,,,
e8d1fc8ca6739982f3d6,2026-W39,2026-09-17,AT,fpo,FPÖ,far-right,site_scrape,party_document,www.fpoe.at,Kindesmissbrauch: ORF verharmlost Skandal um sein Urgestein Günther Paal,https://www.fpoe.at/aktuell/artikel-detailansicht/kindesmissbrauch-orf-verharmlost-skandal-um-sein-urgestein-guenther-paal,,FPÖ media spokesperson and general secretary Christian Hafenecker criticized the ORF for allegedly downplaying child abuse allegations against cabaret artist Günther Paal and demanded that ORF director-general Thurnher take immediate action and distance the broadcaster from Paal.,Christian Hafenecker,2,Christian Hafenecker,"Paal ist nach Florian Teichtmeister immerhin der zweite ORF-Star, der auch wegen des Besitzes von Kindesmissbrauchs-Darstellungen in die Schlagzeilen geraten ist.","After Florian Teichtmeister, Paal is the second ORF star to make headlines for possession of child abuse depictions.",fpo-0,1,high,,,,
fb68bdf3f6790ae49203,2026-W39,2026-09-17,AT,fpo,FPÖ,far-right,site_scrape,party_document,www.fpoe.at,"Karner feiert fünf Abschiebungen, während tausende Illegale ins Land strömen",https://www.fpoe.at/aktuell/artikel-detailansicht/karner-feiert-fuenf-abschiebungen-waehrend-tausende-illegale-ins-land-stroemen,,"FPÖ General Secretary Michael Schnedlitz criticized ÖVP Interior Minister Gerhard Karner for celebrating five deportations while thousands of illegal immigrants continue to enter Austria, demanding an immediate asylum stop and remigration policy under Herbert Kickl.",Michael Schnedlitz; Herbert Kickl,0,Michael Schnedlitz,"Der ÖVP-Totalversager im Innenministerium, Karner, feiert sich jetzt wieder für fünf Abschiebungen. Das ist übelste Bürgertäuschung!","The ÖVP total failure in the Interior Ministry, Karner, is now celebrating himself again for five deportations. This is the worst kind of deception of citizens!",fpo-1,1,high,,,,
fb68bdf3f6790ae49203,2026-W39,2026-09-17,AT,fpo,FPÖ,far-right,site_scrape,party_document,www.fpoe.at,"Karner feiert fünf Abschiebungen, während tausende Illegale ins Land strömen",https://www.fpoe.at/aktuell/artikel-detailansicht/karner-feiert-fuenf-abschiebungen-waehrend-tausende-illegale-ins-land-stroemen,,"FPÖ General Secretary Michael Schnedlitz criticized ÖVP Interior Minister Gerhard Karner for celebrating five deportations while thousands of illegal immigrants continue to enter Austria, demanding an immediate asylum stop and remigration policy under Herbert Kickl.",Michael Schnedlitz; Herbert Kickl,1,Michael Schnedlitz,"Österreich braucht keinen ÖVP-Bürgertäuscher und Totalversager im Innenministerium, sondern eine Politik, die den Schutz der eigenen Bevölkerung an die erste Stelle setzt. Das bedeutet einen sofortigen und lückenlosen Asyl-Stopp mit der ‚Festung Österreich'.","Austria does not need an ÖVP deceiver of citizens and total failure in the Interior Ministry, but rather a policy that puts the protection of its own population first. This means an immediate and complete asylum stop with 'Fortress Austria'.",fpo-1,1,high,,,,
fb68bdf3f6790ae49203,2026-W39,2026-09-17,AT,fpo,FPÖ,far-right,site_scrape,party_document,www.fpoe.at,"Karner feiert fünf Abschiebungen, während tausende Illegale ins Land strömen",https://www.fpoe.at/aktuell/artikel-detailansicht/karner-feiert-fuenf-abschiebungen-waehrend-tausende-illegale-ins-land-stroemen,,"FPÖ General Secretary Michael Schnedlitz criticized ÖVP Interior Minister Gerhard Karner for celebrating five deportations while thousands of illegal immigrants continue to enter Austria, demanding an immediate asylum stop and remigration policy under Herbert Kickl.",Michael Schnedlitz; Herbert Kickl,2,Michael Schnedlitz,Nur die FPÖ mit einem Volkskanzler Herbert Kickl wird diese Wende für Österreich herbeiführen und die Sicherheit in unserem Land wiederherstellen!,Only the FPÖ with a People's Chancellor Herbert Kickl will bring about this turnaround for Austria and restore security in our country!,fpo-1,1,high,,,,
0de1fcbce6fbf3361101,2026-W39,2026-09-21,AT,fpo,FPÖ,far-right,press,press_characterisation,worldisraelnews.com,"Right-wing Austrian party apologizes for Holocaust, calls for moving embassy to Jerusalem - worldisraelnews.com",https://news.google.com/rss/articles/CBMiuAFBVV95cUxPZnBTekZFbFlFWWxidXM4VE9OLTRrbmo1Yk1MamdGbXdEdTU5Zk0tSllSSjd1MVEwMWlDb0p0WDBqTTJfT05YNVk1azh6TWdyd1c1MjBUenFKU1VidV9hWVo0TjNMak1fekNYU0FrR1ZLZmpjcE8tYTlNR21JMzlMbFhSaG04WndRRkRIUE5QUWlYbjVfMzFmaDZDbDhFSU96aUxXRXR2a2lrZWdNNEk0LW9sR1pWeGwy0gG-AUFVX3lxTE5hSkFzR2w0cmVmc0pQUGhfVkRURmhMYjdkeHd6YUt4MC1QOV91clQ5WXpUellGU25Fcy1HSnpib0pOY2VDUGNUNGJKbGRaUzFfNGFaVmkxZ3o4UVZlbEJVRHFQVjZjWkg0bm1HQ2FycUt5aERPQlk1MktubTFvczRSZ3ByTWwzajM2ZnBRRUI1WFA1eDVRcmRIMU9QU1JOVllHaGVnWElELXFhbjZUckxyVjJad0hYNjFCTzZ5akE?oc=5,,The Freiheitliche Partei Österreichs issued an apology for the Holocaust and called for relocating Austria's embassy to Jerusalem.,Freiheitliche Partei Österreichs,,,,,fpo-7,1,high,,,,
b0c241bd10e3ea219137,2026-W39,2026-09-18,NL,ja21,JA21,far-right,site_scrape,party_document,ja21.nl,JA21 boekt resultaten bij de Algemene Politieke Beschouwingen,https://ja21.nl/nieuws/artikel/ja21-boekt-resultaten-bij-de-algemene-politieke-beschouwingen,,"JA21 secured passage of two motions during the 2026 General Political Debates requiring the government to present a plan to prevent broad judicial interpretation of the ECHR before the asylum budget debate and establishing a national ban on face-covering clothing at demonstrations, while also presenting a legislative initiative to prevent permanent closure of Groningen gas wells.",Joost Eerdmans; Daniël van den Berg,0,JA21,De inzet van JA21 was helder: dit kabinet moet kiezen. Er is een route naar een meerderheid over links en een route over rechts: de Juiste Route.,JA21's position was clear: this cabinet must choose. There is a route to a majority via the left and a route via the right: the Right Route.,ja21-3,1,high,,,,
b0c241bd10e3ea219137,2026-W39,2026-09-18,NL,ja21,JA21,far-right,site_scrape,party_document,ja21.nl,JA21 boekt resultaten bij de Algemene Politieke Beschouwingen,https://ja21.nl/nieuws/artikel/ja21-boekt-resultaten-bij-de-algemene-politieke-beschouwingen,,"JA21 secured passage of two motions during the 2026 General Political Debates requiring the government to present a plan to prevent broad judicial interpretation of the ECHR before the asylum budget debate and establishing a national ban on face-covering clothing at demonstrations, while also presenting a legislative initiative to prevent permanent closure of Groningen gas wells.",Joost Eerdmans; Daniël van den Berg,1,JA21,"JA21 biedt de enige serieuze, rechtse route naar: Lagere lasten; Minder immigratie; Veilige straten.","JA21 offers the only serious, right-wing route to: Lower taxes; Less immigration; Safe streets.",ja21-3,1,high,,,,
b0c241bd10e3ea219137,2026-W39,2026-09-18,NL,ja21,JA21,far-right,site_scrape,party_document,ja21.nl,JA21 boekt resultaten bij de Algemene Politieke Beschouwingen,https://ja21.nl/nieuws/artikel/ja21-boekt-resultaten-bij-de-algemene-politieke-beschouwingen,,"JA21 secured passage of two motions during the 2026 General Political Debates requiring the government to present a plan to prevent broad judicial interpretation of the ECHR before the asylum budget debate and establishing a national ban on face-covering clothing at demonstrations, while also presenting a legislative initiative to prevent permanent closure of Groningen gas wells.",Joost Eerdmans; Daniël van den Berg,2,JA21,"De regering moet nog vóór de begrotingsbehandeling van Asiel & Migratie met een plan van aanpak komen om te voorkomen dat rechters het EVRM (het Europese mensenrechtenverdrag uit 1950) veel te breed blijven interpreteren, waardoor mensen die hier niet mogen blijven in de toekomst teruggestuurd kunnen worden.","The government must present a plan of action before the Asylum & Migration budget debate to prevent judges from continuing to interpret the ECHR (the European Convention on Human Rights from 1950) too broadly, so that people who are not allowed to stay here can be sent back in the future.",ja21-3,1,high,,,,
b0c241bd10e3ea219137,2026-W39,2026-09-18,NL,ja21,JA21,far-right,site_scrape,party_document,ja21.nl,JA21 boekt resultaten bij de Algemene Politieke Beschouwingen,https://ja21.nl/nieuws/artikel/ja21-boekt-resultaten-bij-de-algemene-politieke-beschouwingen,,"JA21 secured passage of two motions during the 2026 General Political Debates requiring the government to present a plan to prevent broad judicial interpretation of the ECHR before the asylum budget debate and establishing a national ban on face-covering clothing at demonstrations, while also presenting a legislative initiative to prevent permanent closure of Groningen gas wells.",Joost Eerdmans; Daniël van den Berg,3,JA21,Het definitief dichtmetselen van de putten is een historische vergissing.,Permanently sealing the wells is a historic mistake.,ja21-3,1,high,,,,
361cdcd97d7909f98493,2026-W39,2026-09-19,BE,vlaamsbelang,Vlaams Belang,far-right,press,press_characterisation,Anadolu Ajansı,Far-right and far-left surge in Belgian voting poll - Anadolu Ajansı,https://news.google.com/rss/articles/CBMilgFBVV95cUxPWkxoaGxGU0hzS25WSmxpMXNFQThKWGNfbVVYMUpzS3R5Y3I1RVE4RDEtNHFzOTVGZHhMaTc2TENybkhVQ3lxZktiSE4xS2cybzZkUWVxcGMwX3plUEI4S2tyVEhielJDaXN0QU1nOUFITmxZdFRvWmdnOTdOWUJpZTR4ZzB1WkMtLXViT1VBdlloeFg3S3c?oc=5,,A Belgian voting poll shows a surge in support for far-right parties including Vlaams Belang and far-left parties.,Vlaams Belang,,,,,vlaamsbelang-5,1,high,,,,
bee39d3fb8d8fcb17b6b,2026-W39,2026-09-19,BE,vlaamsbelang,Vlaams Belang,far-right,press,press_characterisation,Belga Share,Opinion poll shows strengthened position of extreme left and extreme right in Belgium - Belga Share,https://news.google.com/rss/articles/CBMi2gFBVV95cUxQVHFjaWsxVll0U3UyQWpzYlR4UzBLc3JrbmZoSmt0anJKd05CQmxnM3MzUGNhRFdVaHE2OEd0RWhtZGNqdzdMVnhsajJ3S2pTa3Q0b1pzTEY4M2FlUHpSVjhpZTNjbndWZ1RtdG95V3FrV0RlQVdHNWNOUFFhUXQ3TVpxOHlEODJRTTc1R3Juanh3TzhQT3BrdTUtRVRFRFVfM1J0cjhoZWxCNEpvbE5BdzhyTXhhdVA2a0hucWxzQkQ2N1hydWxKWDNwZXZzY1pfTHZkODJmRkgzZw?oc=5,,An opinion poll indicates that Vlaams Belang's position has strengthened in Belgium alongside the extreme left.,Vlaams Belang,,,,,vlaamsbelang-3,1,high,,,,
0d8839e82232c429a9d2,2026-W39,2026-09-21,SE,sd,SD,far-right,press,press_characterisation,politico.eu,Why the far right lost: 11 lessons for Europe from Sweden’s election - politico.eu,https://news.google.com/rss/articles/CBMiowFBVV95cUxOR2Z3UWRwYUw5R01XdTBkVFpQX0MwekZFSDZJTkp5WW9PczhvMjhOODVtNkY0Z2NRU1VHWUFlQ3pNVEJ5d3dSNGxiQ3hocGV3b2p4aDBDSWtPVHR5LUhkN2k2MzVRNWE4QzhZOFg0TEFNUEN4WWtJdXEyQ0NReS1BM0ZURmFoZDREZVQ0ZmJIa2E1Y2VzQVVGMzZYbFVodnI4MnZJ?oc=5,,"An analysis article examines why the Sweden Democrats and far-right forces lost in Sweden's election, drawing lessons for Europe.",Sweden Democrats,,,,,sd-2,1,high,,,,
ea5f4d21e96e96ddb0de,2026-W39,2026-09-20,SE,sd,SD,far-right,press,press_characterisation,EU Perspectives,It’s done. Swedish voters keep the far right out of government - EU Perspectives,https://news.google.com/rss/articles/CBMipwFBVV95cUxQVXBOc2k3UFdIaFBsQ3A2THR2dEtXZmZqUzFpMkx3TlhETXlDY1BnUTY1X1FCUHEyMjFTZkttRm5FNVZWazRXLUl6aVQ5bFdiUDNQSkZ6MFJfRTdNNFRVWEpGSVRxUkRPb0tEZ2RJNl9XbjY3cHRJa1dWWXp2WUh1NHc2cWxtSDJ2cmdpQ25zNTVTczJrczdfS3h3MHNjeF81NVoySUtaSQ?oc=5,,Swedish voters have excluded the Sweden Democrats from government following an election.,Sweden Democrats,,,,,sd-1,1,high,,,,
62ff63d3a04ca1fb96e7,2026-W39,2026-09-17,SE,vansterpartiet,Vänsterpartiet,far-left,site_scrape,party_document,www.vansterpartiet.se,Adjö Tidö,https://www.vansterpartiet.se/nyheter/adjo-tido/,,"The Left Party (Vänsterpartiet) announced it achieved 8.4 percent in the 2026 election, becoming the fourth-largest party in the Riksdag and its second-best result since World War II, and stated it will begin negotiations to govern Sweden, regions, and municipalities.",Nooshi Dadgostar,0,Vänsterpartiet,"Vänsterpartiet är det parti som växer mest i det här valet. Vi blir fjärde största parti i riksdagen och gör vårt näst bästa valresultat sedan andra världskriget, 8,4 procent!","The Left Party is the party that grows the most in this election. We become the fourth largest party in the Riksdag and achieve our second best election result since World War II, 8.4 percent!",vansterpartiet-0,1,high,,,,
62ff63d3a04ca1fb96e7,2026-W39,2026-09-17,SE,vansterpartiet,Vänsterpartiet,far-left,site_scrape,party_document,www.vansterpartiet.se,Adjö Tidö,https://www.vansterpartiet.se/nyheter/adjo-tido/,,"The Left Party (Vänsterpartiet) announced it achieved 8.4 percent in the 2026 election, becoming the fourth-largest party in the Riksdag and its second-best result since World War II, and stated it will begin negotiations to govern Sweden, regions, and municipalities.",Nooshi Dadgostar,1,Nooshi Dadgostar,"Efter fyra år av en regering som prioriterat de rika, skurit ner i välfärden och som drivit igenom tonårsutvisningar och fört en politik som ställt människa mot människa, är det nu dags att säga adjö till Tidö.","After four years of a government that prioritized the rich, cut welfare and pushed through teenage deportations and pursued a policy that set people against people, it is now time to say goodbye to Tidö.",vansterpartiet-0,1,high,,,,
62ff63d3a04ca1fb96e7,2026-W39,2026-09-17,SE,vansterpartiet,Vänsterpartiet,far-left,site_scrape,party_document,www.vansterpartiet.se,Adjö Tidö,https://www.vansterpartiet.se/nyheter/adjo-tido/,,"The Left Party (Vänsterpartiet) announced it achieved 8.4 percent in the 2026 election, becoming the fourth-largest party in the Riksdag and its second-best result since World War II, and stated it will begin negotiations to govern Sweden, regions, and municipalities.",Nooshi Dadgostar,2,Nooshi Dadgostar,"Det är dags att inleda förhandlingar om att styra Sverige, våra regioner och våra kommuner, med en politik som sätter välfärden, klimatet och den ekonomiska jämlikheten främst.","It is time to begin negotiations to govern Sweden, our regions and our municipalities, with a policy that puts welfare, climate and economic equality first.",vansterpartiet-0,1,high,,,,
fc989fd42ffec9505a9b,2026-W39,2026-09-20,IT,fdi,FdI,far-right,site_scrape,party_document,www.fratelli-italia.it,"Fenix, 20mila presenze. I numeri di un’edizione da record",https://www.fratelli-italia.it/fenix-20mila-preseze-i-numeri-di-unedizione-record/,,"Brothers of Italy's youth wing Gioventù Nazionale concluded its sixth annual Fenix festival in Rome with 20,000 attendees over five days, featuring 160 speeches and an address by Prime Minister Giorgia Meloni.",Giorgia Meloni; Fabio Roscani,0,Fabio Roscani,"Dibattiti, approfondimenti, confronti – anche con ospiti di diverse sensibilità politiche – hanno reso grande questa edizione, la più lunga e bella di sempre","Debates, in-depth discussions, exchanges – also with guests of different political sensibilities – have made this edition great, the longest and most beautiful ever",fdi-0,1,high,,,,
fc989fd42ffec9505a9b,2026-W39,2026-09-20,IT,fdi,FdI,far-right,site_scrape,party_document,www.fratelli-italia.it,"Fenix, 20mila presenze. I numeri di un’edizione da record",https://www.fratelli-italia.it/fenix-20mila-preseze-i-numeri-di-unedizione-record/,,"Brothers of Italy's youth wing Gioventù Nazionale concluded its sixth annual Fenix festival in Rome with 20,000 attendees over five days, featuring 160 speeches and an address by Prime Minister Giorgia Meloni.",Giorgia Meloni; Fabio Roscani,1,Fabio Roscani,"A chi esalta la diserzione contrapponiamo il nostro impegno puro e disinteressato per l'Italia, che da domani continuerà con ancora più slancio e determinazione","To those who exalt desertion we contrast our pure and selfless commitment to Italy, which from tomorrow will continue with even more momentum and determination",fdi-0,1,high,,,,
de935872a11c2d0debc8,2026-W39,2026-09-21,IT,fdi,FdI,far-right,press,press_reported_speech,facebook.com,"DW News. . ""Learn our language, respect our rules."" That's the message from Italian Prime Minister Giorgia Meloni, who has unveiled plans to limit foreign students per class, require some parents to learn Italian, and ban burqas and niqabs in schools. #dwnew - facebook.com",https://news.google.com/rss/articles/CBMi4wFBVV95cUxQbFBrV1VmQ0k0S1JicXZrUmwzVEYtQzRfTEVDWHVnLTJybGFJMlJUSUV6TFEzNzUwSC1zY0o4ZEFPTzBYbm5FUmF3c09kTEZiRkZiUmxuU3htRzA1WHdNVFYyMmhTVWI0alF3OEo2V2VyWGtFcGVxSmZOQ3o3RlU0VnJsUkYzOFl1MTgxZS1sYU53OXlLdU5GWURRX0s3TW9KVUFlSmpkb0ZSSDlIT2RzQ29jSk4tY1VyRGFmQWRxMVllOU53ZlpLelhsN3dHU0Z1QlpNcDE2QWxPWXNxRlN5V0tiZw?oc=5,,"Italian Prime Minister Giorgia Meloni unveiled plans to limit foreign students per class, require some parents to learn Italian, and ban burqas and niqabs in schools.",Giorgia Meloni,0,Giorgia Meloni,"Learn our language, respect our rules.","Learn our language, respect our rules.",fdi-3,1,high,,,,
ad509a401b631b4084b9,2026-W39,2026-09-21,IT,fdi,FdI,far-right,press,press_characterisation,Hungarian Conservative,Italy to Limit Foreign Students in Classes and Ban Face-Covering Garments in Schools - Hungarian Conservative,https://news.google.com/rss/articles/CBMirwFBVV95cUxNX1FkSG9ITWFRTFZJbGdXS2gwSEdNWEoteEUzUHFvcldrUzlrY2E2YS12UTlZVnRDb1pyUXZDVVRvTUJycU9CVDFSQld4Zl9Sb1YyWGRPR3hSV005akd2Tjk3MHlJdVFOSFR1clNFLUpiWnhickFxNXlJR2FmVFpXcXV0VUlvRXE1SURtdXJEdEpoaVhuMXJwLVdxQmhObUt0U1R2dmw3bjB2VHd6Vi1R?oc=5,,Italy plans to limit the number of foreign students in classes and ban face-covering garments in schools.,Brothers of Italy,,,,,fdi-2,1,high,,,,
b0a384079fcd296512ed,2026-W39,2026-09-21,IT,fdi,FdI,far-right,press,press_characterisation,Open Magazine,"Meloni Proposes Burqa, Niqab Ban in Italian Schools, Cap on Foreign Students - Open Magazine",https://news.google.com/rss/articles/CBMirAFBVV95cUxQeG5aVl9rbkhtRXNOZXdUOEpJb0RUTlh4dGllVnJsZHFEek5vTlpyQkZ1TFU5cjR3YTZtci13anFoeUJYMHNrZVdVTnZPNU9wU1JWMnZiZERxTmZtZUN3cnBVdVZQSHNhY3NmVnoyNHZJN3VFZmpPSmdCZEFtZGxnR1JaZnN6MGg4dmR2bV9xMnF5Ry1vTk1UaU43TUNENzRHVFA2OUd3R1IxT0lB?oc=5,,Giorgia Meloni proposes banning burqas and niqabs in Italian schools and implementing a cap on foreign students.,Giorgia Meloni,,,,,fdi-1,1,high,,,,
f55fa4ba96f0beafa868,2026-W39,2026-09-21,IT,lega,Lega,far-right,press,press_characterisation,WTVB,Italy’s Salvini calls congress seeking to tighten grip on League party - WTVB,https://news.google.com/rss/articles/CBMiogFBVV95cUxNZTlFQy1HaXVMSEE3MHpJX2hjYm9PTEp1R2NyNVl0MmJuTVo1dldCeFQwX1ltdU9PMEg2Q0w2UUUyZ2lWdDgwWnRkczBrUnJaNGtvbjRDNlU4UTA2OEoyZS1vTGlnOTlHNXU1RjVYYktyeDc2VTVwVzhYOGNJZEtIQXVpeHBRU3dtSXN5M2VXMFlIZ0k2eXRPZ0NkdGV3Q0dfWHc?oc=5,,Matteo Salvini has called a party congress for Lega per Salvini Premier with the aim of tightening his control over the party.,Matteo Salvini,,,,,lega-7,1,high,,,,
29c70cbe75e74c443066,2026-W39,2026-09-21,IT,lega,Lega,far-right,press,press_characterisation,Internazionale,Italy’s Salvini calls congress seeking to tighten grip on League party - Internazionale,https://news.google.com/rss/articles/CBMizwFBVV95cUxNelMySnJmX0g0dWc3RHozSTZHMnRtV0ZVUHhlRmxYaTd1SVIzdVoyR2ZITWNaUi1OcjhOVHZCYVhTb0lHMTVXSzFlVW1iRFdZM1ZuWmJ1WVpBSWNiVmdNN1RmWFM4aFBEUlVxRzlhX3ViLWgxLWVxVFYweDJCazdqZlVtNTYwUDVBQ0dEVUFFVlF6cHpIMGlyaTl2NXRfUUYzWVplcVdIV2J1aGlZZTNhTHFrVkg4TVlSVVcwaWdJT25PQVdFN2I5TTNXQzAxcEU?oc=5,,Matteo Salvini has called a party congress for the Lega per Salvini Premier with the apparent aim of consolidating his control over the party.,Matteo Salvini,,,,,lega-6,1,high,,,,
eff3174799e7bfe306b1,2026-W39,2026-09-21,IT,lega,Lega,far-right,press,press_characterisation,Il Foglio,Salvini calls a party congress ahead of the major purge - Il Foglio,https://news.google.com/rss/articles/CBMitgFBVV95cUxQc21QMmxtLWM0bW5jMmpKdVd0QWVoZzNlLU1nRS1ibm1RZW5ZVk1SV3RTTmdXSzNSRVFxWTJNVzBXVlBScHhrN0I2NXVGN0hsYzJqVmZ3R2t5WHlhTTdpS1RWN3ptVDNfRDRhdFp2MEpnaXROeUlNb1N2NmFXTk5FbXNzajhWWmpZN0c2ZVY0N2lxNGdtVjJxOHB5NU5EQndIZWp4ak9sTi1jdUFkT0JvNmpJc3FWdw?oc=5,,"Matteo Salvini has called a party congress for Lega per Salvini Premier, reportedly in preparation for a major internal purge.",Matteo Salvini,,,,,lega-4,1,high,,,,
07f87ea977b0a3eac1c1,2026-W39,2026-09-21,ES,vox,Vox,far-right,press,press_reported_speech,Demócrata,"Abascal, ""outraged"" with the Government over the alerts of a new leap to Ceuta: ""The border is open"" - Demócrata",https://news.google.com/rss/articles/CBMizAFBVV95cUxPeVVmWi1MY2lFcnRQM0pueUc4dDM4NVVLYk9wZERCcUlsTElkZTVibXhXZFJRb1BYdmcwWlUxa2p4Wk82cTh4UklQeUU4eUhhMzVuVmVOdHRfamtFS1g2azQydzhaeWM1N1BNMEd3eGk3dXpjc2xLdDU0NFJFMlphZzAxME1IY29VN19RNmpXYm9RYnJGbElqV1JXUWVuQ21pZFNVTlJESlpWNkVrT19VcHJic2hkczhFbXFHa2hPSnEyS3J0YzRwRWNEckLSAdIBQVVfeXFMTlVUcFU0by1Cb1VldFg4QXFxVVZWV1J5WmUwbDZKeG90Y25pVkVjMTdRUDFEODlwa0tab2RONVdSNE9RTHhBVllscjB5LTBYa0RHN2lvTHExMnFWUGZnMXVtUlIwRVRSN05kTHF1aHQzNEFqaWNTMkdvVXBWR2ZGcG9PSFRXYVRISjdDd3VybjgxemJsZ2pYTDUtV3ZfODFJcUItTmhuRWgxVjNXSktjZXdHMlBGWUpMWWdGbF9OY3hhal9qTVpTUTl3WDFMTnlPWHBB?oc=5,,"Vox leader Santiago Abascal expressed outrage at the Spanish Government regarding alerts of a new migration attempt to Ceuta, stating that the border is open.",Santiago Abascal,0,Santiago Abascal,La frontera está abierta,The border is open,vox-3,1,high,,,,
a3171e313b00a28883c1,2026-W39,2026-09-20,ES,vox,Vox,far-right,press,press_characterisation,Morocco World News,Sanchez Accuses PP and Vox of Exploiting Ceuta Crisis for Political Gain - Morocco World News,https://news.google.com/rss/articles/CBMivgFBVV95cUxNTHFFWDRLeXRzeGtaMEJzSUk1dy1PU3h0ZEloOVh0TndiS2Q4UEtmNHk2elR1WHFmdGl0SEN2cE1nc2V2TmJGalhtOHZaVGJIa3FzaWx4M1RGNzZTUGhDdEtSTWIzYkVEejBNbWJrQU40Zk1CRnlub2hUUndicDJ0akh0ZVI1VEI5eGxObjhxMi13QzF4WFFDbjdJSjFSQmtIVHlQYUJjenlmLTZxOHhJYzBMLXRMdUpYeVhGTWN3?oc=5,,Spanish Prime Minister Pedro Sánchez accused the opposition parties PP and Vox of exploiting the Ceuta crisis for political gain.,Pedro Sánchez,,,,,vox-1,1,high,,,,
96cb602aef366c3a671c,2026-W39,2026-09-20,ES,vox,Vox,far-right,press,press_characterisation,breitbart.com,Man Arrested After Allegedly Attempting to Attack Spanish Anti-Mass Migration Leader - breitbart.com,https://news.google.com/rss/articles/CBMiyAFBVV95cUxNWmZuTDhVR0UzdndMcTBFTTgweEN5Q2lNcDg4Q1ZDTjRvTE5ta1c2SVVnZE5wTk1yNmY2S291eWZKOGozbGlLb3FzQlpPaE5TUGlOR0FJMU82aWJXNnRCSHdTSUdCWjRrZG5UOUV6Q2t3UENYem95T19COTJfYUZXbGdkZWNYZlp1VEsxWVNhX1A4aE92R3hQTGExTVlBTzExTGVwV2N3TEkwck9pLTBRSXVFSFBfRjVkdEZmS0JPNjdsYUFQV19WbtIBzgFBVV95cUxOZldYcWlXU0lkcTBrd1N0cjZ3ak1Jb0QzY2N1dkpvYW13Q1RJdHB5RWxDVGhzRDVqdG5HclVBRnZyQktaOVBRMng4V0JWVFJ0RmVwaVFPb1Fub3dWeDdVY1V6Q1RqQWx1NnVEQ1Y5bWczbXl4anZyTXdlOFpadGRvb0N4UGczUkVkMF9qenZfVnRoTmp6aW9LNFlRNmFieC1vZEc5Yi1FdzZrQXhIS3lIOVZDUHZmdGV1T2l2enMtdXpSU3lDek13U1V5a0N0dw?oc=5,,"A man was arrested after allegedly attempting to attack a Spanish anti-mass migration leader, according to a Breitbart report dated September 20, 2026.",,,,,,vox-0,1,high,,,,
9e48234904eb9d844a14,2026-W39,2026-09-20,ES,podemos,Podemos,far-left,press,press_reported_speech,Demócrata,"Sumar and Podemos applaud the victory of La Izquierda in Berlin and praise their housing policies: ""That is the way."" - Demócrata",https://news.google.com/rss/articles/CBMi5gFBVV95cUxPWGxfbFYwUUI4SDRYMGNab1huLUJoWUVXUDJVQ2h5aXlPWHFnUWlkbmFaY2JkNDlEc0tCTFRkVk42QllUcVdHdElzSnk1ako5OU11VEltOXEtZ0VISW1pbkVkQndERDN1dUNjTXU3MVRYVDZFVTd1Y1ZyZHU3TGFVRERVTGlhTUoxSkp5LTdkM3RaMnp2alpHQ1dKNy1kYWdXZ2t6TUh2Nk52SmUtRHllejhxb0tyQk1RSTB1MXU1aHVzRjZ4ZmpTN2Z2V0wwdzB3cGRWMWswbmhLbmo5VWx6QlFzWVhrQdIB6wFBVV95cUxNLUMyamVlR1BSOXVkcUFra3BUdG50b3ZRZGVzRzR2SXNlUThQN3BqRlNYb19LZ21vdTZya2NlVUg5QkN0dmVxd21Jelkzd1ZGNXdzUmtvZkZ4emw1aWxpRjFMYzFlYlhOeWVNT0NibkxyVXV4MGRwMGdZc2Q3VUVreVNicjlmQ0lvUkh6am9ybnVpOVlSTFlXTWxYUXUyMlhDSHRyZW52cWZ1VG1GeTZRYnBQQ3NTdlR6QWVwZHk0TWswNVJDXzhQYXpvS1cxeC1QaXNIVHdlc0dMZXVBMVlhaDFjQjc1bHB3T2Rr?oc=5,,Podemos and Sumar publicly praised the electoral victory of Die Linke (La Izquierda) in Berlin and endorsed their housing policies as a model to follow.,Podemos; Sumar,0,Podemos or Sumar,Ese es el camino.,That is the way.,podemos-5,1,high,,,,
b8f36f19e0f53ecdfba9,2026-W39,2026-09-20,ES,podemos,Podemos,far-left,press,press_characterisation,Demócrata,The Congress decides on Tuesday about the Podemos law to retire early without cuts with 40 years contributed. - Demócrata,https://news.google.com/rss/articles/CBMi_wFBVV95cUxPQXB6RHg5OUVpS0Z1a192WlRTbFNPOHYtM1JOZHpGMVp5Mm9DWE4xWGRSRVJ6N3JFekJlbW5xay04ZGJ6Nk1mS3VkRmlHUmJhNXVHeTNtUEdyNFhHRmdjOExXdFJIcE9YM3JrS2ZfV29fUE5KNlFnSlVqeHdYQXRidVlOSmNfREdBWnBwekdwbDRGWmJqZ0VKakJMQTgyZi0tc2Z1dkNlbGpGRFJXY25vclFfd1ZTeEJXT2VpMGVtQm5IVV91ZENxby0zQmNGZlRyMzRKbmVMTlNBNThQelExeXhsQ1R3Z2Z0bnpiNnoxQU8tMlBCRVBOWTBwSW9hdUXSAf8BQVVfeXFMT0FwekR4OTlFaUtGdWtfdlpUU2xTTzh2LTNSTmR6RjFaeTJvQ1hOMVhkUkVSejdyRXpCZW1ucWstOGRiejZNZkt1ZEZpR1JiYTV1R3kzbVBHcjRYR0ZnYzhMV3RSSHBPWDNya0tmX1dvX1BOSjZRZ0pVanh3WEF0YnVZTkpjX0RHQVpwcHpHcGw0RlpiamdFSmpCTEE4MmYtLXNmdXZDZWxqRkRSV2Nub3JRX3dWU3hCV09laTBlbUJuSFVfdWRDcW8tM0JjRmZUcjM0Sm5lTE5TQTU4UHpRMXl4bENUd2dmdG56YjZ6MUFPLTJQQkVQTlkwcElvYXVF?oc=5,,The Spanish Congress will vote on Tuesday on a Podemos-proposed law allowing early retirement without pension reductions for workers with 40 years of contributions.,Podemos,,,,,podemos-3,1,high,,,,
82674aa432a31ae06fdc,2026-W39,2026-09-19,ES,podemos,Podemos,far-left,press,press_characterisation,Diari ARA,Can Podemos now mark the pace of Sumar: will there be a joint candidacy? - Diari ARA,https://news.google.com/rss/articles/CBMiqAFBVV95cUxNVmZKS2N3eUVtSnZycHNxSW5vM01HX3lHV0FIOEQ2dHFXRXBVN0YzLVBwQ2VKOHBJMHJOTWl3ZS1ScHB5NUFGYkZSTWJ2akJhaHYwRGY0U2F4X01XaS1FbTNXUG12MG5VejVrVkxGWDRqemkyNXZ2b3VQU3h6T3BrWXdsQ0Jsd0xyb0ctSXdtZ2ZWNkZYdEhlQk5BRzlDWkViaU9QTnJrZWzSAa4BQVVfeXFMT0VDaTRLWEx6Y3FGVHJMSGVqVVpoTTJoUEloVlRkNVJNRU4xWUFkanc1UjJXS0RIUzhpUTR2Z0wyam1Wc2dhR3I4S2ttMmpBV2FmaTFfSWlBTmdOMGl3c2pnWkZtWm5mTXhEVjlKZWtqSXpBSlRJQmk4LXh2azd0VVRidGMxYW1rWTBrRkt3Sjk1M05PdzROQ0gtSXVUYzc1WDFTOTdOUjRIUXl6Ylhn?oc=5,,The article discusses whether Podemos can now set the pace for Sumar and whether there will be a joint candidacy between the two parties.,Podemos; Sumar,,,,,podemos-1,1,high,,,,
ab6351a026149495a971,2026-W39,2026-09-19,ES,podemos,Podemos,far-left,press,press_characterisation,El Constitucional,PSOE and Sumar prepare General Budgets with a strong social focus to confront the far-right despite the blockade by Junts and Podemos - El Constitucional,https://news.google.com/rss/articles/CBMipAJBVV95cUxQQmRhODBkX3QxR21rUzFJT1BRVzZ5eTBKbWpNbDlEZ3JyNGk5Z0NZS283MkZiUTBmTUtYZVZHTFlDWWVBcFg3dFh3anBKdzBRTGlWeG9jQjZYb1dyX2JfVmhjaUhtTDI0MG45U1ZHQ2JQNlc2cWVLV2d3WUhnMmFvdlZodWpLZWZLWEQ4eUExbW9feDFKRTYwMW5McXJVTXJMLW5YXzlpSlhWZDRaLVFTSDlhZnZNdng0MnRqVUpBbWFCaWU3UDRuQ0FhcXdFX1dWYU9jaUpPVi1rLU9pVzF1OXMzS0VobERHYTU4NXgteGlmZDlkZy1wbGtKM3Rtb2Z2NHdWc2VWaEU5aV9zdG1YdnB3WlpGaERNUnprZzNBdTE0dEZB?oc=5,,PSOE and Sumar are preparing General Budgets with a strong social focus while facing a blockade from both Junts and Podemos.,PSOE; Sumar; Junts; Podemos,,,,,podemos-0,1,high,,,,
096e121a529b0138c870,2026-W39,2026-09-20,GB,restorebritain,Restore Britain,far-right,press,press_characterisation,lbc.co.uk,Woman arrested after 'Restore campaigner punched in face' while handing out campaign leaflets - lbc.co.uk,https://news.google.com/rss/articles/CBMiekFVX3lxTE5rdHFHOHRaUnQxS2toNDg2cnZjaWF0YUdQWEdOc0RjTFVCaGlYNkZFLS1TaWRpaFhhajgxNjBpR2l3dVJDTlRHTGE5MG9QZXRhSURDQzlpT0hLT3RManVYVUJrS1U1VkpVYTlOQ0p1cnJEX2dNa280OGt3?oc=5,,A woman was arrested after allegedly punching a Restore Britain campaigner in the face while the campaigner was distributing campaign leaflets.,,,,,,restorebritain-3,1,high,,,,
e638e4be52747aaf6950,2026-W39,2026-09-20,GB,restorebritain,Restore Britain,far-right,press,press_characterisation,Searchlight Magazine,Rupert Lowe’s Camden meltdown: Stop calling our nazis “nazis” - Searchlight Magazine,https://news.google.com/rss/articles/CBMinwFBVV95cUxQX2s4T1NoaTlwUmFYckEyMUhTVUpjR3VxSm1vNnQtQWluSlZCYXNmVGFLaDMwT09ZcUZqQm41UVcwT1F2Y0FLS0x0dGdYMVZYaEZlNXdHU2NSelJ6cm95UkROQVU1NGpnaUpIR2VfOFVwamR3TjlVcXNTV1V4OFMxbndCU0lFVUJMdW0tdG0zT2pjRmZxQWNhaUdJaTNWWTg?oc=5,,Rupert Lowe made a public statement in Camden objecting to characterizations of individuals associated with his party as nazis.,Rupert Lowe,,,,,restorebritain-1,1,high,,,,
742482e2bf3241af8cb8,2026-W39,2026-09-20,GB,restorebritain,Restore Britain,far-right,press,press_characterisation,london-now.co.uk,Woman arrested after Restore Britain campaigner punched during 'anti-racist' protest - london-now.co.uk,https://news.google.com/rss/articles/CBMimAFBVV95cUxQQ3lKa2JVandzVmhKNzVlN3dRVUxmbDBWUkNsZ1h2SnNvQUxicnZxU3hxeXRfbEJHckcwTi1UeUNaVEJXQnRSb3FZV0JrOFQxTTJEV1AyLXUxajFYbGNZVl9hT0x4Wk5teXhKcXdaN2xsWTVSWER2YWIyRWVHNUp1WVEwOGFBaWR5eGpod0hmQ1hGcVlFUDBMNA?oc=5,,A woman was arrested after a Restore Britain campaigner was punched during an anti-racist protest.,,,,,,restorebritain-0,1,high,,,,
f73d67da49517fc467ba,2026-W39,2026-09-19,GB,greenparty,Green Party,far-left,press,press_characterisation,The Times,The childhood refugee fighting Zack Polanski for Starmer’s seat - The Times,https://news.google.com/rss/articles/CBMiuAFBVV95cUxPQ21wNzMtZVpLTmJhbElZVFBacTBSSHJ2bTJ3bjgxUGJWUXZPQVhxdk9oc1VqWG9DakhPeE95cFVfZEpkTHJSXzFuSE9tSzZjSmxWZ1RpMVBmVXNmZEVURGIyRkN0VGR4U20yMjlGTGlRbUw4N2dDMHZDcFcxQU9tcHBPZUl2V3pHdHpiUWlBUHZFcWxGdHlKQktMT2paYVg1Mi1INXExZmtuVElOcVpQUEJSMXM3T2NC?oc=5,,Zack Polanski is contesting Keir Starmer's seat against a childhood refugee candidate.,Zack Polanski,,,,,greenparty-3,1,high,,,,
6de3101a8848c7531305,2026-W39,2026-09-19,GB,greenparty,Green Party,far-left,press,press_characterisation,The Independent,Zack Polanski speaks Bengali in bid to reach by-election voters - The Independent,https://news.google.com/rss/articles/CBMiswFBVV95cUxNTDF0b05hVWF6VVF2UElacm1Wbk1JenRVUXhXaXJFdjZURHZxR2llZ0FtTlRXcF9FT3hlNkNVTkNLNDczUDdnczZKSFN3X2gxNGNfc0NLdlJkejluTUpJVGxVOGhySWxnSU9JUWk3S19jQmV5SXdLOE4wREppaDlpUEMxTHZyQzZrT3VSNENjWEM2Nk5WclBGLVdiWkpJbjNuMXhOY0JrQkpRSFVUVi1tNU5DWQ?oc=5,,Zack Polanski is using Bengali language in campaign efforts to reach voters in a by-election.,Zack Polanski,,,,,greenparty-2,1,high,,,,
513e71d34cf42b74ed42,2026-W39,2026-09-18,GB,greenparty,Green Party,far-left,press,press_characterisation,AOL.com,Green Party considered conference delay to focus on Zack Polanski’s by-election bid - AOL.com,https://news.google.com/rss/articles/CBMiiwFBVV95cUxOSVllN3VVSzVDeEEweEppN040UHI5TG1lZjF2WWI3VTdsTzhab2xpXzRUNXRsV21zWTluclltdGgxMEdIZWdoTkVUVVgxSDdHSWhDVGJ6TElyaVBQOXdReDUxT2xiZFZCWkJFanhFQ1pLR2NkbHVRTXp1YmV2YkRfem91QU1fNDVHamE4?oc=5,,The Green Party of England and Wales considered delaying its conference to focus resources on Zack Polanski's by-election campaign.,Zack Polanski,,,,,greenparty-0,1,high,,,,
3a3f278b955e9ae5cbc7,2026-W39,2026-09-18,PT,pcp,PCP,far-left,site_scrape,party_document,www.pcp.pt,Partido Comunista Português,https://www.pcp.pt/governo-psdcds-nao-tem-solucoes-para-enfrentar-aumento-do-custo-de-vida,,"Paula Santos, President of the Parliamentary Group and member of the Political Committee of the Central Committee, criticized the PSD/CDS government for lacking effective solutions to address the rising cost of living and proposed measures including diplomatic intervention to stop war and sanctions, wage increases, a 50-euro pension increase effective from July 1, price controls on essential goods and services, and support for affected sectors.",Paula Santos,0,Paula Santos,"O Primeiro-Ministro perdeu uma oportunidade para apresentar soluções efectivas para enfrentar o aumento do custo de vida, optando por mais uma acção de propaganda, com o anúncio de medidas que, em grande parte, já tinham sido apresentadas.","The Prime Minister missed an opportunity to present effective solutions to face the increase in the cost of living, opting for yet another propaganda action, with the announcement of measures that, for the most part, had already been presented.",pcp-3,1,high,,,,
3a3f278b955e9ae5cbc7,2026-W39,2026-09-18,PT,pcp,PCP,far-left,site_scrape,party_document,www.pcp.pt,Partido Comunista Português,https://www.pcp.pt/governo-psdcds-nao-tem-solucoes-para-enfrentar-aumento-do-custo-de-vida,,"Paula Santos, President of the Parliamentary Group and member of the Political Committee of the Central Committee, criticized the PSD/CDS government for lacking effective solutions to address the rising cost of living and proposed measures including diplomatic intervention to stop war and sanctions, wage increases, a 50-euro pension increase effective from July 1, price controls on essential goods and services, and support for affected sectors.",Paula Santos,1,Paula Santos,"Ficou claro que o Governo PSD/CDS, a par de IL, Chega e PS, se recusa a beliscar um euro dos lucros dos grandes grupos económicos, obtidos à custa dos sacrifícios impostos aos salários e às pensões.","It became clear that the PSD/CDS Government, alongside IL, Chega and PS, refuses to touch a euro of the profits of the large economic groups, obtained at the cost of sacrifices imposed on wages and pensions.",pcp-3,1,high,,,,
245462193a0f43e56a5e,2026-W39,2026-09-18,PT,pcp,PCP,far-left,site_scrape,party_document,www.pcp.pt,Partido Comunista Português,https://www.pcp.pt/investir-no-transporte-publico-reforcar-oferta-intermodalidade-reduzir-precos,,"The Portuguese Communist Party announced it will present parliamentary initiatives to fix intermodal transport passes at 20 euros in metropolitan areas from January 1st, extend this pricing to all intermunicipal communities, introduce free transport for those over 65, and invest in expanding public transport capacity including railway maintenance.",Partido Comunista Português,0,Partido Comunista Português,"O PCP defende a progressiva redução do preço dos transportes públicos a caminho da sua gratuitidade, num processo acompanhado pelo aumento da oferta e da intermodalidade.","The PCP defends the progressive reduction of public transport prices towards their gratuity, in a process accompanied by increased supply and intermodality.",pcp-2,1,high,,,,
245462193a0f43e56a5e,2026-W39,2026-09-18,PT,pcp,PCP,far-left,site_scrape,party_document,www.pcp.pt,Partido Comunista Português,https://www.pcp.pt/investir-no-transporte-publico-reforcar-oferta-intermodalidade-reduzir-precos,,"The Portuguese Communist Party announced it will present parliamentary initiatives to fix intermodal transport passes at 20 euros in metropolitan areas from January 1st, extend this pricing to all intermunicipal communities, introduce free transport for those over 65, and invest in expanding public transport capacity including railway maintenance.",Partido Comunista Português,1,Partido Comunista Português,Nesse sentido o PCP irá apresentar na Assembleia da República iniciativas que assegurem o financiamento a partir da Administração Central dos meios necessários para: - fixar nos 20 euros o valor do passe intermodal nas áreas metropolitanas já a partir de 1 de Janeiro,"In this sense, the PCP will present initiatives in the Assembly of the Republic that ensure financing from the Central Administration of the necessary means to: - fix the value of the intermodal pass in metropolitan areas at 20 euros starting from January 1st",pcp-2,1,high,,,,
245462193a0f43e56a5e,2026-W39,2026-09-18,PT,pcp,PCP,far-left,site_scrape,party_document,www.pcp.pt,Partido Comunista Português,https://www.pcp.pt/investir-no-transporte-publico-reforcar-oferta-intermodalidade-reduzir-precos,,"The Portuguese Communist Party announced it will present parliamentary initiatives to fix intermodal transport passes at 20 euros in metropolitan areas from January 1st, extend this pricing to all intermunicipal communities, introduce free transport for those over 65, and invest in expanding public transport capacity including railway maintenance.",Partido Comunista Português,2,Partido Comunista Português,promover a gratuitidade para os maiores de 65 anos a partir de 1 de Janeiro,promote free transport for those over 65 years old from January 1st,pcp-2,1,high,,,,
4f0045c0596a85cb41ab,2026-W39,2026-09-18,PT,pcp,PCP,far-left,site_scrape,party_document,www.pcp.pt,Partido Comunista Português,https://www.pcp.pt/aumento-do-custo-de-vida-tempo-de-romper-com-injusticas-mudar-de-rumo,,"PCP deputy Alfredo Maia intervened in the Assembly of the Republic debate on cost of living, proposing measures including fixing prices of essential food goods, raising minimum wage to 1,100 euros, increasing pensions by 50 euros, regulating fuel and gas prices, and reducing military spending.",Alfredo Maia,0,Alfredo Maia,"Ontem, o primeiro-ministro afirmava: 'Não trocamos este rumo por nenhum outro'. Pois o PCP aqui reafirma é que outro rumo para Portugal e para uma vida melhor é possível, rompendo com as injustiças!","Yesterday, the prime minister stated: 'We will not exchange this course for any other'. Well, the PCP here reaffirms that another course for Portugal and for a better life is possible, breaking with injustices!",pcp-1,1,high,,,,
4f0045c0596a85cb41ab,2026-W39,2026-09-18,PT,pcp,PCP,far-left,site_scrape,party_document,www.pcp.pt,Partido Comunista Português,https://www.pcp.pt/aumento-do-custo-de-vida-tempo-de-romper-com-injusticas-mudar-de-rumo,,"PCP deputy Alfredo Maia intervened in the Assembly of the Republic debate on cost of living, proposing measures including fixing prices of essential food goods, raising minimum wage to 1,100 euros, increasing pensions by 50 euros, regulating fuel and gas prices, and reducing military spending.",Alfredo Maia,1,Alfredo Maia,"O que se impõe, como propõe o PCP, é fixar os preços dos bens alimentares essenciais, travar os lucros milionários dos grupos da energia, dos combustíveis, da banca, da grande distribuição alimentar","What is required, as the PCP proposes, is to fix the prices of essential food goods, halt the millionaire profits of energy groups, fuel companies, banks, and large food distribution chains",pcp-1,1,high,,,,
cf253b804d29b2d58878,2026-W39,2026-09-17,PT,pcp,PCP,far-left,site_scrape,party_document,www.pcp.pt,Partido Comunista Português,https://www.pcp.pt/romper-com-injusticas-novo-rumo-para-portugal-uma-vida-melhor,,"Paulo Raimundo, Secretary-General of the Portuguese Communist Party, issued a declaration titled ""Breaking with injustices – New Direction for Portugal. A better life"" on 17 September 2026.",Paulo Raimundo,,,,,pcp-0,1,high,,,,
00a8f3f3d9a94dcb1fee,2026-W39,2026-09-18,DK,danskfolkeparti,Danish People's Party,far-right,press,press_characterisation,The Copenhagen Post,Denmark plans fivefold increase in fines for repeated violations of residency rules - The Copenhagen Post,https://news.google.com/rss/articles/CBMiygFBVV95cUxOcjdqYmF3Vlo3QmZzWVh4dzJJYzZFeHBsUjlyRzYxbkFqZk4ybGE2dTJ2SFVQS3FacUY3TmFlem1mMzRGM2ZvVjdtZjhxTlFuM0dsNlBqM29zWTdSd1RGMGItT2dhYjI5blI5c0RZWVFmWk5Fei0yVzdHRm83d1Z5emRrdHhuc1o5VHpaVWhPSEk1cXhHbTZ1R1ZDYVBlT0llLVJobmdYM0hXazIzWXhrMW1iMXNFaGJzWF8tWS02dzNSYm1xcWVpZ1Zn?oc=5,,Denmark plans to increase fines for repeated violations of residency rules by fivefold.,,,,,,danskfolkeparti-0,1,high,,,,
3e4151852f427f9eed2f,2026-W39,2026-09-20,IE,pbp,People Before Profit,far-left,site_scrape,party_document,www.pbp.ie,Mount Melleray: How a Right-Wing Catholic University Has Taken Over,https://www.pbp.ie/mount-melleray-how-a-right-wing-catholic-university-has-taken-over/,,"People Before Profit criticizes the establishment of an Ave Maria University offshoot at Mount Melleray Abbey in Waterford, claiming it operates without educational accreditation or planning permission and calling for a 100% tax on Catholic Church commercial transactions to fund abuse survivor redress.",People Before Profit,0,People Before Profit,"If any real morality or justice existed in Irish law, a 100% Retribution Tax would be slapped on every single commercial lease, land sale, or property transaction executed by the Catholic Church.","If any real morality or justice existed in Irish law, a 100% Retribution Tax would be slapped on every single commercial lease, land sale, or property transaction executed by the Catholic Church.",pbp-4,1,high,,,,
3e4151852f427f9eed2f,2026-W39,2026-09-20,IE,pbp,People Before Profit,far-left,site_scrape,party_document,www.pbp.ie,Mount Melleray: How a Right-Wing Catholic University Has Taken Over,https://www.pbp.ie/mount-melleray-how-a-right-wing-catholic-university-has-taken-over/,,"People Before Profit criticizes the establishment of an Ave Maria University offshoot at Mount Melleray Abbey in Waterford, claiming it operates without educational accreditation or planning permission and calling for a 100% tax on Catholic Church commercial transactions to fund abuse survivor redress.",People Before Profit,1,People Before Profit,Every single cent generated by leasing Mount Melleray Abbey to Ave Maria University should be immediately seized by the state and ring-fenced directly for survivor support services and unpaid redress funds.,Every single cent generated by leasing Mount Melleray Abbey to Ave Maria University should be immediately seized by the state and ring-fenced directly for survivor support services and unpaid redress funds.,pbp-4,1,high,,,,
4ed820c6cf81fd9abd2c,2026-W39,2026-09-19,IE,pbp,People Before Profit,far-left,site_scrape,party_document,www.pbp.ie,Online Public Meeting: Make the Data Centres Pay,https://www.pbp.ie/online-public-meeting-make-the-data-centres-pay/,,"People Before Profit is holding a public meeting on September 21st, 2026 to mobilise support for a Dáil motion scheduled for September 23rd that would impose a charge on data centres to fund a €500 energy credit for every household, arguing that data centres currently receive half-price electricity compared to households.",Paul Murphy,0,People Before Profit,"The Data Centres operating in Ireland can easily pay for normal Irish energy prices, but THEY get it HALF PRICE. Their prices should go up, and ours should come down through our plan for a 500 euro energy credit.",,pbp-3,1,high,,,,
4ed820c6cf81fd9abd2c,2026-W39,2026-09-19,IE,pbp,People Before Profit,far-left,site_scrape,party_document,www.pbp.ie,Online Public Meeting: Make the Data Centres Pay,https://www.pbp.ie/online-public-meeting-make-the-data-centres-pay/,,"People Before Profit is holding a public meeting on September 21st, 2026 to mobilise support for a Dáil motion scheduled for September 23rd that would impose a charge on data centres to fund a €500 energy credit for every household, arguing that data centres currently receive half-price electricity compared to households.",Paul Murphy,1,People Before Profit,"Currently Data Centres get half-price electricity compare to households, the PBP motion would close that gap with a charge on data centres which would fund a €500 energy credit for every household.",,pbp-3,1,high,,,,
4ed820c6cf81fd9abd2c,2026-W39,2026-09-19,IE,pbp,People Before Profit,far-left,site_scrape,party_document,www.pbp.ie,Online Public Meeting: Make the Data Centres Pay,https://www.pbp.ie/online-public-meeting-make-the-data-centres-pay/,,"People Before Profit is holding a public meeting on September 21st, 2026 to mobilise support for a Dáil motion scheduled for September 23rd that would impose a charge on data centres to fund a €500 energy credit for every household, arguing that data centres currently receive half-price electricity compared to households.",Paul Murphy,2,People Before Profit,"The question of who pays for this expansion is also a question about what kind of economy we want, and who it is being run for.",,pbp-3,1,high,,,,
f530df7f01e877a0fcec,2026-W39,2026-09-18,IE,pbp,People Before Profit,far-left,site_scrape,party_document,www.pbp.ie,Budget Office: 95% of Households Are Better Off Under People Before Profit’s Proposals Than Any Others,https://www.pbp.ie/budget-office-95-of-households-are-better-off-under-people-before-profits-proposals-than-ff-fg-ind-or-sd-sf-lab/,,"People Before Profit released Budget 2026 proposals that the Parliamentary Budget Office analyzed as benefiting 95% of households with average income gains of 9.4%, funded by €46.4 billion in net revenue raising primarily through corporation and capital taxes.",Richard Boyd Barrett; Paul Murphy,0,Richard Boyd Barrett,"The report from the Parliamentary Budget Office demonstrates just how progressive People Before Profit's 2026 budget proposals are. Under our proposals, 95% of households would be better off, while the wealthiest 5% and corporations would pay significantly higher taxes to begin the redistribution of income and wealth that is so urgently required.",,pbp-2,1,high,,,,
f530df7f01e877a0fcec,2026-W39,2026-09-18,IE,pbp,People Before Profit,far-left,site_scrape,party_document,www.pbp.ie,Budget Office: 95% of Households Are Better Off Under People Before Profit’s Proposals Than Any Others,https://www.pbp.ie/budget-office-95-of-households-are-better-off-under-people-before-profits-proposals-than-ff-fg-ind-or-sd-sf-lab/,,"People Before Profit released Budget 2026 proposals that the Parliamentary Budget Office analyzed as benefiting 95% of households with average income gains of 9.4%, funded by €46.4 billion in net revenue raising primarily through corporation and capital taxes.",Richard Boyd Barrett; Paul Murphy,1,Richard Boyd Barrett,"By taxing multi-millionaires and big corporations, we demonstrated that we can increase average incomes for middle income households by 14.2%. According to the PBO this compares to 1.4% increase from the Social Democrats' proposals for middle income earners, 3.2% by Labour and 4.5% by Sinn Féin.",,pbp-2,1,high,,,,
f530df7f01e877a0fcec,2026-W39,2026-09-18,IE,pbp,People Before Profit,far-left,site_scrape,party_document,www.pbp.ie,Budget Office: 95% of Households Are Better Off Under People Before Profit’s Proposals Than Any Others,https://www.pbp.ie/budget-office-95-of-households-are-better-off-under-people-before-profits-proposals-than-ff-fg-ind-or-sd-sf-lab/,,"People Before Profit released Budget 2026 proposals that the Parliamentary Budget Office analyzed as benefiting 95% of households with average income gains of 9.4%, funded by €46.4 billion in net revenue raising primarily through corporation and capital taxes.",Richard Boyd Barrett; Paul Murphy,2,Paul Murphy,People Before Profit is serious about transforming our society through a just transition to an equal and sustainable ecosocialist society. Our budget proposals provide an insight on how we can finance such a transition,,pbp-2,1,high,,,,
f530df7f01e877a0fcec,2026-W39,2026-09-18,IE,pbp,People Before Profit,far-left,site_scrape,party_document,www.pbp.ie,Budget Office: 95% of Households Are Better Off Under People Before Profit’s Proposals Than Any Others,https://www.pbp.ie/budget-office-95-of-households-are-better-off-under-people-before-profits-proposals-than-ff-fg-ind-or-sd-sf-lab/,,"People Before Profit released Budget 2026 proposals that the Parliamentary Budget Office analyzed as benefiting 95% of households with average income gains of 9.4%, funded by €46.4 billion in net revenue raising primarily through corporation and capital taxes.",Richard Boyd Barrett; Paul Murphy,3,Paul Murphy,"There is vast wealth in this State and a left government must have an ambitious plan for redistribution from the wealthiest 5% to the 95%, the people who create the wealth, if it is to fulfill the aspirations of our voters.",,pbp-2,1,high,,,,
f9aa097e7690f561afa8,2026-W39,2026-09-17,IE,pbp,People Before Profit,far-left,site_scrape,party_document,www.pbp.ie,MLAs Pocket Pay Rises While Workers Wait,https://www.pbp.ie/mlas-pocket-pay-rises-while-workers-wait/,,"People Before Profit MLA Gerry Carroll and Councillor Shaun Harkin condemned proposals for a further pay rise for MLAs months after a 27% increase, contrasting this with delayed pay awards for public sector workers including health workers and teachers.",Gerry Carroll; Shaun Harkin,0,Gerry Carroll,"This is a slap in the face to health workers, civil servants and every public sector worker still waiting on a pay award.","This is a slap in the face to health workers, civil servants and every public sector worker still waiting on a pay award.",pbp-1,1,high,,,,
f9aa097e7690f561afa8,2026-W39,2026-09-17,IE,pbp,People Before Profit,far-left,site_scrape,party_document,www.pbp.ie,MLAs Pocket Pay Rises While Workers Wait,https://www.pbp.ie/mlas-pocket-pay-rises-while-workers-wait/,,"People Before Profit MLA Gerry Carroll and Councillor Shaun Harkin condemned proposals for a further pay rise for MLAs months after a 27% increase, contrasting this with delayed pay awards for public sector workers including health workers and teachers.",Gerry Carroll; Shaun Harkin,1,Gerry Carroll,"Five months into the financial year, the Executive has no budget and workers are being told there's no money for fair pay or decent public services. Inexplicably, MLAs are now lined up for another rise on top of the £14,000 they pocketed in April.","Five months into the financial year, the Executive has no budget and workers are being told there's no money for fair pay or decent public services. Inexplicably, MLAs are now lined up for another rise on top of the £14,000 they pocketed in April.",pbp-1,1,high,,,,
f9aa097e7690f561afa8,2026-W39,2026-09-17,IE,pbp,People Before Profit,far-left,site_scrape,party_document,www.pbp.ie,MLAs Pocket Pay Rises While Workers Wait,https://www.pbp.ie/mlas-pocket-pay-rises-while-workers-wait/,,"People Before Profit MLA Gerry Carroll and Councillor Shaun Harkin condemned proposals for a further pay rise for MLAs months after a 27% increase, contrasting this with delayed pay awards for public sector workers including health workers and teachers.",Gerry Carroll; Shaun Harkin,2,Gerry Carroll,Politicians should live on the same wage as the people they represent. Maybe then they'd find some urgency to deliver fair pay for workers.,Politicians should live on the same wage as the people they represent. Maybe then they'd find some urgency to deliver fair pay for workers.,pbp-1,1,high,,,,
f9aa097e7690f561afa8,2026-W39,2026-09-17,IE,pbp,People Before Profit,far-left,site_scrape,party_document,www.pbp.ie,MLAs Pocket Pay Rises While Workers Wait,https://www.pbp.ie/mlas-pocket-pay-rises-while-workers-wait/,,"People Before Profit MLA Gerry Carroll and Councillor Shaun Harkin condemned proposals for a further pay rise for MLAs months after a 27% increase, contrasting this with delayed pay awards for public sector workers including health workers and teachers.",Gerry Carroll; Shaun Harkin,3,Shaun Harkin,"Sinn Féin, DUP, Alliance, UUP and SDLP MLAs refused to back People Before Profit's motion in Stormont that would have blocked these outrageous pay hikes.","Sinn Féin, DUP, Alliance, UUP and SDLP MLAs refused to back People Before Profit's motion in Stormont that would have blocked these outrageous pay hikes.",pbp-1,1,high,,,,
f9aa097e7690f561afa8,2026-W39,2026-09-17,IE,pbp,People Before Profit,far-left,site_scrape,party_document,www.pbp.ie,MLAs Pocket Pay Rises While Workers Wait,https://www.pbp.ie/mlas-pocket-pay-rises-while-workers-wait/,,"People Before Profit MLA Gerry Carroll and Councillor Shaun Harkin condemned proposals for a further pay rise for MLAs months after a 27% increase, contrasting this with delayed pay awards for public sector workers including health workers and teachers.",Gerry Carroll; Shaun Harkin,4,Shaun Harkin,People power is the only thing that can put manners on an out of touch Stormont Assembly and completely overhaul government priorities.,People power is the only thing that can put manners on an out of touch Stormont Assembly and completely overhaul government priorities.,pbp-1,1,high,,,,
feebf2558bc61031b69b,2026-W39,2026-09-16,IE,pbp,People Before Profit,far-left,site_scrape,party_document,www.pbp.ie,Harkin: Only Crime is Attempting To Stop Gaza Genocide,https://www.pbp.ie/harkin-only-crime-is-attempting-to-stop-gaza-genocide/,,"People Before Profit Councillor Shaun Harkin condemned a Derry court ruling against Palestine solidarity activists Goretti Horgan and Nina Pulis, calling for resistance to criminalisation of Palestine solidarity and announcing support for an October 10th global day of action for Palestine.",Shaun Harkin; Goretti Horgan; Nina Pulis,0,Shaun Harkin,"We are very disappointed at the judge's ruling in Derry Court House, but not disheartened. Goretti Horgan, Nina Pulis and Palestine solidarity campaigners trying to stop complicity with genocide don't belong in court. Their only crime is attempting to stop Israel's Gaza genocide.","We are very disappointed at the judge's ruling in Derry Court House, but not disheartened. Goretti Horgan, Nina Pulis and Palestine solidarity campaigners trying to stop complicity with genocide don't belong in court. Their only crime is attempting to stop Israel's Gaza genocide.",pbp-0,1,high,,,,
feebf2558bc61031b69b,2026-W39,2026-09-16,IE,pbp,People Before Profit,far-left,site_scrape,party_document,www.pbp.ie,Harkin: Only Crime is Attempting To Stop Gaza Genocide,https://www.pbp.ie/harkin-only-crime-is-attempting-to-stop-gaza-genocide/,,"People Before Profit Councillor Shaun Harkin condemned a Derry court ruling against Palestine solidarity activists Goretti Horgan and Nina Pulis, calling for resistance to criminalisation of Palestine solidarity and announcing support for an October 10th global day of action for Palestine.",Shaun Harkin; Goretti Horgan; Nina Pulis,1,Shaun Harkin,The criminalisation of Palestine solidarity will not be accepted and will be resisted in the courts and on the streets.,The criminalisation of Palestine solidarity will not be accepted and will be resisted in the courts and on the streets.,pbp-0,1,high,,,,
feebf2558bc61031b69b,2026-W39,2026-09-16,IE,pbp,People Before Profit,far-left,site_scrape,party_document,www.pbp.ie,Harkin: Only Crime is Attempting To Stop Gaza Genocide,https://www.pbp.ie/harkin-only-crime-is-attempting-to-stop-gaza-genocide/,,"People Before Profit Councillor Shaun Harkin condemned a Derry court ruling against Palestine solidarity activists Goretti Horgan and Nina Pulis, calling for resistance to criminalisation of Palestine solidarity and announcing support for an October 10th global day of action for Palestine.",Shaun Harkin; Goretti Horgan; Nina Pulis,2,Shaun Harkin,"The October 10th global day of action for Palestine is an opportunity to ratchet-up the pressure on governments to end their complicity with Israel, to demand an end to the criminalisation of opposition to genocide and to stand in solidarity with the Palestinian people.","The October 10th global day of action for Palestine is an opportunity to ratchet-up the pressure on governments to end their complicity with Israel, to demand an end to the criminalisation of opposition to genocide and to stand in solidarity with the Palestinian people.",pbp-0,1,high,,,,
02c56da74b521f3a25d4,2026-W39,2026-09-21,IE,pbp,People Before Profit,far-left,press,press_characterisation,Irish Examiner,Government urged to deliver cost-of-disability payment in budget - Irish Examiner,https://news.google.com/rss/articles/CBMiY0FVX3lxTFBHWGhzOE1DS2JST2h4WXNuRHpIVjRfM0cyR2pzMWRROHNYQnNoVXM5QjliR0psWkhmSW1nMzVQd2VfLTVtcEJoYWh3eE5mQVc4a080OUE3UGlUeEVVdjlMYXNJaw?oc=5,,People Before Profit urged the government to deliver a cost-of-disability payment in the budget.,People Before Profit,,,,,pbp-6,1,high,,,,
0825f22a922c4c95dae8,2026-W39,2026-09-26,LU,deilenk,déi Lénk,far-left,site_scrape,party_document,dei-lenk.lu,déi Lénk,https://dei-lenk.lu/agenda?eventid=214098#event-214098,,"The Left (déi Lénk) announces that MPs Ana Correia da Veiga and Gary Diderich will replace Marc Baum and David Wagner according to the party's rotation principle, three years after legislative elections.",Marc Baum; David Wagner; Ana Correia da Veiga; Gary Diderich,0,déi Lénk,"Geméiss dem Rotatiounsprinzip iwwerhuelen d' Ana Correia da Veiga an de Gary Diderich d'Relève mat därselwechter Energie, awer mat hirer ganz eegener Handschrëft.","According to the rotation principle, Ana Correia da Veiga and Gary Diderich will take over with the same energy, but with their own personal touch.",deilenk-0,1,high,,,,
0825f22a922c4c95dae8,2026-W39,2026-09-26,LU,deilenk,déi Lénk,far-left,site_scrape,party_document,dei-lenk.lu,déi Lénk,https://dei-lenk.lu/agenda?eventid=214098#event-214098,,"The Left (déi Lénk) announces that MPs Ana Correia da Veiga and Gary Diderich will replace Marc Baum and David Wagner according to the party's rotation principle, three years after legislative elections.",Marc Baum; David Wagner; Ana Correia da Veiga; Gary Diderich,1,déi Lénk,De Marc Baum an den David Wagner hunn déi ganz Oppositioun no lénks gedriwwen an Drock op d'Regierung ausgeüübt.,Marc Baum and David Wagner have pulled the entire opposition to the left and exerted pressure on the government.,deilenk-0,1,high,,,,
011f3f7049dbe43304d4,2026-W39,2026-09-19,CH,solidarites,solidaritéS,far-left,site_scrape,party_document,solidarites.ch,La mauvaise mémoire n’est pas le problème,https://solidarites.ch/journal/469-2/afd-la-mauvaise-memoire-n-est-pas-le-probleme/,,"solidaritéS publishes an analysis arguing that the AfD's electoral success in Germany (43.8% in Saxe-Anhalt, 38.2% in Mecklembourg-Poméranie-Occidentale on 6 September 2026) cannot be explained by voters forgetting Nazi history, but rather by the contemporary far-right's dissociation of fascist ends from genocidal means, and calls for antifascist politics to address material causes of crisis rather than relying solely on historical memory.",Antoine Dubiau,0,Antoine Dubiau,"Le 6 septembre 2026, le parti d'extrême droite Alternative für Deutschland a obtenu 43,8% des suffrages aux élections régionales en Saxe-Anhalt et 38,2% deux semaines plus tard dans le Mecklembourg-Poméranie-Occidentale.","On 6 September 2026, the far-right party Alternative für Deutschland obtained 43.8% of votes in regional elections in Saxe-Anhalt and 38.2% two weeks later in Mecklembourg-Poméranie-Occidentale.",solidarites-1,1,high,,,,
011f3f7049dbe43304d4,2026-W39,2026-09-19,CH,solidarites,solidaritéS,far-left,site_scrape,party_document,solidarites.ch,La mauvaise mémoire n’est pas le problème,https://solidarites.ch/journal/469-2/afd-la-mauvaise-memoire-n-est-pas-le-probleme/,,"solidaritéS publishes an analysis arguing that the AfD's electoral success in Germany (43.8% in Saxe-Anhalt, 38.2% in Mecklembourg-Poméranie-Occidentale on 6 September 2026) cannot be explained by voters forgetting Nazi history, but rather by the contemporary far-right's dissociation of fascist ends from genocidal means, and calls for antifascist politics to address material causes of crisis rather than relying solely on historical memory.",Antoine Dubiau,1,Antoine Dubiau,Rappeler les crimes de l'extrême droite à travers l'histoire est insuffisant pour lutter contre ses formes contemporaines.,Recalling the crimes of the far-right throughout history is insufficient to fight against its contemporary forms.,solidarites-1,1,high,,,,
011f3f7049dbe43304d4,2026-W39,2026-09-19,CH,solidarites,solidaritéS,far-left,site_scrape,party_document,solidarites.ch,La mauvaise mémoire n’est pas le problème,https://solidarites.ch/journal/469-2/afd-la-mauvaise-memoire-n-est-pas-le-probleme/,,"solidaritéS publishes an analysis arguing that the AfD's electoral success in Germany (43.8% in Saxe-Anhalt, 38.2% in Mecklembourg-Poméranie-Occidentale on 6 September 2026) cannot be explained by voters forgetting Nazi history, but rather by the contemporary far-right's dissociation of fascist ends from genocidal means, and calls for antifascist politics to address material causes of crisis rather than relying solely on historical memory.",Antoine Dubiau,2,Antoine Dubiau,"Une politique antifasciste à visée émancipatrice ne peut donc se réduire à la seule défense de l'ordre démocratique: dans le même temps, elle doit aussi rouvrir le conflit sur la répartition des richesses, l'austérité, l'efficacité des services publics et la dégradation des conditions de vie.","An antifascist politics with emancipatory aims cannot therefore be reduced to the sole defense of democratic order: at the same time, it must also reopen the conflict over the distribution of wealth, austerity, the effectiveness of public services and the degradation of living conditions.",solidarites-1,1,high,,,,
8af8adce072fb2017755,2026-W39,2026-09-18,CH,solidarites,solidaritéS,far-left,site_scrape,party_document,solidarites.ch,La droite n’a pas digéré l’amélioration de l’AVS,https://solidarites.ch/journal/469-2/la-droite-na-pas-digere-lamelioration-de-lavs/,,"solidaritéS opposes the financing of the 13th AVS pension through a VAT increase, criticizing the USS for abandoning its earlier position to fund it through social contributions, and will campaign for a left-wing 'no' vote in the November 29 referendum.",Anouk Essyad; José Sanchez; Pierre-Yves Maillard,0,solidaritéS,"Lors de la campagne en faveur de la 13e rente AVS, l'USS défendait un financement par cotisations. La faîtière syndicale vient de retourner sa veste devant la bourgeoisie, sans même chercher à créer un rapport de force.","During the campaign in favor of the 13th AVS pension, the USS defended financing through contributions. The union umbrella organization has now reversed its position before the bourgeoisie, without even trying to create a balance of power.",solidarites-0,1,high,,,,
8af8adce072fb2017755,2026-W39,2026-09-18,CH,solidarites,solidaritéS,far-left,site_scrape,party_document,solidarites.ch,La droite n’a pas digéré l’amélioration de l’AVS,https://solidarites.ch/journal/469-2/la-droite-na-pas-digere-lamelioration-de-lavs/,,"solidaritéS opposes the financing of the 13th AVS pension through a VAT increase, criticizing the USS for abandoning its earlier position to fund it through social contributions, and will campaign for a left-wing 'no' vote in the November 29 referendum.",Anouk Essyad; José Sanchez; Pierre-Yves Maillard,1,Anouk Essyad,La bourgeoisie n'a pas digéré l'affront qu'a constitué cette victoire de la 13e rente.,The bourgeoisie has not digested the affront that this victory of the 13th pension constituted.,solidarites-0,1,high,,,,
8af8adce072fb2017755,2026-W39,2026-09-18,CH,solidarites,solidaritéS,far-left,site_scrape,party_document,solidarites.ch,La droite n’a pas digéré l’amélioration de l’AVS,https://solidarites.ch/journal/469-2/la-droite-na-pas-digere-lamelioration-de-lavs/,,"solidaritéS opposes the financing of the 13th AVS pension through a VAT increase, criticizing the USS for abandoning its earlier position to fund it through social contributions, and will campaign for a left-wing 'no' vote in the November 29 referendum.",Anouk Essyad; José Sanchez; Pierre-Yves Maillard,2,Anouk Essyad,"Pour cette raison, solidaritéS défendra également un non de gauche à cette hausse de la TVA!","For this reason, solidaritéS will also defend a left-wing no to this VAT increase!",solidarites-0,1,high,,,,
30d509b4db8873775f7d,2026-W39,2026-09-17,CH,mcg,MCG,far-right,site_scrape,party_document,mcge.ch,Le Conseil d’Etat n’arrive pas à gérer la situation,https://mcge.ch/le-conseil-detat-narrive-pas-a-gerer-la-situation/,,"The Geneva Citizens' Movement criticizes the Geneva State Council's 2027 budget, which shows a 546 million deficit despite 500 million revenue increase, and demands cantonal preference in employment while opposing cross-border spending and transfers to France.",François Baertschi,0,Geneva Citizens' Movement,Alors que de nombreux jeunes se retrouvent à l'aide sociale – dont 1600 titulaires d'un titre universitaire – l'Etat continue à engager massivement des frontaliers permis G.,While many young people find themselves on social assistance – including 1600 university degree holders – the State continues to massively hire cross-border workers with G permits.,mcg-0,1,high,,,,
30d509b4db8873775f7d,2026-W39,2026-09-17,CH,mcg,MCG,far-right,site_scrape,party_document,mcge.ch,Le Conseil d’Etat n’arrive pas à gérer la situation,https://mcge.ch/le-conseil-detat-narrive-pas-a-gerer-la-situation/,,"The Geneva Citizens' Movement criticizes the Geneva State Council's 2027 budget, which shows a 546 million deficit despite 500 million revenue increase, and demands cantonal preference in employment while opposing cross-border spending and transfers to France.",François Baertschi,1,Geneva Citizens' Movement,"Il faudrait au contraire une politique affirmée de préférence cantonale, que réclame le MCG sans être entendu.","On the contrary, we need an affirmed policy of cantonal preference, which the MCG demands without being heard.",mcg-0,1,high,,,,
30d509b4db8873775f7d,2026-W39,2026-09-17,CH,mcg,MCG,far-right,site_scrape,party_document,mcge.ch,Le Conseil d’Etat n’arrive pas à gérer la situation,https://mcge.ch/le-conseil-detat-narrive-pas-a-gerer-la-situation/,,"The Geneva Citizens' Movement criticizes the Geneva State Council's 2027 budget, which shows a 546 million deficit despite 500 million revenue increase, and demands cantonal preference in employment while opposing cross-border spending and transfers to France.",François Baertschi,2,Geneva Citizens' Movement,Le MCG dénonce une fois de plus la rétrocession de Genève à la France qui se montera en 2027 à 418 millions.,The MCG once again denounces the retrocession from Geneva to France which will amount to 418 million in 2027.,mcg-0,1,high,,,,
30d509b4db8873775f7d,2026-W39,2026-09-17,CH,mcg,MCG,far-right,site_scrape,party_document,mcge.ch,Le Conseil d’Etat n’arrive pas à gérer la situation,https://mcge.ch/le-conseil-detat-narrive-pas-a-gerer-la-situation/,,"The Geneva Citizens' Movement criticizes the Geneva State Council's 2027 budget, which shows a 546 million deficit despite 500 million revenue increase, and demands cantonal preference in employment while opposing cross-border spending and transfers to France.",François Baertschi,3,Geneva Citizens' Movement,Est-ce cohérent de serrer la ceinture aux habitants du canton et à multiplier les déficits alors que dans le même temps on dilapide l'argent des Genevois avec une générosité qui est vraiment malvenue?,Is it coherent to tighten the belt on canton residents and multiply deficits while at the same time squandering Genevans' money with generosity that is really unwelcome?,mcg-0,1,high,,,,
92077a9857ec2e991f96,2026-W39,2026-09-20,IL,otzma,Otzma Yehudit,far-right,press,press_characterisation,The Times of Israel,Ben Gvir demands terrorist behind deadly shooting attack at West Bank spring be executed - The Times of Israel,https://news.google.com/rss/articles/CBMizwFBVV95cUxQWTRQeXI3Q0RuQVNESV9mTDR1T2hERG14S09SSlBxSldQcHdiUUk3ZHhGZ0NvVzdHcDJSRHRuWlYwN0huTWtha2lpS1J1eUg1alNHMkhkUkhTTGdKT3lCVjZ4RDI4cGdTeXF6MjJjTEZHU1pLZ09wQ29zWTBiMzY3elJ4MFlNOFJuNTBUaXZyQ01DS3JWdnlTU2lRS0lMbHVweUdnZmZuaDVCb1dKNUs1cmNZMTZ4d21CTVJieFRjRnFWdTZybTVZUFQxUWpLdUE?oc=5,,Itamar Ben Gvir demanded the execution of the perpetrator of a deadly shooting attack at a West Bank spring.,Itamar Ben Gvir,,,,,otzma-4,1,high,,,,
19f416f7446b40de8e3c,2026-W39,2026-09-20,IL,hadash,Hadash,far-left,press,press_characterisation,The Jerusalem Post,Arab parties defend right to run in Knesset election - The Jerusalem Post,https://news.google.com/rss/articles/CBMiaEFVX3lxTFBBWDhvenBzdFFQRm9kTUtFVlQ1eVd2ajVSXzg1dl90cDhDVXpCaWw0WnZ5X1oxaElOVnN0ZEpPaW96RktHdklCXzhjbElHX2xKazU0RkJ0SjM0ajVMQXBEbnFPNXFGTVFz?oc=5,,Arab parties including Hadash are defending their right to participate in an upcoming Knesset election against apparent challenges to their candidacy.,Hadash,,,,,hadash-3,1,high,,,,
5e6b36cbb76c94a420bc,2026-W39,2026-09-19,IL,hadash,Hadash,far-left,press,press_characterisation,The Times of Israel,"Senior Arab MK backs replacing Knesset speaker after election, hints minority government an option - The Times of Israel",https://news.google.com/rss/articles/CBMixwFBVV95cUxNV1FuUWx5QUZzYWdnLXVTOGNmTXlGdlE3czBtTERMWENzaFA4QnMtUU94dU5HZ0tmazhSXzJNVUpHbGlUdFZvR0hZTVE4WnJ2dmtYaEpWS1VWVjhjNm9VNGZZMF9CUW1QcGRxV19WYlExV1dJdDU3NmVTVkZtbjB6X1JEY0doUzktSVNPUzhRZFdjZnVJUjB5MWhMZGNjYXY3S1ZqZHpUMlZkNmhicG1zZ1NSNl9CSURlNWM4UmhvTkFLLWQtXzFR0gHMAUFVX3lxTE1qelF4dElOVGN6cU5NeHdvOHo5ZjdpRTZFejA3V2RVcHJNMlRyaWxpRVAzTXJfaHdETVFuWWhuWUpRVFZETDJuQWlDN3Zuc0RjdjJobHVtN1YwTzV4SWZUQTZmQXV2WjJ1U2Y0a0g0NDUxM3U0cGdCNzRwRGEydGZibnZEZ0R6bzhSR19ROFp1aWRKYmdtZE5iOUtOamRZWHczM19iM2Rxbzlsc2VIZzRZbjBTM3VPYVBsWnlxeE0wV1I0RmxDWUxBcmYtTw?oc=5,,A senior Arab MK expressed support for replacing the Knesset speaker following an election and suggested that a minority government could be a viable option.,Senior Arab MK,,,,,hadash-1,1,high,,,,
15a6c6b3c74b4cdea50b,2026-W39,2026-09-19,IL,hadash,Hadash,far-left,press,press_characterisation,The Times of Israel,Joint List MK Tibi: We will push to replace Knesset speaker even before next government formed - The Times of Israel,https://news.google.com/rss/articles/CBMi1gFBVV95cUxPMjV0LW85Vjk4TnFmVk1rS2lROGtEZUtqTUJiNnlQUHhrTmQzWHpDOGNJU2dYU2wtQ0MtY2g2al8zS0xVcHZrRlBndVZTc0ZMLXRZWmx5U3J6a3FseGstS0hVV2l4R3M2UVg3TnJWRXlZMVBsUGpUbnFHRHozSUlKd3FJWW5uZ3NMbFF4TC1yRjVjNzVoTTR2WnFlZlVNa0pVdmtFQkJEWHhWU0tTUUM4TzVDNlRrY3R3MEJObVRrN3FKcklCOXlqX3F2Vmh1Vm1reGZZb1p3?oc=5,,Joint List MK Ahmad Tibi announced plans to push for replacing the Knesset speaker before the formation of the next government.,Ahmad Tibi,,,,,hadash-0,1,high,,,,
