item_id,week,date,country,party_id,party,camp,source_type,provenance,outlet,title,source_url,archive_url,summary,actors,quote_index,speaker,original_quote,translation,cluster_id,cluster_size,confidence,jda_category,coder,coded_date,notes
df55fb5f744924241139,2026-W38,2026-09-14,GR,mera25,MeRA25,far-left,site_scrape,party_document,mera25.gr,ΜέΡΑ25 app,https://mera25.gr/den-tha-perasoun-i-syllogiki-drasi-tha-ebodisei-tin-nekranastasi-ton-naziston-egklimation/,,MeRA25 issued a statement condemning the upcoming release of convicted Golden Dawn leader Ilias Kasidiaris and calling for mass mobilization to prevent the resurgence of the neo-Nazi organization.,Ilias Kasidiaris,0,MeRA25,"Η επικείμενη αποφυλάκιση του καταδικασμένου για διεύθυνση εγκληματικής οργάνωσης Ηλία Κασιδιάρη επιχειρείται να λειτουργήσει ως μέσο για την νεκρανάσταση της δολοφονικής συμμορίας της Χρυσής Αυγής, με πολιτική προβιά.","The upcoming release of Ilias Kasidiaris, convicted for leading a criminal organization, is being attempted to function as a means for the resurrection of the murderous gang of Golden Dawn, with a political facade.",mera25-1,1,high,,,,
df55fb5f744924241139,2026-W38,2026-09-14,GR,mera25,MeRA25,far-left,site_scrape,party_document,mera25.gr,ΜέΡΑ25 app,https://mera25.gr/den-tha-perasoun-i-syllogiki-drasi-tha-ebodisei-tin-nekranastasi-ton-naziston-egklimation/,,MeRA25 issued a statement condemning the upcoming release of convicted Golden Dawn leader Ilias Kasidiaris and calling for mass mobilization to prevent the resurgence of the neo-Nazi organization.,Ilias Kasidiaris,1,MeRA25,"Δεν έχουμε καμία ανοχή στη ρητορική του μίσους, τον ρατσισμό και τη φασιστική βία.","We have no tolerance for hate speech, racism and fascist violence.",mera25-1,1,high,,,,
df55fb5f744924241139,2026-W38,2026-09-14,GR,mera25,MeRA25,far-left,site_scrape,party_document,mera25.gr,ΜέΡΑ25 app,https://mera25.gr/den-tha-perasoun-i-syllogiki-drasi-tha-ebodisei-tin-nekranastasi-ton-naziston-egklimation/,,MeRA25 issued a statement condemning the upcoming release of convicted Golden Dawn leader Ilias Kasidiaris and calling for mass mobilization to prevent the resurgence of the neo-Nazi organization.,Ilias Kasidiaris,2,MeRA25,Δεν θα περάσουν!,They shall not pass!,mera25-1,1,high,,,,
9d7011a7b275d1c52cf6,2026-W38,2026-09-14,DE,afd,AfD,far-right,site_scrape,party_document,www.afd.de,Stefan Möller: Maßstäbe für ein AfD-Verbot: Bundesverfassungsgericht kann für Klarheit sorgen - Alternative für Deutschland,https://www.afd.de/stefan-moeller-massstaebe-fuer-ein-afd-verbot-bundesverfassungsgericht-kann-fuer-klarheit-sorgen/,,"AfD deputy federal spokesperson Stefan Möller responds to party ban discussions, stating that two new Federal Constitutional Court cases regarding weapons permits revoked due to AfD membership could provide clarity on legal standards comparable to those for party bans.",Stefan Möller; Hendrik Wüst; Tino Chrupalla; Alice Weidel,0,Stefan Möller,"Angesichts der aufgeheizten politischen Stimmungslage und den potentiellen gesellschaftlichen Folgen eines Verbots der im Osten Deutschlands mit Abstand stärksten Partei wäre es wünschenswert, wenn das Bundesverfassungsgericht die mit den Verfahren verbundene Gelegenheit nutzt, seine aus der NPD-Ära stammende Rechtsprechung zu konkretisieren.","Given the heated political atmosphere and the potential social consequences of banning the by far strongest party in eastern Germany, it would be desirable if the Federal Constitutional Court uses the opportunity connected with these proceedings to concretize its jurisprudence stemming from the NPD era.",afd-10,1,high,,,,
4b12c9646bd8b4f08cd8,2026-W38,2026-09-14,DE,afd,AfD,far-right,site_scrape,party_document,www.afd.de,Tino Chrupalla: Energiesteuer senken - Alternative für Deutschland,https://www.afd.de/tino-chrupalla-energiesteuer-senken/,,AfD federal spokesman Tino Chrupalla calls for the German government to reduce energy taxes on petrol and diesel to the European minimum and abolish the national CO2 price in response to rising fuel prices driven by Houthi militia conquests.,Tino Chrupalla,0,Tino Chrupalla,"Die Bundesregierung muss nun dringend die Energiesteuer auf Benzin und Diesel auf das europäische Mindestmaß senken und den nationalen CO2-Preis abschaffen. Deutsche Pendler und Betriebe zahlen derzeit einen Aufschlag, den ihre europäischen Wettbewerber nicht zahlen. Dieser Sonderweg gehört in diesem Herbst beendet.",The federal government must now urgently reduce the energy tax on petrol and diesel to the European minimum and abolish the national CO2 price. German commuters and businesses currently pay a surcharge that their European competitors do not pay. This special path must be ended this autumn.,afd-9,1,high,,,,
2e957b66ab7973aa2bf9,2026-W38,2026-09-11,DE,afd,AfD,far-right,press,press_characterisation,Il Sole 24 ORE,"AfD in Saxony-Anhalt: ‘Yes to weapons, but only for repatriation campaigns and internal security’ - Il Sole 24 ORE",https://news.google.com/rss/articles/CBMizgFBVV95cUxNeWE2QlhhVlBXUDZib2ZTaTkzUGl1RkZ6bWtBMVhqVlVDMm55MU9kTzBaWXN2SWluVlhSZ3lMS0ktUFFGMk1FSTlzakl2b09weG9nSkV2NVZPbkhQemVCNTdwbVFMVlR0bVJJdmJnUmN3RDJiRDhMaWFwdXk1OE1TRFh5SWFQc3RiWmlSQ1dsZjE1X1pyalpnakNEMDBBbTJjOC1aOWJZd3QxR2dqLXpGeEFTdi0yVExUQzRRQ2M4RHJHZmZhbFktcTRhRzdMZw?oc=5,,AfD in Saxony-Anhalt stated they support weapons only for repatriation campaigns and internal security purposes.,Alternative für Deutschland,,,,,afd-2,1,high,,,,
3da2a1643e1f194f8245,2026-W38,2026-09-10,DE,afd,AfD,far-right,press,press_characterisation,Religion News Service,What the AfD’s victory means for German churches’ influence - Religion News Service,https://news.google.com/rss/articles/CBMimAFBVV95cUxORzF6T1Jwc0NrdTNrdkZmRzFDVkVCWmloRWJVT1QxMk9ObGF0OFdzRGF4WjRSUHFxVWwzMHRHWEEzVlA1UFE0UVUwcWp2cGJSNzNCeXBuSk15a2xsUnFYT1VEV0tkendiaXQ3RXBjN1p5cHEyWDBoQ1dZQllPNENkaTVBa29IcFhDejBJdnhrQWFkRUJ1blFHQg?oc=5,,Article discusses implications of AfD electoral victory for the influence of German churches.,Alternative für Deutschland,,,,,afd-0,1,high,,,,
005466fb7c93241d281d,2026-W38,2026-09-14,FR,rn,RN,far-right,press,press_characterisation,The Connexion,Marine Le Pen outlines ‘national preference’ policies for French housing sector - The Connexion,https://news.google.com/rss/articles/CBMivgFBVV95cUxOQkZ0anlGTWd5akdKeEtuekN5d0ZyckxFb2x0Q3BQdVRzMXQ1VDE3VmZLdjF5Tm5pTjl0SEMtMFVJb25nbzAtbGhVMUZYaUxMNE8zUjUxVF9Cc1VoLXQ4WE1hdlcxSHZjeXZmcU9BSVd2NnpZUnByM2tWazdJdWZhbTVDa242RG55MG8ybEhLdkpQX01JR2QyNTVYQUNKamozRTJQUHQ0b2p4OGxhNF8yOV9oVkJsaHNqekJYclVR?oc=5,,"Marine Le Pen outlined 'national preference' policies for the French housing sector, prioritizing French citizens in housing allocation.",Marine Le Pen,,,,,rn-7,1,high,,,,
95fc6e55b00022fb67fb,2026-W38,2026-09-13,FR,rn,RN,far-right,press,press_characterisation,The Times,Marine Le Pen pledges to lead ‘patriots’ to victory - The Times,https://news.google.com/rss/articles/CBMinwFBVV95cUxOTTBGX1Y3LWNJckpBcTh2aG42QjZOSUEzNlhhclpFRlQ1SXRvZHZXWjZkU3lqZUVpTjBTenpLRVBLZkFBclZ3UVJFcGlyb3BmRlRQRWtQS3BvUXZqSzU0Q01zOHBwTUNlTVdYMGtUbVNpWnQzZmRWc3QwZzk2R2Y1NUU3Q2RVNGx0cEJmT0Q5OURDV2ViNTd1VWtVblNTNzA?oc=5,,Marine Le Pen pledges to lead 'patriots' to electoral victory in an upcoming campaign.,Marine Le Pen,,,,,rn-5,1,high,,,,
8a1531acbb5fac610900,2026-W38,2026-09-13,FR,rn,RN,far-right,press,press_characterisation,Financial Times,Marine Le Pen vows to put French citizens first in campaign launch - Financial Times,https://news.google.com/rss/articles/CBMihAFBVV95cUxNVGYwOEJScVJZcGZmc21kT25lSm1UVTdCRS14TGs5Nm1FMGMtTy1SekNxT1oyQmtDdEFIbERPMmY2UUJzSDUxVy1heTlDQzNKbUc5MU5wbnhXLTc2WENmS0JmR3p0NzFZNUwzbF9oMkMzdktjQUw1d3dJM2QzVmpOTEZMWVk?oc=5,,Marine Le Pen launched a campaign pledging to prioritize French citizens first.,Marine Le Pen,,,,,rn-4,1,high,,,,
f37af1fa07a05f8f3c71,2026-W38,2026-09-13,FR,rn,RN,far-right,press,press_characterisation,Le Monde.fr,"Poll: Le Pen begins presidential campaign in strongest position ever amid worried, angry electorate - Le Monde.fr",https://news.google.com/rss/articles/CBMihgJBVV95cUxQZEtWMEcyN082eHNoOGdyUVpNcFk4a2x4YnVQN2FWc2p0TGZaT2pWVmY5X1V2YkZvbUpQRW1CUjZCdndacWd4cW1oWEdnTDFkSmVuRzBPd3BjQ3d1R3pIdXNsWE9vRmNfV0NPVWhMVzdvWnM5dDB6d3hkeU82VE1LQ1BHbWFFMVY4NTdXLV85WHhDTjZoNmRwQmk0SWFqY3h3LU1kTWwzbGt0QnNJOVpTQzA4dDZHdEx3c2ZJaHNuVTlFS3lBOWZjRXBSYUJZWGozOTJCWFlWSzQtN3l2N2stczlKbFRaRlE2QU5mcjBwWjREQWZmSlNGekdmbXFBU0tXZlE4YzJB?oc=5,,"Marine Le Pen enters the presidential campaign in her strongest polling position to date, according to a survey showing a worried and angry electorate.",Marine Le Pen,,,,,rn-1,1,high,,,,
6832dcbec0f09c0bb371,2026-W38,2026-09-13,FR,rn,RN,far-right,press,press_characterisation,Le Monde.fr,Le Pen pledges to put French citizens first at presidential campaign launch - Le Monde.fr,https://news.google.com/rss/articles/CBMi2gFBVV95cUxOdnM5bkxaNENFWV9MRnJ0QkZHSWdXZXVfdGZxNTVqMXNPb0hrbnBXd211aWMtZnJFZ1lEUGRxN2Z1ZGV5SzM3SHN3ZTh2TFY4US1TNFdYVXFEa2JXNDY0TVlBd0ZIRTBGMU1USFcyMlRqYndHb0hSaV96SVNaUXIxdXZVWUdSSDgxbXY2SEdIUGxsQmRIYTVhZ0JqcHJ2elN4RWRzU0U1WUNuXzRiMnpxeVJYWTl1WmpCVHNQRF82emEyNnk4cTNzaFJQTERRQVRpQTFYMXI3Ml9Pdw?oc=5,,Marine Le Pen launched her presidential campaign pledging to prioritize French citizens first.,Marine Le Pen,,,,,rn-0,1,high,,,,
f22167b2658c16430fd6,2026-W38,2026-09-14,FR,lfi,LFI,far-left,site_scrape,party_document,lafranceinsoumise.fr,L’ouverture du procès d’Aramburu nous rappelle que l’extrême droite tue,https://lafranceinsoumise.fr/2026/09/07/louverture-du-proces-daramburu-nous-rappelle-que-lextreme-droite-tue/,,"La France insoumise issued a statement on the opening of the trial for the 2022 murder of Argentine rugby player Federico Martin Aramburu by far-right activists Loïk Le Priol and Romain Bouvier, stating that the far-right is responsible for 90% of ideological murders and pledging to oppose it in parliament, elections, and the streets.",Loïk Le Priol; Romain Bouvier,0,La France insoumise,"Les deux militants d'extrême droite ont, selon la vidéosurveillance et les multiples témoins, pourchassé Federico Martin Aramburu et Shaun Hegarty, l'un de ses amis rugbyman, après une bagarre entre les 4 hommes dans un bar parisien.","The two far-right activists, according to video surveillance and multiple witnesses, chased Federico Martin Aramburu and Shaun Hegarty, one of his rugby player friends, after a fight between the 4 men in a Parisian bar.",lfi-6,1,high,,,,
f22167b2658c16430fd6,2026-W38,2026-09-14,FR,lfi,LFI,far-left,site_scrape,party_document,lafranceinsoumise.fr,L’ouverture du procès d’Aramburu nous rappelle que l’extrême droite tue,https://lafranceinsoumise.fr/2026/09/07/louverture-du-proces-daramburu-nous-rappelle-que-lextreme-droite-tue/,,"La France insoumise issued a statement on the opening of the trial for the 2022 murder of Argentine rugby player Federico Martin Aramburu by far-right activists Loïk Le Priol and Romain Bouvier, stating that the far-right is responsible for 90% of ideological murders and pledging to oppose it in parliament, elections, and the streets.",Loïk Le Priol; Romain Bouvier,1,La France insoumise,"Cet assassinat commis par des néonazis nous met face à la violence meurtrière de l'extrême droite, qui est responsable de 90% des meurtres idéologiques.","This assassination committed by neo-Nazis confronts us with the murderous violence of the far-right, which is responsible for 90% of ideological murders.",lfi-6,1,high,,,,
f22167b2658c16430fd6,2026-W38,2026-09-14,FR,lfi,LFI,far-left,site_scrape,party_document,lafranceinsoumise.fr,L’ouverture du procès d’Aramburu nous rappelle que l’extrême droite tue,https://lafranceinsoumise.fr/2026/09/07/louverture-du-proces-daramburu-nous-rappelle-que-lextreme-droite-tue/,,"La France insoumise issued a statement on the opening of the trial for the 2022 murder of Argentine rugby player Federico Martin Aramburu by far-right activists Loïk Le Priol and Romain Bouvier, stating that the far-right is responsible for 90% of ideological murders and pledging to oppose it in parliament, elections, and the streets.",Loïk Le Priol; Romain Bouvier,2,La France insoumise,"À l'Assemblée nationale, dans les urnes et dans la rue, nous continuerons à nous y opposer par tous les moyens à notre disposition.","In the National Assembly, at the ballot box and in the streets, we will continue to oppose it by all means at our disposal.",lfi-6,1,high,,,,
61dbab89cce86c3a4fc7,2026-W38,2026-09-14,FR,lfi,LFI,far-left,site_scrape,party_document,lafranceinsoumise.fr,Communiqué de presse - Ukraine : critiquer la guerre ne peut pas valoir quinze ans de prison,https://lafranceinsoumise.fr/2026/09/08/communique-de-presse-ukraine-critiquer-la-guerre-ne-peut-pas-valoir-quinze-ans-de-prison/,,"La France insoumise condemns the fifteen-year prison sentence given to Ukrainian socialist activist Bogdan Syrotiuk for writing articles critical of the Ukrainian government and NATO, calling for the annulment of his conviction while reaffirming condemnation of the Russian invasion.",La France insoumise,0,La France insoumise,"Le 10 août 2026, un tribunal ukrainien a condamné Bogdan Syrotiuk, militant socialiste de 27 ans, à quinze années de prison pour « haute trahison », assorties de la confiscation de ses biens.","On August 10, 2026, a Ukrainian court sentenced Bogdan Syrotiuk, a 27-year-old socialist activist, to fifteen years in prison for 'high treason', along with the confiscation of his property.",lfi-4,1,high,,,,
61dbab89cce86c3a4fc7,2026-W38,2026-09-14,FR,lfi,LFI,far-left,site_scrape,party_document,lafranceinsoumise.fr,Communiqué de presse - Ukraine : critiquer la guerre ne peut pas valoir quinze ans de prison,https://lafranceinsoumise.fr/2026/09/08/communique-de-presse-ukraine-critiquer-la-guerre-ne-peut-pas-valoir-quinze-ans-de-prison/,,"La France insoumise condemns the fifteen-year prison sentence given to Ukrainian socialist activist Bogdan Syrotiuk for writing articles critical of the Ukrainian government and NATO, calling for the annulment of his conviction while reaffirming condemnation of the Russian invasion.",La France insoumise,1,La France insoumise,"La France insoumise condamne sans réserve l'invasion russe, défend la souveraineté et l'intégrité territoriale de l'Ukraine ainsi que le droit du peuple ukrainien à la paix.","La France insoumise unreservedly condemns the Russian invasion, defends the sovereignty and territorial integrity of Ukraine as well as the right of the Ukrainian people to peace.",lfi-4,1,high,,,,
61dbab89cce86c3a4fc7,2026-W38,2026-09-14,FR,lfi,LFI,far-left,site_scrape,party_document,lafranceinsoumise.fr,Communiqué de presse - Ukraine : critiquer la guerre ne peut pas valoir quinze ans de prison,https://lafranceinsoumise.fr/2026/09/08/communique-de-presse-ukraine-critiquer-la-guerre-ne-peut-pas-valoir-quinze-ans-de-prison/,,"La France insoumise condemns the fifteen-year prison sentence given to Ukrainian socialist activist Bogdan Syrotiuk for writing articles critical of the Ukrainian government and NATO, calling for the annulment of his conviction while reaffirming condemnation of the Russian invasion.",La France insoumise,2,La France insoumise,La solidarité avec un peuple agressé n'impose jamais l'alignement sur son gouvernement.,Solidarity with an attacked people never requires alignment with its government.,lfi-4,1,high,,,,
abe415e011d1a0db846a,2026-W38,2026-09-14,FR,lfi,LFI,far-left,site_scrape,party_document,lafranceinsoumise.fr,Pourquoi nous ne répondrons à aucune invitation de BFMTV cette semaine,https://lafranceinsoumise.fr/2026/09/09/pourquoi-nous-ne-repondrons-a-aucune-invitation-de-bfmtv-cette-semaine/,,"La France insoumise announces a boycott of BFMTV this week, citing last-minute cancellations, editorial drift toward far-right themes, and false reporting about Rima Hassan's detention.",Mathilde Panot; Manuel Bompard; Rima Hassan,0,La France insoumise,"Ainsi, nous avons observé avec stupéfaction la place prépondérante donnée à des plateaux durant lesquels des thèses racistes ou encore des propos climatosceptiques sont monnaie courante.","Thus, we have observed with astonishment the predominant place given to programs during which racist theses or climate-skeptic remarks are commonplace.",lfi-3,1,high,,,,
abe415e011d1a0db846a,2026-W38,2026-09-14,FR,lfi,LFI,far-left,site_scrape,party_document,lafranceinsoumise.fr,Pourquoi nous ne répondrons à aucune invitation de BFMTV cette semaine,https://lafranceinsoumise.fr/2026/09/09/pourquoi-nous-ne-repondrons-a-aucune-invitation-de-bfmtv-cette-semaine/,,"La France insoumise announces a boycott of BFMTV this week, citing last-minute cancellations, editorial drift toward far-right themes, and false reporting about Rima Hassan's detention.",Mathilde Panot; Manuel Bompard; Rima Hassan,1,La France insoumise,"Pendant plusieurs heures ont été relayées sur cette antenne, sans aucune prudence, des accusations graves sur la possible détention de drogue de sa part lors d'une garde à vue. Ces informations se sont avérées fausses mais rien n'a été fait par la chaîne pour corriger cette désinformation manifeste.","For several hours, serious accusations about her possible possession of drugs during police custody were broadcast on this channel without any caution. This information proved false but nothing was done by the channel to correct this obvious disinformation.",lfi-3,1,high,,,,
d5075f4c95a256f2a874,2026-W38,2026-09-14,FR,lfi,LFI,far-left,press,press_characterisation,ProtoThema English,Le Pen and Melenchon on course for French presidential run-off as center ground sidelined - ProtoThema English,https://news.google.com/rss/articles/CBMixAFBVV95cUxQYmJoQWcxWmkwdFBHaXNmLURfWGRodmcybHlUY0p1RnN2dF9jT3NRNTUtdkNDT29UVVMzSU1od0VLdWNESmQ3aUc1Y2llQy1KbmJhencwVElEOWJkUGo3UjRFNDB5YUJGNjZsZzRlQjM3RVpzc0NGb3pQUi1kTkRJclI3STZwR3lBd3RnbGcxVHZQcDR2NEN4RVlHeWlVWGZJdDNDRTlzNEE3NXJGZUo4TXBfcVBBdzAtVkt4UHRIaE0xVW9z?oc=5,,"Marine Le Pen and Jean-Luc Mélenchon are projected to advance to a French presidential run-off election, with centrist candidates being sidelined.",Marine Le Pen; Jean-Luc Mélenchon,,,,,lfi-0,1,high,,,,
a18f32d9ce578cdaee87,2026-W38,2026-09-14,AT,fpo,FPÖ,far-right,site_scrape,party_document,www.fpoe.at,"25 Jahre 9/11: Wahres Gedenken bedeutet, unsere Bürger vor Terror zu schützen",https://www.fpoe.at/aktuell/artikel-detailansicht/25-jahre-9-11-wahres-gedenken-bedeutet-unsere-buerger-vor-terror-zu-schuetzen,,"FPÖ leader Herbert Kickl, marking the 25th anniversary of 9/11, warns against imported Islamism in Europe and calls for building a ""Fortress Austria"" with border protection and an absolute asylum stop.",Herbert Kickl,0,Herbert Kickl,"Der 11. September 2001 hat die Welt für immer verändert. Es war die Geburtsstunde des islamistischen Terrors in der westlichen Welt, der tausende unschuldige Menschenleben gefordert hat.","September 11, 2001 changed the world forever. It was the birth of Islamist terror in the Western world, which has claimed thousands of innocent lives.",fpo-7,1,high,,,,
a18f32d9ce578cdaee87,2026-W38,2026-09-14,AT,fpo,FPÖ,far-right,site_scrape,party_document,www.fpoe.at,"25 Jahre 9/11: Wahres Gedenken bedeutet, unsere Bürger vor Terror zu schützen",https://www.fpoe.at/aktuell/artikel-detailansicht/25-jahre-9-11-wahres-gedenken-bedeutet-unsere-buerger-vor-terror-zu-schuetzen,,"FPÖ leader Herbert Kickl, marking the 25th anniversary of 9/11, warns against imported Islamism in Europe and calls for building a ""Fortress Austria"" with border protection and an absolute asylum stop.",Herbert Kickl,1,Herbert Kickl,"Wir mussten schmerzhaft miterleben, wie der Terror auch unseren Kontinent erfasst hat. Diese tragische Entwicklung wurde durch den unkontrollierten Grenzsturm des Jahres 2015 massiv befeuert.",We had to painfully witness how terror also gripped our continent. This tragic development was massively fueled by the uncontrolled border storm of 2015.,fpo-7,1,high,,,,
a18f32d9ce578cdaee87,2026-W38,2026-09-14,AT,fpo,FPÖ,far-right,site_scrape,party_document,www.fpoe.at,"25 Jahre 9/11: Wahres Gedenken bedeutet, unsere Bürger vor Terror zu schützen",https://www.fpoe.at/aktuell/artikel-detailansicht/25-jahre-9-11-wahres-gedenken-bedeutet-unsere-buerger-vor-terror-zu-schuetzen,,"FPÖ leader Herbert Kickl, marking the 25th anniversary of 9/11, warns against imported Islamism in Europe and calls for building a ""Fortress Austria"" with border protection and an absolute asylum stop.",Herbert Kickl,2,Herbert Kickl,"Es braucht den Bau der ‚Festung Österreich' mit echtem Grenzschutz und einem absoluten Asyl-Stopp. Nur so können wir garantieren, dass unser Land sicher bleibt und unsere Freiheit verteidigt wird!",We need to build 'Fortress Austria' with real border protection and an absolute asylum stop. Only in this way can we guarantee that our country remains safe and our freedom is defended!,fpo-7,1,high,,,,
67ff34bba4bacd72be39,2026-W38,2026-09-14,AT,fpo,FPÖ,far-right,site_scrape,party_document,www.fpoe.at,"Bablers ORF-""Zukunftsforum"" war eine Farce, Ergebnisse sind mieser Reformschwindel",https://www.fpoe.at/aktuell/artikel-detailansicht/bablers-orf-zukunftsforum-war-eine-farce-ergebnisse-sind-mieser-reformschwindel,,"FPÖ media spokesperson Christian Hafenecker criticizes SPÖ leader Andreas Babler's ORF reform forum as a sham that cements government control over the public broadcaster, demanding abolition of the mandatory ORF fee and announcing a planned referendum on ORF reform.",Christian Hafenecker,0,Christian Hafenecker,"Wenn kritische Stiftungsräte kurzerhand ausgeschlossen und Vertreter privater Medien zu Statisten degradiert werden, dann hat das nichts mit einem ehrlichen Dialog zu tun. Das war keine Reformdebatte, das war eine Krönungsmesse für den eigenen Propaganda-Apparat, dessen Ergebnisse schon längst in Bablers Schublade vorbereitet lagen","When critical foundation council members are summarily excluded and representatives of private media are degraded to extras, then that has nothing to do with honest dialogue. That was not a reform debate, that was a coronation mass for their own propaganda apparatus, whose results had long been prepared in Babler's drawer",fpo-5,1,high,,,,
67ff34bba4bacd72be39,2026-W38,2026-09-14,AT,fpo,FPÖ,far-right,site_scrape,party_document,www.fpoe.at,"Bablers ORF-""Zukunftsforum"" war eine Farce, Ergebnisse sind mieser Reformschwindel",https://www.fpoe.at/aktuell/artikel-detailansicht/bablers-orf-zukunftsforum-war-eine-farce-ergebnisse-sind-mieser-reformschwindel,,"FPÖ media spokesperson Christian Hafenecker criticizes SPÖ leader Andreas Babler's ORF reform forum as a sham that cements government control over the public broadcaster, demanding abolition of the mandatory ORF fee and announcing a planned referendum on ORF reform.",Christian Hafenecker,1,Christian Hafenecker,"An erster Stelle steht die ersatzlose Abschaffung der ORF-Zwangssteuer! Es kann nicht sein, dass die Österreicher für eine Finanzierung von etwas zwangsverpflichtet werden, das sie in weiten Teilen weder sehen wollen noch als objektiv empfinden.",First and foremost is the complete abolition of the ORF mandatory tax! It cannot be that Austrians are compulsorily obligated to finance something that they largely neither want to watch nor perceive as objective.,fpo-5,1,high,,,,
141518e7852d609091bd,2026-W38,2026-09-14,AT,fpo,FPÖ,far-right,site_scrape,party_document,www.fpoe.at,"Schluss mit dem Herumlavieren, Herr Kanzler!",https://www.fpoe.at/aktuell/artikel-detailansicht/schluss-mit-dem-herumlavieren-herr-kanzler,,"FPÖ General Secretary Michael Schnedlitz criticizes the ÖVP government for failing to implement a ban on political Islam and calls on them to support the FPÖ's legislative proposal, accusing the ÖVP of enabling mass immigration and Islamization over forty years in government.",Michael Schnedlitz; Christian Stocker; Claudia Bauer; Maximilian Krauss; Omar Al-Rawi,0,Michael Schnedlitz,"Statt leerer Ankündigungen, Rückzieher und wochenlangem Herumlavieren brauchen Kanzler Stocker und seine Integrationsministerin nur für eines zu sorgen: Die ÖVP soll dem längst beschlussfertig im Parlament vorliegenden FPÖ-Antrag für ein Verbotsgesetz gegen den politischen Islam zustimmen","Instead of empty announcements, backtracking and weeks of wavering, Chancellor Stocker and his Integration Minister only need to ensure one thing: The ÖVP should approve the FPÖ motion for a ban law against political Islam that has long been ready for decision in Parliament",fpo-3,1,high,,,,
141518e7852d609091bd,2026-W38,2026-09-14,AT,fpo,FPÖ,far-right,site_scrape,party_document,www.fpoe.at,"Schluss mit dem Herumlavieren, Herr Kanzler!",https://www.fpoe.at/aktuell/artikel-detailansicht/schluss-mit-dem-herumlavieren-herr-kanzler,,"FPÖ General Secretary Michael Schnedlitz criticizes the ÖVP government for failing to implement a ban on political Islam and calls on them to support the FPÖ's legislative proposal, accusing the ÖVP of enabling mass immigration and Islamization over forty years in government.",Michael Schnedlitz; Christian Stocker; Claudia Bauer; Maximilian Krauss; Omar Al-Rawi,1,Michael Schnedlitz,"Wer den islamistischen Terrorismus bekämpfen will, der muss diesem zuerst das ideologische Fundament entziehen",Whoever wants to fight Islamist terrorism must first remove its ideological foundation,fpo-3,1,high,,,,
141518e7852d609091bd,2026-W38,2026-09-14,AT,fpo,FPÖ,far-right,site_scrape,party_document,www.fpoe.at,"Schluss mit dem Herumlavieren, Herr Kanzler!",https://www.fpoe.at/aktuell/artikel-detailansicht/schluss-mit-dem-herumlavieren-herr-kanzler,,"FPÖ General Secretary Michael Schnedlitz criticizes the ÖVP government for failing to implement a ban on political Islam and calls on them to support the FPÖ's legislative proposal, accusing the ÖVP of enabling mass immigration and Islamization over forty years in government.",Michael Schnedlitz; Christian Stocker; Claudia Bauer; Maximilian Krauss; Omar Al-Rawi,2,Michael Schnedlitz,Der politische Islam ist die größte Bedrohung für die Sicherheit in Österreich,Political Islam is the greatest threat to security in Austria,fpo-3,1,high,,,,
141518e7852d609091bd,2026-W38,2026-09-14,AT,fpo,FPÖ,far-right,site_scrape,party_document,www.fpoe.at,"Schluss mit dem Herumlavieren, Herr Kanzler!",https://www.fpoe.at/aktuell/artikel-detailansicht/schluss-mit-dem-herumlavieren-herr-kanzler,,"FPÖ General Secretary Michael Schnedlitz criticizes the ÖVP government for failing to implement a ban on political Islam and calls on them to support the FPÖ's legislative proposal, accusing the ÖVP of enabling mass immigration and Islamization over forty years in government.",Michael Schnedlitz; Christian Stocker; Claudia Bauer; Maximilian Krauss; Omar Al-Rawi,3,Maximilian Krauss,"Das ist ein fatales Signal. Ein Gesetz ist keine Empfehlung, sondern gilt ab dem ersten Tag. Wenn das Kopftuchverbot gleich am ersten Schultag ignoriert wird, müssen die politisch Verantwortlichen im Bund und in Wien jetzt handeln","That is a fatal signal. A law is not a recommendation, but applies from the first day. If the headscarf ban is ignored on the very first day of school, those politically responsible at the federal level and in Vienna must now act",fpo-3,1,high,,,,
d81481a165d5099fb0ca,2026-W38,2026-09-14,AT,fpo,FPÖ,far-right,site_scrape,party_document,www.fpoe.at,News,https://www.fpoe.at/medien/news/kategorie/seite?tx_news_pi1%5BoverwriteDemand%5D%5Bcategories%5D=26,,The FPÖ criticizes the SPÖ social minister's new social welfare plans as creating incentives for migration into Austria's social system and calls for tighter restrictions on benefit recipients.,Freiheitliche Partei Österreichs,0,Freiheitliche Partei Österreichs,"SPÖ-Pläne schaffen massive Anreize für Migration in unser Sozialsystem, anstatt Daumen für Leistungsverweigerer enger zu schrauben.","SPÖ plans create massive incentives for migration into our social system, instead of tightening the screws on those who refuse to work.",fpo-1,1,high,,,,
d81481a165d5099fb0ca,2026-W38,2026-09-14,AT,fpo,FPÖ,far-right,site_scrape,party_document,www.fpoe.at,News,https://www.fpoe.at/medien/news/kategorie/seite?tx_news_pi1%5BoverwriteDemand%5D%5Bcategories%5D=26,,The FPÖ criticizes the SPÖ social minister's new social welfare plans as creating incentives for migration into Austria's social system and calls for tighter restrictions on benefit recipients.,Freiheitliche Partei Österreichs,1,Freiheitliche Partei Österreichs,75 Prozent sorgen sich um kulturelle Identität des Landes und orten größte gesellschaftliche Spannungen zwischen Einheimischen und Eingewanderten.,75 percent are concerned about the cultural identity of the country and identify the greatest social tensions between natives and immigrants.,fpo-1,1,high,,,,
6c227cc9502986e1690e,2026-W38,2026-09-08,BE,vlaamsbelang,Vlaams Belang,far-right,press,press_characterisation,EU Today,EU court backs IKEA’s challenge to Vlaams Belang campaign branding - EU Today,https://news.google.com/rss/articles/CBMigwFBVV95cUxNMVE1a3VMYlJHNDFjZUpPYmJhV3hEWU4zMG1pZlVFV2pseHBHWEZaSlhMTmdKdjBoeThYd2tuejd0ckMxbklZNTRWT0JtV1VJaHJzYXpBcVdWUFFMQlRqakJ6eFYwV2JqTzZnRFZob0Z5U3Q0cGY1TXJRd1dZWHNMWTViOA?oc=5,,An EU court ruled in favor of IKEA's legal challenge against Vlaams Belang's use of branding in a campaign.,Vlaams Belang,,,,,vlaamsbelang-0,1,high,,,,
d6f4f2ea00e1a63625b3,2026-W38,2026-09-14,SE,sd,SD,far-right,press,press_characterisation,thenationalnews.com,Sweden’s general election on a knife-edge as far-right trails by narrow margin - thenationalnews.com,https://news.google.com/rss/articles/CBMizgFBVV95cUxQT2QxMldDVFBKVmpQbGt3ZFUyOENJNEJJRFFtRHNRS0pRUzQ5NWV1WTBXMjJ5MGdFeV9mU3FQYk1ZdW9MUVluT1k3Q1Zidkprdjg0WGRBZzF1Z3N6dXlOM3hvRTR1Sk54ZEtXS2VUMzR6WThlWWhkcTIxNXFPMkRsX1JfMzFjOGpRSHlOUGdUYUE5U0RfZ213aFZBSVBhZDdwSHVPbEtWWUdva1BkSm1GU0tZa0c5R2F3WjZtSEo0Tzc4S3h0Q3I0UjR5eFVPZw?oc=5,,Sweden Democrats are trailing by a narrow margin in Sweden's general election according to polling data.,Sweden Democrats,,,,,sd-0,1,high,,,,
a84c2518ae95a100a8b1,2026-W38,2026-09-13,ES,vox,Vox,far-right,press,press_characterisation,Demócrata,"General elections survey: after Ceuta, Vox gains up to 6 seats while the PP loses up to 7 and the PSOE holds firm, according to Target Point - Demócrata",https://news.google.com/rss/articles/CBMiygJBVV95cUxObE5HRFBod0FWeF96RmJaT2ZaTk5DMG5rMlJfbktMT2p1YldobXVqR0hGTVZIczhtSXJ2VkI0UE1va1V3aWZtb0JXeGI1T0lwOC1RVGJBckY0bmFuUzVveWNrWWJERWlKZExLQWRQVHh0MGp4THRQaVhNWWZXeWtuVkZTOXN2QldPVjBGNGhJdnFKNTJCUUk0SGxXNS1ZY1EtZVB3MVh3NGZ3LXc4d0RHZDBoUlpqNkJTQWlXTFF4QmJ1cXl2RXRCdkQ1UThRb3VCN3RWT3Q4b2txLWw5SnVJSnRZc2JQLVZjcGk2cUZRdkpXREVkSkFITEg3QjdjZ0xUNklXWTBIdWlJTl9nYkZlSWNIV3AxRUMtUUd4MDRvLU83YmstcjF4b3pQdVV0RGVCaDF3eEFsSTBERV85Njk4QzR4cWxVU2x6NlHSAcoCQVVfeXFMTmxOR0RQaHdBVnhfekZiWk9mWk5OQzBuazJSX25LTE9qdWJXaG11akdIRk1WSHM4bUlydlZCNFBNb2tVd2lmbW9CV3hiNU9JcDgtUVRiQXJGNG5hblM1b3lja1liREVpSmRMS0FkUFR4dDBqeEx0UGlYTVlmV3lrblZGUzlzdkJXT1YwRjRoSXZxSjUyQlFJNEhsVzUtWWNRLWVQdzFYdzRmdy13OHdER2QwaFJaajZCU0FpV0xReEJidXF5dkV0QnZENVE4UW91Qjd0Vk90OG9rcS1sOUp1SUp0WXNiUC1WY3BpNnFGUXZKV0RFZEpBSExIN0I3Y2dMVDZJV1kwSHVpSU5fZ2JGZUljSFdwMUVDLVFHeDA0by1PN2JrLXIxeG96UHVVdERlQmgxd3hBbEkwREVfOTY5OEM0eHFsVVNsejZR?oc=5,,"A Target Point survey shows Vox gaining up to 6 parliamentary seats following events in Ceuta, while PP loses up to 7 seats and PSOE maintains its position.",Vox,,,,,vox-6,1,high,,,,
f45b4386866fe0f743ef,2026-W38,2026-09-13,ES,vox,Vox,far-right,press,press_characterisation,Demócrata,"General elections survey: after Ceuta, Abascal gains 4 seats, Feijóo yields 1 and Sánchez loses 3 while PP and Vox reach 212, according to Hamalgama - Demócrata",https://news.google.com/rss/articles/CBMi0wJBVV95cUxPRFp3WmNfcm9EV0U1bFZvM1UzNTdwdDJId1J6RDhfdTBxcFgzTUlQQURkczVneko1dXlPT3R4czBOZFF5VDNYNVQxYjZzeDR2aUdxWlI0eVpYM3c5bk1OUGNLa3lsQXlPVXJvWkgxYkZoZ2loMmtYTXpaT2RrckEtb2FPczhTSldBQmQ4dW94d01xUnZsbExKVDFPMmhEdXVFa1ByZkdRQl8zQXZaNUZGb213cExRWTI2YVJxT0JiMWllUTBwS1otUzZSUU9nOGdINFR2SGtFdXl4OEw3Q2l3WFdmQ0t1SnNId2kwRVBCMi1xdWhoSWVPOUVsVVZCSmNGN2c3TnpSUThyaGNoTVV4MjZWamdMYVRhUTVGY2xZTk5UUmJhUEZELTM0ZlJyTW50Z0pRYldBVmM2OG5vWjBPTS0wNldVcnJWM3U2bWN1SEtJSzjSAdMCQVVfeXFMT0Rad1pjX3JvRFdFNWxWbzNVMzU3cHQySHdSekQ4X3UwcXBYM01JUEFEZHM1Z3pKNXV5T090eHMwTmRReVQzWDVUMWI2c3g0dmlHcVpSNHlaWDN3OW5NTlBjS2t5bEF5T1Vyb1pIMWJGaGdpaDJrWE16Wk9ka3JBLW9hT3M4U0pXQUJkOHVveHdNcVJ2bGxMSlQxTzJoRHV1RWtQcmZHUUJfM0F2WjVGRm9td3BMUVkyNmFScU9CYjFpZVEwcEtaLVM2UlFPZzhnSDRUdkhrRXV5eDhMN0Npd1hXZkNLdUpzSHdpMEVQQjItcXVoaEllTzlFbFVWQkpjRjdnN056UlE4cmhjaE1VeDI2VmpnTGFUYVE1RmNsWU5OVFJiYVBGRC0zNGZSck1udGdKUWJXQVZjNjhub1owT00tMDZXVXJyVjN1Nm1jdUhLSUs4?oc=5,,"A Hamalgama poll shows Vox gaining 4 seats after events in Ceuta, with PP and Vox together reaching 212 seats in a potential coalition while PSOE loses 3 seats.",Santiago Abascal,,,,,vox-5,1,high,,,,
0a41e46e8c7bf1424d3b,2026-W38,2026-09-12,ES,vox,Vox,far-right,press,press_characterisation,El Constitucional,"Fear gives wings to Vox after the Ceuta crisis: the far-right grows, but clashes with Vivas' popular wall - El Constitucional",https://news.google.com/rss/articles/CBMi_gFBVV95cUxNelFLMW5XU0ZIY0pqbWlUMDR1MzFkSVhYVGYtTTZDaTFNYWNUcnh2M255RTZoblRTN3RiVkRKRDlYWUNDQVE5MW1vZzhlRlN1V1RES2g1X0ZKLXpDdlVuN0JtTnNSeHlWZW5ZWW5BNDlrT1gxNmxKd1dxV0xRR3JGUnBGTkFJNzZQT3dyLXJNa2NXVkxCOUZqeEU5UG9fSFdJTVZkOVl0Qm5LcWs1aVJZU3k1dWE1NUtCNDFHYlpydVNuejI0SWZQaTNfa1FFLW1QeXNJTEdJZzNKdkVEZ2NmQm0wSGFhSTRFVndXbzJkNHp6czRHeDlCZTNXV2l1UQ?oc=5,,"Vox experienced electoral growth following the Ceuta crisis, though faced opposition from Popular Party figure Vivas.",Vox,,,,,vox-4,1,high,,,,
ea7378ad5a36326dbbf6,2026-W38,2026-09-11,ES,vox,Vox,far-right,press,press_reported_speech,El Constitucional,"Abascal takes his offensive for Ceuta to the extreme and accuses Sánchez of acting as ""an agent of the Moroccan government"" - El Constitucional",https://news.google.com/rss/articles/CBMilwJBVV95cUxNb0tjZmJBS2U4TEoyOWN0TVI5enFkbEVIMS1FMGxTcEE3N1dzNHJnX0o1RmdyZEt5RnREYWtTdU1tS09Wakg1VXgtT0NWRmdFd0g3Z0Z1ZFVta2lpS091elFaMkdhcF9maFh3TzM2cWtXUUJIcmN5Ym9SN0ZhOWxlZ2ZLMTRfak9JbDF6M1JBcHRmYkFlQnVBZG9rRGsya21xUEUxOFItTXU0SWUtZDg5b2hvZDFRREJBNzB0c3dtSFZJclZKRWJIRkJPUENhbkkybXZGYjZOYzNraFdVTkJiaDNkNWdXSE9kcGtUSG5LYWI3V1JkMzIxQS0zQ1ZIbHVKNXVGa2txNTZRN2wzN0swT01iQW5hRzA?oc=5,,Vox leader Santiago Abascal accused Spanish Prime Minister Pedro Sánchez of acting as an agent of the Moroccan government in relation to Ceuta.,Santiago Abascal,0,Santiago Abascal,un agente del gobierno marroquí,an agent of the Moroccan government,vox-3,1,high,,,,
7d24113359fceaa18844,2026-W38,2026-09-12,ES,podemos,Podemos,far-left,press,press_characterisation,Demócrata,IU claims that it will not set boundaries to a broad leftist bloc after the departure of Irene Montero. - Demócrata,https://news.google.com/rss/articles/CBMi3AFBVV95cUxPNmowdU1WaF9PN0F6cnRiX2hLandGSy1hZ0s2NWdmaWZiY01BZEtvTFlWM2lZUjJfUURNWHJIMFMwUnptTWlVdHlib185VmJ4Qnh4VGlhNV9hLUZJY3MzWDc1bk9GMkY5THAwQXNQMlR5bTRnWS1NZFRUUWZhWEtWTEtjSGdiVkEwa2JCRTVFcDFGZElGVElHM3FYOER2ZnVVblgyd2tTN0RGNFNIMlJ1ZjJmdjdWa1NhRng4dzQ2Y0MxV0dnT28wMWVVU2tEa3dsMER0Sm1CbFBQblY20gHcAUFVX3lxTE82ajB1TVZoX083QXpydGJfaEtqd0ZLLWFnSzY1Z2ZpZmJjTUFkS29MWVYzaVlSMl9RRE1YckgwUzBSem1NaVV0eWJvXzlWYnhCeHhUaWE1X2EtRkljczNYNzVuT0YyRjlMcDBBc1AyVHltNGdZLU1kVFRRZmFYS1ZMS2NIZ2JWQTBrYkJFNUVwMUZkSUZUSUczcVg4RHZmdVVuWDJ3a1M3REY0U0gyUnVmMmZ2N1ZrU2FGeDh3NDZjQzFXR2dPbzAxZVVTa0Rrd2wwRHRKbUJsUFBuVjY?oc=5,,Izquierda Unida states it will not impose limits on forming a broad leftist coalition following Irene Montero's departure from Podemos.,Irene Montero,,,,,podemos-0,1,high,,,,
363a397675d3b9de434d,2026-W38,2026-09-14,GB,reformuk,Reform UK,far-right,press,press_characterisation,The Guardian,How could Reform UK spend its £72m of new billionaire donations? - The Guardian,https://news.google.com/rss/articles/CBMisAFBVV95cUxNQU5ka0RQUmdPS25TcF85anBFbHlfbmZZN2RKUEZjamkza0VyTENoTm5ScElnOGJKVlY4Y2RkUk1kZ2F4ZGJVV3dGcHpaNGNHYkxMRmIteHpVeHZHNGpBSmgtS05IY0ZCVFpROGltbEQ3cGszTC00QWs2Y3FqYU4tSURJbFBta3VpakFyaWdPZXYwM1RRbDF4OFktQUVESElEOENqWUtmelc5dEVreFd3QQ?oc=5,,The Guardian reports on Reform UK receiving £72 million in new billionaire donations and discusses potential spending plans.,Reform UK,,,,,reformuk-7,1,high,,,,
8e8fa0bceea16df5de94,2026-W38,2026-09-13,GB,reformuk,Reform UK,far-right,press,press_characterisation,The Japan Times,Farage’s Reform UK raises record £72 million in 24 hours — from two crypto billionaires - The Japan Times,https://news.google.com/rss/articles/CBMimgFBVV95cUxOSmpKbVd6WFpKTlQ5NGxPd0w2eEVPc0JsVXNiemVWTVhZdVAxZjZfUV9LNUV0dHpjdC11MkJ5eWdSeDhYcUM0UmRxQnljTnRyQUZhdUR4Tm9fcF9JNnlNTmR6SFVWMEp3M3V4bE1TQlRLQlJrMmJhRmtFTzhxSmowZmpzY0RpejNtNjl4ZHk3VGZvSHdPcFhHcjN3?oc=5,,Reform UK raised a record £72 million in 24 hours from two cryptocurrency billionaires.,Nigel Farage,,,,,reformuk-5,1,high,,,,
b2d73e80dd45aa7c235a,2026-W38,2026-09-12,GB,reformuk,Reform UK,far-right,press,press_characterisation,Al Jazeera,Second crypto billionaire donates record $49m to far-right Reform UK - Al Jazeera,https://news.google.com/rss/articles/CBMirAFBVV95cUxNbWZuSW5oVXFxRFB0QzBuM0FGMFl5aV9VaXNhTGk4N3pQYnBrTFp6bV94RU1IaXVMa2xLdnV0S2FiNWRTeGRjcXk0YzFwWGtHcjFZQkRYdzQwMU9wVzNKNDlLcWN3LW9OMHZPNXFXLThaSUY4T3REejNnX0RpNWM1ZEZlcGVheWFJY1JtaUdFV1EwVDNfSkozZ0hMZHBFb2JfZVBTT3I2NDdidjQ30gGyAUFVX3lxTFB0aWh1UzdfWUtHSEdkamlzcklkMU83cmtTaXRKSmx6MEJ5c3VfLVl1bUZ4UllHanRXSFY0Szk0bWZ2LU5ZVDdDcWw4MHRjVjNPMlVIRWlQYmg2N25kNzRzX0lhREpLYkVhSDRFTDZUY3NTampIX1pEMEdvSTB4RjZLcGxyMVZxRzdURHNhcGhCWjZRbk9vdmNKNnFoSTZreHEyT29PVUtHTGlZODNlTlZKeEE?oc=5,,A second cryptocurrency billionaire donated a record 49 million dollars to Reform UK according to Al Jazeera reporting.,Reform UK,,,,,reformuk-4,1,high,,,,
1a3025abddae710356f8,2026-W38,2026-09-12,GB,reformuk,Reform UK,far-right,press,press_characterisation,The Guardian,Donations of £72m make Reform’s prospects both rosier and riskier - The Guardian,https://news.google.com/rss/articles/CBMikwFBVV95cUxNNEpRTHV1aHdfYTFZMjZFbTBNel9QUHBZNktRV2VoVDEwWkZvQy1ubFp0X1RhemJYNENEQ2tSMjUxYnJpTlVfNXBEZVVRVkZ2X2lHTE95U3pPVnVRMVBEZ0NxTnd0VmVuNmlVN3VoV1A0NWlmWEw3amt0NDVOZXlpZEFJWTA3OHoxUTZ6cXBVakt5akk?oc=5,,"Reform UK received donations totaling £72 million, which The Guardian reports creates both opportunities and risks for the party's prospects.",Reform UK,,,,,reformuk-2,1,high,,,,
72a1bacbd7e1e4ddb845,2026-W38,2026-09-12,GB,reformuk,Reform UK,far-right,press,press_characterisation,AP News,"Crypto billionaires give $97 million to Reform UK, fueling concerns about money in politics - AP News",https://news.google.com/rss/articles/CBMimwFBVV95cUxPeFRzcjEybkJFb1lhT1Rod1NHa2NXNWtURkNzTHJYQ19SblNUU0xFOVhxVUpnZVE1Y3hzM0t0cTQxZjRKbWRLdVFlSW43a254QzE0N2VmTzhIV09ZRGhCaTlCNzRGMUJwM2RGT3M5TjBuT3IzZ2VPUnRsTDFNMm40X1JzYl9VX1hORUpfcVpfQTVlZWNtQmFuWXB1Zw?oc=5,,"Cryptocurrency billionaires donated $97 million to Reform UK, raising concerns about the influence of money in politics.",,,,,,reformuk-1,1,high,,,,
653ceb8e06eda4f0b9bc,2026-W38,2026-09-12,GB,reformuk,Reform UK,far-right,press,press_characterisation,Reuters,Farage's Reform UK lands second record £36 million donation in 48 hours - Reuters,https://news.google.com/rss/articles/CBMiuAFBVV95cUxQUTNpQUZmemxkOGh4bEtlV0pYb3NlR2lwYTlUMWs0emtlNTJiZUdFZDBFa0pscEd4dVRKRDd0YVp6VUFrdXVqX2pTRHBBMkVEcDFzZVlIcjRrdDc5cUM0UFBvS0V5cGdGcTBKSlF6d3p2Z1p0dkJGdmU4SDdqcGp4VC1SU3ZSMFpMVzlWeDE0bzlVbFRNVmJVaHhjbjZPdmpNZEctTklTSkFacFF3Z1pOZTZNSU9oWkFw?oc=5,,Reform UK received a second record donation of £36 million within 48 hours.,Nigel Farage,,,,,reformuk-0,1,high,,,,
72859edbc758360d21c3,2026-W38,2026-09-11,GB,wpb,WPB,far-left,press,press_characterisation,YouTube,The Real Reason They Want War with Iran - YouTube,https://news.google.com/rss/articles/CBMiXEFVX3lxTFB2UHNCMXoxbVJoNkgzNmlucEhuQTFZT3VLNjJGNHAwRW51X3hudWlXcnRXaENyelprQ1NpX0VxekZmc3NIX2txY01vaElxcjNyakxVM0VQMWEwaXhz?oc=5,,The Workers Party of Britain published a YouTube video titled 'The Real Reason They Want War with Iran' addressing potential military conflict with Iran.,Workers Party of Britain,,,,,wpb-4,1,high,,,,
06af062e4c5f205d0571,2026-W38,2026-09-13,IL,otzma,Otzma Yehudit,far-right,press,press_characterisation,The Jerusalem Post,"Benjamin Netanyahu may seek broad coalition, leaving Itamar Ben-Gvir out - The Jerusalem Post",https://news.google.com/rss/articles/CBMiaEFVX3lxTE5sbjlHUmQ3SVY4LWhObFZZMTBselhVSS1sd0c4dk5XNzJpMTUwM3ZuamFJUUx0aHVfUnZwZ3VOX043YkdOcmduSUJzaENwY2FIZHZtRTV2WW9FNXNrUzRmQ1kzSHNIYmJ3?oc=5,,Benjamin Netanyahu may pursue a broad coalition government that would exclude Itamar Ben-Gvir and Otzma Yehudit from participation.,Benjamin Netanyahu; Itamar Ben-Gvir,,,,,otzma-6,1,high,,,,
4f756fc1cd121d91fdf8,2026-W38,2026-09-11,IL,otzma,Otzma Yehudit,far-right,press,press_characterisation,Israel National News,After political split: Ben Gvir asks for forgiveness - Israel National News,https://news.google.com/rss/articles/CBMiWkFVX3lxTFBKZm9ETzE5Y1hjcEYxVVE2TzBlZjBpNmZsdFdlQlVuN25Ycmo3VmZOZ1hiZkpmaGh5NFdycDZYU2s5b3A0cDJWN0ZoOUY3VU9ITWhsczk1ZEFxZw?oc=5,,Itamar Ben Gvir publicly asks for forgiveness following a political split within his party or coalition.,Itamar Ben Gvir,,,,,otzma-5,1,high,,,,
572b2df281e79f5f4c84,2026-W38,2026-09-11,IL,otzma,Otzma Yehudit,far-right,press,press_characterisation,The Times of Israel,Likud MK suggests there's no ideological difference between his party and the far-right Otzma Yehudit - The Times of Israel,https://news.google.com/rss/articles/CBMi3wFBVV95cUxPUXNZOXFkOFR2SEU3YVE1bVRIRlZFNkpIejFZZHZ4cDVCdnR6THFzUDVrRHp1ZDFib3B1Yk1meEhiWXhOY3o0WmJQU3NFOHVoNzE5UUpzS0l2cXh3WGN5M05iVWpRZTM0ZzNiVXFibDhlSjlPUnB6LUxWNDF5eVNpdUpYajRqVjJpZlloM1Z6VWNPd0NBcnQ5elJZQTE1NnFtNVdGTjI1WDRGOHZTcVJ2emFtaWVGUDZYSEVpck43bk9FdDZONnBIdWdpU01xa1FXakUwNkpQSldENmFncnlv?oc=5,,An unnamed Likud MK suggested there is no ideological difference between Likud and the far-right Otzma Yehudit party.,Likud MK (unnamed),,,,,otzma-4,1,high,,,,
9a1bfb59283250adea88,2026-W38,2026-09-10,IL,otzma,Otzma Yehudit,far-right,press,press_characterisation,The Jerusalem Post,"Ben-Gvir sues Eisenkot for NIS 100,000 over 'false attribution of incitement to killing, racism' - The Jerusalem Post",https://news.google.com/rss/articles/CBMie0FVX3lxTFBPTFJQa0lhNmNYM25mZWJXOWJSRmNRZ0pkbWI3OVJPSS10T2hKVVZ3cm0zWG5fOTR1dWxfVF92cFZjTW9Nel9nWHZyaDREWmRaTzVzZ0pNeWVhcXRVUzBzSG5WMl9mVVJfdThOeWdXNUN6b0VVd21oa21WSQ?oc=5,,"National Security Minister Itamar Ben-Gvir filed a lawsuit for NIS 100,000 against Gadi Eisenkot over alleged false attribution of incitement to killing and racism.",Itamar Ben-Gvir; Gadi Eisenkot,,,,,otzma-3,1,high,,,,
b203e8529a194f27f895,2026-W38,2026-09-10,IL,otzma,Otzma Yehudit,far-right,press,press_characterisation,i24NEWS,Ben Gvir's Otzma Yehudit Alleges Netanyahu Is Preparing Alliance With Eisenkot - i24NEWS,https://news.google.com/rss/articles/CBMizAFBVV95cUxNLUpqRWp1T01OcnZLbHZvMXg3YjBuNXo3aWt3MXVLMVpRdlR5S1Z1aHVBY1NoQ082Z1ZINEJDVHpuVWhIaVpMX0R5M3ZGd2JfVWJab2xYeUI2TkRqbkdsbnpSVE5vbTRkZEVhcDA1LWN2NHZiLVlDUXpuRDdrRC1jZnN2NWxJUFRNY1ZUV0hGbUpLYXpvUWR3ckZxZ1FrN0l0LW1SWl9EWjJUQVhseDFQbnlkM2lXeUVBQzRTaTZ5TWdNTEpXMXlqZjdwQzg?oc=5,,Otzma Yehudit alleges that Prime Minister Netanyahu is preparing a political alliance with former IDF Chief of Staff Gadi Eisenkot.,Itamar Ben Gvir; Benjamin Netanyahu; Gadi Eisenkot,,,,,otzma-2,1,high,,,,
e74ee6c9dab4c1dea174,2026-W38,2026-09-10,IL,otzma,Otzma Yehudit,far-right,press,press_characterisation,Israel National News,"Otzma Yehudit: “Netanyahu has already chosen Eisenkot"" - Israel National News",https://news.google.com/rss/articles/CBMiWkFVX3lxTE5RYmM2aVQ3MTFTSEFTbFRZRmt0NVpnRTczaXAyeC01UzBxczVHdElCcGx6V1lfUXg2VloybXQ0bkhFQUxUSlZhQ2NDQk1OQThtWVo4TUNaN1V5Zw?oc=5,,Otzma Yehudit claims that Prime Minister Netanyahu has already chosen Eisenkot for an unspecified position.,Benjamin Netanyahu; Gadi Eisenkot,,,,,otzma-0,1,high,,,,
9a9b1d548864c2224864,2026-W38,2026-09-14,IL,hadash,Hadash,far-left,press,press_characterisation,thearabweekly.com,Israeli culture minister seeks to revoke citizenship of NAZA directors - thearabweekly.com,https://news.google.com/rss/articles/CBMilAFBVV95cUxOaFpUVkgwSHo0b0t5QUNlMm9QRGgtdEJGM2hMSGVuUldtQkpUTDJpT2dYRjFqSlVoVDhmQWFJdVJ6VmxYRXRpYndoMmp4UHR5b1dSaG43bVJCZ2c5bFowTzNrV0pwSTduOFhrTUpSaGFuWjFIdWUzUUxoSFhod185dHNtYVRieC1OTU1wNkE0UVBQVG1i?oc=5,,The Israeli culture minister is seeking to revoke the citizenship of directors associated with NAZA.,Israeli Culture Minister,,,,,hadash-8,1,high,,,,
27bba71b997c51506b7b,2026-W38,2026-09-14,IL,hadash,Hadash,far-left,press,press_characterisation,middleeastmonitor.com,Likud seeks to bar two Arab lists from Israel’s next Knesset election - middleeastmonitor.com,https://news.google.com/rss/articles/CBMisgFBVV95cUxNam5PTFlDQWVLRDhLZ1l0RVZ6ZHQ5N2FaekFCUXlzSUliOVlIUDV5WDlOS1ItR1pHeEs2LXh4bXF5dzl0TGQwTTk0OHZ4dGVRM0tjcTZwMHl4UDBwNHdyVDJkam9mak84a0ZxTlJncDRYZ1VIQzJmalV1MUdlbG5NYllCS1p6RHNFSVNIQjVUbnQxRFBFMkRfMXZEX1N2OGJmeXNsOFB0Y0UwMHdJYUN4UUhn0gG3AUFVX3lxTE1uVldmc1ZOQk40dG52bTFockFWUzBnQThhWkdUTGU4QWhyWEh1N09GNEVtUk00SDVHa2RhcmFlV0JqMnMzLUFreDBDM3c4V1VFV19MZWhyc1YwVGJLOW9USFl3Y0djSng1ek51bTN3d3V6WGdIMV9QRTBPd2FZYWtQZldTV3BHWWVLd3hJZzBDSFcxcHdpZWhSZ3EyNFFuV29EcDQtMFRGeWNQU1VQTzNjeExTaGFaTQ?oc=5,,Likud is attempting to disqualify two Arab electoral lists from participating in Israel's upcoming Knesset election.,Likud,,,,,hadash-6,1,high,,,,
93553c39f626243476e0,2026-W38,2026-09-14,IL,hadash,Hadash,far-left,press,press_characterisation,idcommunism.com,Netanyahu’s Likud moves to ban Communist-backed Joint List from October election - idcommunism.com,https://news.google.com/rss/articles/CBMivAFBVV95cUxQbnUycjdSdTY1ODFmYlZNdlRqU24tcmtMVlBsNEVRUGs4ekJzNUlwbXAzSWJGeEg3TTlocFM5RmZrdExjUWpzUlI5bnJxc3hQUFdkMU50VTVjYUYyczhMMWNmNm9zWnhRbHB5REc1Q3N0TzFlQ3I3VGw2SHc3ak9RdHRtZk5GR0hLb1dlcGpzYXEyRDVFSWs5MHA5Ymo4VUdpRk5mU1dGc1JLT010cWhmLXlQSmd4cF9VQVZBNw?oc=5,,"Netanyahu's Likud party is attempting to ban the Joint List, which includes Hadash, from participating in the October election.",Benjamin Netanyahu,,,,,hadash-4,1,high,,,,
2b6d6de29efb3c36d95b,2026-W38,2026-09-14,IL,hadash,Hadash,far-left,press,press_characterisation,Middle East Eye,"Knesset member warns Arab town faces threat of expulsion, settler terror - Middle East Eye",https://news.google.com/rss/articles/CBMiwwFBVV95cUxOcWpvQkVHVUQ4NE9ha0tkSmRjc0FxRGlhVVd0Tk9ibGt0OXQ4RWp4c1UxMTBlWFJjaXpNVXF0VHJPWjlxV2t1T0hJeFhDU3pfUDF0V2VReWpqZE1FN3RhLVdHdTlOQm9lUENmNmdxM3JZeEI4TE80MDlqQmVtWnhWU0VneldYUjN3cDU0YkhxVTZYOG9VUzVuNWlHR0xjXy1uM0tTNXMwX0wxQlRaN2lEUUwtZFM2SktGTWZwMXAzdHhNNEU?oc=5,,A Knesset member from Hadash warned that an Arab town faces threats of expulsion and settler violence.,Hadash,,,,,hadash-2,1,high,,,,
2239e454e098f061478f,2026-W38,2026-09-13,IL,hadash,Hadash,far-left,press,press_characterisation,The Times of Israel,Galilee Arab municipality says West Bank settlers erected an outpost on its land - The Times of Israel,https://news.google.com/rss/articles/CBMisAFBVV95cUxPMjNkLVY2My02OWx2MHZ5dGFsSnFtcjF6Q3h5MHpNMnhRQmVmMlhrWGFBTkZpTkxaOHJtNGFVbkVpSS10Qjh4Mi1LVERJcU5EVWg2bmhmQTF1ZGs3RXNwSHhrLW90bm9KNWI4WUdLZmw3LUkwV0hxUUVDME9CNTBOU1ZFVDBiUlNqT19wcGNsR3oyNDJrN3hyU1VpQm8yWkpncFk0S2FMX1I3cWtmSjBMM9IBtgFBVV95cUxORS1xU2x5NWdrNVFEUDJST3ZBNDBWT0stRGw4Z1I5QXI4N21MMTg4dWV4d1g4S2M2Vi1YSHVaYW5ZeUt0LXF4SU5TU0VzR2hBbEhYNE50RFFGdHpfOHY2NFFrTEk4RVBXTG4tSHMzWER3R05EWENTUHNXcFctRTAxaE9MajVpM1VPX0tDeHVzMEZmV1ZPcnVCbVBZOG5PYzJKbmhlMndtUms0dzlwZjN1Tjl3Zll3dw?oc=5,,A Galilee Arab municipality claims that West Bank settlers have erected an outpost on land belonging to the municipality.,,,,,,hadash-1,1,high,,,,
59ddd2494534a88f7f36,2026-W38,2026-09-16,GR,niki,NIKI,far-right,site_scrape,party_document,nikh.gr,"Η Ελλάδα δεν μπορεί να είναι ξέφραγο αμπέλι, ούτε οι φυλακές της αποθήκες της κυβερνητικής αποτυχίας",https://nikh.gr/i-ellada-den-borei-na-einai-xefrago-abeli-oute-oi-fylakes-tis-apothikes-tis-kyvernitikis-apotychias/,,"NIKI criticizes the government for prison overcrowding (14,055 inmates in facilities designed for 10,763) and links this to failed migration policy, demanding improved correctional infrastructure, border protection, and zero tolerance for violence in prisons.",NIKI,0,NIKI,Η Ελλάδα δεν μπορεί να είναι ξέφραγο αμπέλι και οι φυλακές της αποθήκες της κυβερνητικής αποτυχίας.,Greece cannot be an open vineyard and its prisons warehouses of governmental failure.,niki-9,1,high,,,,
59ddd2494534a88f7f36,2026-W38,2026-09-16,GR,niki,NIKI,far-right,site_scrape,party_document,nikh.gr,"Η Ελλάδα δεν μπορεί να είναι ξέφραγο αμπέλι, ούτε οι φυλακές της αποθήκες της κυβερνητικής αποτυχίας",https://nikh.gr/i-ellada-den-borei-na-einai-xefrago-abeli-oute-oi-fylakes-tis-apothikes-tis-kyvernitikis-apotychias/,,"NIKI criticizes the government for prison overcrowding (14,055 inmates in facilities designed for 10,763) and links this to failed migration policy, demanding improved correctional infrastructure, border protection, and zero tolerance for violence in prisons.",NIKI,1,NIKI,"Η ΝΙΚΗ ζητά ένα σοβαρό σωφρονιστικό σύστημα, με επαρκή στελέχωση, ενίσχυση των σωφρονιστικών υπαλλήλων, ασφαλείς και αξιοπρεπείς υποδομές, μηδενική ανοχή στη βία και πραγματικά προγράμματα εκπαίδευσης και επανένταξης","NIKI demands a serious correctional system, with adequate staffing, reinforcement of correctional staff, safe and dignified infrastructure, zero tolerance for violence and real education and reintegration programs",niki-9,1,high,,,,
e89508af43f1d3048476,2026-W38,2026-09-16,GR,niki,NIKI,far-right,site_scrape,party_document,nikh.gr,Οικονομόπουλος: Η ΝΙΚΗ τίμησε στη Σκιάθο τους ήρωες του υποβρυχίου «Κατσώνης»,https://nikh.gr/oikonomopoulos-i-niki-timise-sti-skiatho-tous-iroes-tou-ypovrychiou-katsonis/,,"NIKI party, represented by MP Tasos Oikonomopoulos, participated in the ""Katsoneια 2026"" memorial ceremony in Skiathos on 14 September 2026, laying a wreath to honor the 32 crew members of the submarine ""Katsonis"" who died in combat on 14 September 1943 during World War II.",Τάσος Οικονομόπουλος,0,NIKI,"Η ΝΙΚΗ τιμά τους ήρωες του Πολεμικού Ναυτικού και κρατά ζωντανή την ιστορική μνήμη, ως χρέος απέναντι στους νεκρούς και ευθύνη απέναντι στις επόμενες γενιές.","NIKI honors the heroes of the Navy and keeps historical memory alive, as a duty to the dead and a responsibility to future generations.",niki-8,1,high,,,,
12e42d722c257a938409,2026-W38,2026-09-16,GR,niki,NIKI,far-right,site_scrape,party_document,nikh.gr,Νατσιός: «Σώζεις» το σπίτι σου μόνο αν το θελήσουν οι πιστωτές; Η παγίδα πίσω από τη νέα ρύθμιση του εξωδικαστικού,https://nikh.gr/natsios-sozeis-to-spiti-sou-mono-an-to-thelisoun-oi-pistotes-i-pagida-piso-apo-ti-nea-rythmisi-tou-exodikastikou/,,"NIKI president Dimitris Natsios submitted a parliamentary question to the Minister of National Economy and Finance Kyriakos Pierrakakis challenging the new out-of-court debt settlement mechanism, arguing that debtors cannot independently request to dispose of other property to save their primary residence but must wait for creditors to propose this option.",Dimitris Natsios,0,NIKI,"Η νέα διάταξη προβλέπει ότι οι συμμετέχοντες πιστωτές μπορούν να υποβάλουν αντιπρόταση, η οποία περιλαμβάνει την εκποίηση των υπόλοιπων ακινήτων του οφειλέτη, με εξαίρεση την κύρια κατοικία.","The new provision stipulates that participating creditors can submit a counterproposal, which includes the disposal of the debtor's remaining properties, with the exception of the primary residence.",niki-7,1,high,,,,
12e42d722c257a938409,2026-W38,2026-09-16,GR,niki,NIKI,far-right,site_scrape,party_document,nikh.gr,Νατσιός: «Σώζεις» το σπίτι σου μόνο αν το θελήσουν οι πιστωτές; Η παγίδα πίσω από τη νέα ρύθμιση του εξωδικαστικού,https://nikh.gr/natsios-sozeis-to-spiti-sou-mono-an-to-thelisoun-oi-pistotes-i-pagida-piso-apo-ti-nea-rythmisi-tou-exodikastikou/,,"NIKI president Dimitris Natsios submitted a parliamentary question to the Minister of National Economy and Finance Kyriakos Pierrakakis challenging the new out-of-court debt settlement mechanism, arguing that debtors cannot independently request to dispose of other property to save their primary residence but must wait for creditors to propose this option.",Dimitris Natsios,1,Dimitris Natsios,Ο Δημήτρης Νατσιός ζητά να διευκρινιστεί γιατί ένας πολίτης που επιθυμεί να διαθέσει άλλο ακίνητο προκειμένου να διατηρήσει το σπίτι στο οποίο κατοικεί δεν μπορεί ο ίδιος να ζητήσει την ενεργοποίηση αυτής της διαδικασίας με σαφείς και αντικειμενικούς όρους.,Dimitris Natsios asks for clarification as to why a citizen who wishes to dispose of another property in order to keep the house in which they live cannot themselves request the activation of this procedure with clear and objective terms.,niki-7,1,high,,,,
218a84b50b564bbb4174,2026-W38,2026-09-15,GR,mera25,MeRA25,far-left,site_scrape,party_document,mera25.gr,ΜέΡΑ25 app,https://mera25.gr/i-mnimi-den-einai-skoupidi-den-tha-afisoume-ta-idiotika-mme-na-xeplynoun-tous-nazi-dolofonous/,,MeRA25 issued a statement condemning private media channels for broadcasting the release of convicted neo-Nazi Ilias Kasidiaris and called for a demonstration on 18 September 2026 at the Pavlos Fyssas memorial in Kokkinias.,MeRA25,0,MeRA25,"Το αίμα δεν είναι νερό, η μνήμη δεν είναι σκουπίδι και ο φασισμός δεν είναι gossip.","Blood is not water, memory is not garbage, and fascism is not gossip.",mera25-5,1,high,,,,
218a84b50b564bbb4174,2026-W38,2026-09-15,GR,mera25,MeRA25,far-left,site_scrape,party_document,mera25.gr,ΜέΡΑ25 app,https://mera25.gr/i-mnimi-den-einai-skoupidi-den-tha-afisoume-ta-idiotika-mme-na-xeplynoun-tous-nazi-dolofonous/,,MeRA25 issued a statement condemning private media channels for broadcasting the release of convicted neo-Nazi Ilias Kasidiaris and called for a demonstration on 18 September 2026 at the Pavlos Fyssas memorial in Kokkinias.,MeRA25,1,MeRA25,"Ως ΜέΡΑ25 Ενωτική Αριστερά καλούμε κάθε εργαζόμενο, εργαζόμενη, νέο και νέα την Παρασκευή 18 Σεπτεμβρίου στις 17:30, στο μνημείο του Παύλου Φύσσα, για να διαδηλώσουμε μέσα από τις γειτονιές του μπλόκου της Κοκκινιάς και της Αντιφασιστικής Αντίστασης ενάντια σε κάθε απόπειρά νεκρανάστασης των ναζιστών εγκληματιών.","As MeRA25 United Left we call on every worker, male and female, young man and woman on Friday 18 September at 17:30, at the Pavlos Fyssas memorial, to demonstrate through the neighborhoods of the Kokkinias block and the Antifascist Resistance against any attempt at resurrection of the Nazi criminals.",mera25-5,1,high,,,,
218a84b50b564bbb4174,2026-W38,2026-09-15,GR,mera25,MeRA25,far-left,site_scrape,party_document,mera25.gr,ΜέΡΑ25 app,https://mera25.gr/i-mnimi-den-einai-skoupidi-den-tha-afisoume-ta-idiotika-mme-na-xeplynoun-tous-nazi-dolofonous/,,MeRA25 issued a statement condemning private media channels for broadcasting the release of convicted neo-Nazi Ilias Kasidiaris and called for a demonstration on 18 September 2026 at the Pavlos Fyssas memorial in Kokkinias.,MeRA25,2,MeRA25,Η προσπάθεια κανονικοποίησης του φασισμού δεν θα περάσει Ο ναζισμός θα τσακιστεί ξανά!,The attempt to normalize fascism will not pass. Nazism will be crushed again!,mera25-5,1,high,,,,
e7b106f6d6e56402f073,2026-W38,2026-09-15,GR,syriza,SYRIZA,far-left,press,press_characterisation,The Press Project,Opposition parties react to convicted Golden Dawn leader’s planned political comeback - The Press Project,https://news.google.com/rss/articles/CBMisgFBVV95cUxOU1hoR3IwNF9KT0xyZ3doQ2cwaklIUlBzSUFjN1NVWWtLQ1IxalhZWVMxSzhadl92UnJBMUVIN0ZwVzlPa3BuRnh4VnItblUyZklTWlFzaW1aYWVtWTN0eWpCalRuaVRpVzVHYkh2TmxqY2xTbVJJMndia1pCXzNmcXpvdDJvZHlCTjAyZTB3VGJ0NDE0VVFRTWxUVXkwUlJVYkoyekt4U3NhbFVEbm9xblN3?oc=5,,SYRIZA – Progressive Alliance issued a public statement reacting to the planned political comeback of a convicted Golden Dawn leader.,SYRIZA – Progressive Alliance,,,,,syriza-1,1,high,,,,
ed37bb3207777154b1fe,2026-W38,2026-09-16,DE,afd,AfD,far-right,site_scrape,party_document,www.afd.de,Alice Weidel: Zehn-Punkte-Plan der Merz-Regierung ist der Offenbarungseid einer gescheiterten Migrationspolitik - Alternative für Deutschland,https://www.afd.de/alice-weidel-zehn-punkte-plan-der-merz-regierung-ist-der-offenbarungseid-einer-gescheiterten-migrationspolitik/,,"AfD federal spokesperson Alice Weidel criticized the Merz government's ten-point plan against Islamist terror as an admission of failed migration policy, demanding instead border protection, deportation of Islamist threats, and an indefinite migration stop from culturally foreign countries.",Alice Weidel,0,Alice Weidel,"Der jetzt vorgelegte ‚Zehn-Punkte-Plan' ist nichts anderes als das Eingeständnis, dass die Migrationspolitik der Bundesregierung restlos gescheitert ist.",The now-presented 'ten-point plan' is nothing other than the admission that the federal government's migration policy has completely failed.,afd-14,1,high,,,,
ed37bb3207777154b1fe,2026-W38,2026-09-16,DE,afd,AfD,far-right,site_scrape,party_document,www.afd.de,Alice Weidel: Zehn-Punkte-Plan der Merz-Regierung ist der Offenbarungseid einer gescheiterten Migrationspolitik - Alternative für Deutschland,https://www.afd.de/alice-weidel-zehn-punkte-plan-der-merz-regierung-ist-der-offenbarungseid-einer-gescheiterten-migrationspolitik/,,"AfD federal spokesperson Alice Weidel criticized the Merz government's ten-point plan against Islamist terror as an admission of failed migration policy, demanding instead border protection, deportation of Islamist threats, and an indefinite migration stop from culturally foreign countries.",Alice Weidel,1,Alice Weidel,"Deutschland braucht keine halbherzigen Absichtserklärungen, sondern eine sofortige, echte Migrationswende! Dazu gehören der lückenlose und dauerhafte Schutz unserer Landesgrenzen, die sofortige und rigorose Abschiebung aller islamistischen Gefährder sowie ein strikter, unbefristeter Aufnahmestopp für Migranten aus kulturfremden Herkunftsländern.","Germany does not need half-hearted declarations of intent, but an immediate, genuine migration turnaround! This includes comprehensive and permanent protection of our national borders, the immediate and rigorous deportation of all Islamist threats, as well as a strict, indefinite admission stop for migrants from culturally foreign countries of origin.",afd-14,1,high,,,,
5e405299b33adc89e98b,2026-W38,2026-09-16,DE,afd,AfD,far-right,site_scrape,party_document,www.afd.de,Sven Tritschler: Kanzler Merz fordert das Ende der Meinungsfreiheit - Alternative für Deutschland,https://www.afd.de/sven-tritschler-kanzler-merz-fordert-das-ende-der-meinungsfreiheit/,,"AfD deputy federal spokesman Sven Tritschler criticized Chancellor Merz for stating ""Please, nobody come to me with Free Speech"" at a Youth Research competition, accusing him of demanding the end of freedom of expression and a free society.",Sven Tritschler; Friedrich Merz,0,Friedrich Merz,Bitte komme mir keiner mit Free Spech,"Please, nobody come to me with Free Speech",afd-13,1,high,,,,
5e405299b33adc89e98b,2026-W38,2026-09-16,DE,afd,AfD,far-right,site_scrape,party_document,www.afd.de,Sven Tritschler: Kanzler Merz fordert das Ende der Meinungsfreiheit - Alternative für Deutschland,https://www.afd.de/sven-tritschler-kanzler-merz-fordert-das-ende-der-meinungsfreiheit/,,"AfD deputy federal spokesman Sven Tritschler criticized Chancellor Merz for stating ""Please, nobody come to me with Free Speech"" at a Youth Research competition, accusing him of demanding the end of freedom of expression and a free society.",Sven Tritschler; Friedrich Merz,1,Sven Tritschler,"Mit seiner Äußerung ‚Bitte komme mir keiner mit Free Spech' und seiner Forderung, der Staat müsse Bürger ‚vor falschen Informationen, vor persönlichen Herabsetzungen, vor Diskriminierung' schützen, fordert der Kanzler nichts weniger als das Ende einer freiheitlichen Gesellschaft wie wir sie kennen.","With his statement 'Please, nobody come to me with Free Speech' and his demand that the state must protect citizens 'from false information, from personal degradation, from discrimination,' the Chancellor is demanding nothing less than the end of a free society as we know it.",afd-13,1,high,,,,
5e405299b33adc89e98b,2026-W38,2026-09-16,DE,afd,AfD,far-right,site_scrape,party_document,www.afd.de,Sven Tritschler: Kanzler Merz fordert das Ende der Meinungsfreiheit - Alternative für Deutschland,https://www.afd.de/sven-tritschler-kanzler-merz-fordert-das-ende-der-meinungsfreiheit/,,"AfD deputy federal spokesman Sven Tritschler criticized Chancellor Merz for stating ""Please, nobody come to me with Free Speech"" at a Youth Research competition, accusing him of demanding the end of freedom of expression and a free society.",Sven Tritschler; Friedrich Merz,2,Sven Tritschler,"Wer prüft denn, ob eine Information richtig oder falsch ist? Ein Wahrheitsministerium? Nein, Merz fordert das Ende der Meinungsfreiheit.","Who checks whether information is right or wrong? A Ministry of Truth? No, Merz is demanding the end of freedom of expression.",afd-13,1,high,,,,
515381151645dc2151d5,2026-W38,2026-09-14,DE,afd,AfD,far-right,press,press_characterisation,The New Voice of Ukraine,AfD leader vows to end German support for Ukraine if elected - The New Voice of Ukraine,https://news.google.com/rss/articles/CBMirwFBVV95cUxPaTRTWXYzcVk1Y2Y5eUg4SzVaTXVDV251cFZSRFdoelljbmJORURIRXA0a3lGaG5HUUd6Ym9fZi1zb0Zac2RFeVhic3BuekkyWW1GQUc0X3dlTUNzLTZqdzhYaUtabVNyLXpYb0I0b3NrRFNEZk9MdzliRVgtbWcwSHpaWmtyRXh1WlQ5QUd1VXg0SXlVbEgyaFh4SHhqckVyWlRWSkl3bXIyQjY0QURJ0gGrAUFVX3lxTE10dmdsY25pWGRtaXpEbjJFOGpyMWI0SF9uenlLUFdzTjNMLWJRVW1BT2c0dURTWnNvZzJvdTZENjB6dVdIVElEaHFKTXFIRzA5OWpLZ0FjcEd2MkJTNTBCMlBvclBENldPNk9VUjBIN3BSN19UeXBpeGNTYlJWNElRTmRlcWZkS21zX1ZBZkkzVUNKeHRaZ1kxb2dIUW9KTE5iM1dEalRlNFBBTQ?oc=5,,An AfD leader has pledged to terminate German support for Ukraine if the party wins election.,AfD leader,,,,,afd-8,1,high,,,,
cfa7ed3d165ba6d65377,2026-W38,2026-09-13,DE,afd,AfD,far-right,press,press_characterisation,Anadolu Ajansı,AfD leader calls on Ukrainians in Germany to return home - Anadolu Ajansı,https://news.google.com/rss/articles/CBMinAFBVV95cUxPcW1kaDE0WU5JLTgtS29SSzRGNG92MUpJMUIxaE04WkJhYk1Xb2ZOcE5veVZ4T0otU1NBQ1U3VTBvSkdEdVRTZHdvM0VqX244T0NWQTNkU3dVbmtKT29Wc3Noa0hlMHZZRHVtRWhZdTJJeUFFUFV4OGVvQ1pCdEJMTnBfMmZ1ME9TN091X3JHNHZrdW83dW5kRGpQMng?oc=5,,An AfD leader publicly called on Ukrainians currently residing in Germany to return to their home country.,AfD leader,,,,,afd-7,1,high,,,,
7e93ff3d5532263f8d15,2026-W38,2026-09-13,DE,afd,AfD,far-right,press,press_characterisation,DIE ZEIT,"Kanzler und Koalition: AfD-Sieg, Streit und miese Umfragen: Merz unter Druck - DIE ZEIT",https://news.google.com/rss/articles/CBMikAFBVV95cUxPWk5mOFdxTThZTjNHQXJfYnNCTG5MNEJCQzREUE8xQlBKR25lSGNuWFR6SG1GVTZJYTVxaTBjWC1xZzR3YnBvbzdBaWJaM1ZFcUR5akJaVVdWUkMyTk5XWlI0d0I4dC1ad1BJSVNwS29YMF9rajJ4dDh0X3laZTVrelJRellmNmdGVHBhZUlCeEg?oc=5,,"Media reports that Chancellor Friedrich Merz faces pressure following an AfD electoral victory, coalition disputes, and poor polling numbers.",Friedrich Merz,,,,,afd-6,1,high,,,,
35b312b8fe9ec6f2bb92,2026-W38,2026-09-13,DE,afd,AfD,far-right,press,press_characterisation,The Guardian,The AfD won a shock election in Germany. Elon Musk was thrilled - The Guardian,https://news.google.com/rss/articles/CBMifEFVX3lxTE14bkJqMUJYRWlJb2dRellYcGZBOXgtTEFORm1LdXgxRTczQXNET1lpZ1N5Q2xZWnVCSU9zbjZtZkNqS1B3RVNvQ25XTTlSdlYxa1BmVjVuMV9SYi16ZjhKNjYxYjRpczFJNnRVb1F5RlM4M1lvS1lFdHZlbzU?oc=5,,"The AfD won an election in Germany described as a shock result, which drew positive reaction from Elon Musk.",Alternative für Deutschland,,,,,afd-5,1,high,,,,
f597650bd2e04c1e8417,2026-W38,2026-09-15,DE,heimat,Die Heimat,far-right,site_scrape,party_document,die-heimat.de,"Die umbenannte SED siegt wieder, diesmal bei den Kindern",https://die-heimat.de/berlin-u16-wahl-linke-sed-kaefer/,,"Die Heimat Berlin chairman Andreas Käfer criticized the Linke party's first-place finish (32.8%) in Berlin's U16 mock election, calling it a consequence of inadequate education about SED dictatorship history and demanding stronger instruction about DDR totalitarianism.",Andreas Käfer,0,Andreas Käfer,"Wenn eine Partei, die aus der SED hervorgegangen ist, bei Vierzehn- und Fünfzehnjährigen fast ein Drittel der Stimmen holt, dann hat das nichts mit den Kindern zu tun. Das hat mit dem zu tun, was ihnen im Unterricht erzählt wird, und mit dem, was ihnen dort nicht erzählt wird.","When a party that emerged from the SED gets almost a third of the votes among fourteen- and fifteen-year-olds, that has nothing to do with the children. It has to do with what they are told in class, and with what they are not told there.",heimat-3,1,high,,,,
f597650bd2e04c1e8417,2026-W38,2026-09-15,DE,heimat,Die Heimat,far-right,site_scrape,party_document,die-heimat.de,"Die umbenannte SED siegt wieder, diesmal bei den Kindern",https://die-heimat.de/berlin-u16-wahl-linke-sed-kaefer/,,"Die Heimat Berlin chairman Andreas Käfer criticized the Linke party's first-place finish (32.8%) in Berlin's U16 mock election, calling it a consequence of inadequate education about SED dictatorship history and demanding stronger instruction about DDR totalitarianism.",Andreas Käfer,1,Andreas Käfer,"Wer die Geschichte der SED-Diktatur verschweigt, braucht sich über ihre Wiederkehr nicht zu wundern.",Whoever conceals the history of the SED dictatorship should not be surprised about its return.,heimat-3,1,high,,,,
f597650bd2e04c1e8417,2026-W38,2026-09-15,DE,heimat,Die Heimat,far-right,site_scrape,party_document,die-heimat.de,"Die umbenannte SED siegt wieder, diesmal bei den Kindern",https://die-heimat.de/berlin-u16-wahl-linke-sed-kaefer/,,"Die Heimat Berlin chairman Andreas Käfer criticized the Linke party's first-place finish (32.8%) in Berlin's U16 mock election, calling it a consequence of inadequate education about SED dictatorship history and demanding stronger instruction about DDR totalitarianism.",Andreas Käfer,2,Andreas Käfer,"Die Linke enteignet gern das, was sie selbst verkauft hat. Erst der Ausverkauf, dann die große Empörung darüber. Das ist keine Wohnungspolitik, das ist Amnesie mit Programm.","Die Linke likes to expropriate what it sold itself. First the sell-off, then the great outrage about it. That's not housing policy, that's amnesia by design.",heimat-3,1,high,,,,
ead9055df3fbbba99d2b,2026-W38,2026-09-15,DE,heimat,Die Heimat,far-right,site_scrape,party_document,die-heimat.de,"15,55 % für Manfred Börm und die HEIMAT",https://die-heimat.de/handorf-boerm-kommunalwahl-2026/,,"Die Heimat's local electoral group in Handorf achieved 15.55% and two council seats in the 2026 municipal election, with state chairman Manfred Börm receiving the most individual votes of all candidates.",Manfred Börm,0,Manfred Börm,Die Obrigkeit hat kein Rückgrat,The authorities have no backbone,heimat-2,1,high,,,,
ead9055df3fbbba99d2b,2026-W38,2026-09-15,DE,heimat,Die Heimat,far-right,site_scrape,party_document,die-heimat.de,"15,55 % für Manfred Börm und die HEIMAT",https://die-heimat.de/handorf-boerm-kommunalwahl-2026/,,"Die Heimat's local electoral group in Handorf achieved 15.55% and two council seats in the 2026 municipal election, with state chairman Manfred Börm receiving the most individual votes of all candidates.",Manfred Börm,1,Manfred Börm,Wir leiden unter den Vorgaben der Bundespolitik.,We suffer under the directives of federal politics.,heimat-2,1,high,,,,
ead9055df3fbbba99d2b,2026-W38,2026-09-15,DE,heimat,Die Heimat,far-right,site_scrape,party_document,die-heimat.de,"15,55 % für Manfred Börm und die HEIMAT",https://die-heimat.de/handorf-boerm-kommunalwahl-2026/,,"Die Heimat's local electoral group in Handorf achieved 15.55% and two council seats in the 2026 municipal election, with state chairman Manfred Börm receiving the most individual votes of all candidates.",Manfred Börm,2,Manfred Börm,"Trotz meiner bekannten Vergangenheit haben die Leute mich gewählt, weil sie mich kannten und als Handwerksmeister auch akzeptierten.","Despite my known past, people voted for me because they knew me and also accepted me as a master craftsman.",heimat-2,1,high,,,,
e87415d58172458788e8,2026-W38,2026-09-16,DE,bsw,BSW,far-left,press,press_characterisation,Yahoo,BSW founder accuses AfD of derailing Saxony-Anhalt talks - Yahoo,https://news.google.com/rss/articles/CBMimAFBVV95cUxPNUdrYnAtd21nMUtZWWxXX05IQ2o5MmcwY1cwUG1IdDdadDlreHN5c296ckdUMTE2Y2x3bGNlQXVpYS01Nk4tampEZjRMZGJlR2tBYTY1Q19CSlVlNDFxR2tHSW5fVWdwTFJNVXU1c1VoWDdLMEt2ZWpYX2MxeWNwVnRCVnBJajhaTHR1Yll6OXdEazQtazNxUA?oc=5,,BSW founder Sahra Wagenknecht accused the AfD of derailing coalition or government formation talks in Saxony-Anhalt.,Sahra Wagenknecht,,,,,bsw-7,1,high,,,,
9af77a1045d16b20b21e,2026-W38,2026-09-16,DE,bsw,BSW,far-left,press,press_characterisation,The New Voice of Ukraine,Far-right AfD hits record polling support as Merz's conservative bloc slumps in Germany - The New Voice of Ukraine,https://news.google.com/rss/articles/CBMiuAFBVV95cUxOQzROMkpkamtWZFZpTi1GbTgtOHdrY1d3czRCaE5BMDZIa0UtNkZKVWRIR1hsX3NITjJHRklaYTVwem9tYmxqdU9UcHhqZzNSUmJqblo1d3RlQll2aG5JYUF2OWc4V1o4TU01cU1makVXV1JBSzdqVFc2cjBCV2s3djNzSnB1b25fSFV2V0xjV3h3Rm9WN01NcWpiNHJwZ3UxVmNpUXBJRmpTRlhPREdveFJjQjdqTnJr0gG0AUFVX3lxTE9nWTBYX3FvQ3cwdXpjbDRSNE9pTG1vbGpyTTNFcWFZX1BPem1sTW13Zk5pbElRbHVHTWtTUy1JdVRnUDdMbzMzLXFEMzNxNkdvMkVLVHg1dTFSNFF0SHhVaUdfbE96OTU5aWZaM3ZtNUZZcXU5S3ptc0UxYkVuM3J3NGpacWRLNHNaTEUwc2szOXdhVlpxU1NZVE91Mk5zMlJQMTc5OVdaXzQ5WnR3Q3VRWG5sWQ?oc=5,,The AfD has reached record polling support while the conservative bloc led by Merz has declined in Germany.,,,,,,bsw-5,1,high,,,,
7d80a542ef1b66f04fd9,2026-W38,2026-09-15,DE,dielinke,Die Linke,far-left,site_scrape,party_document,www.die-linke.de,Presseerklärungen,https://www.die-linke.de/start/presse/presseerklaerungen/,,"Die Linke issued multiple press statements in September 2026 criticizing the federal budget's military spending priorities, opposing Chancellor Merz's plan to abolish early retirement at 63, calling for better care financing redistribution, and demanding that ""never again war"" become the supreme principle of international politics on Anti-War Day.",Ines Schwerdtner; Luigi Pantisano; Sören Pellmann,,,,,dielinke-1,1,high,,,,
8a2d0cb1babd448aef08,2026-W38,2026-09-15,DE,dielinke,Die Linke,far-left,site_scrape,party_document,www.die-linke.de,Pflegefinanzierung auf bessere Füße stellen!,https://www.die-linke.de/start/presse/detail/news/pflegefinanzierung-auf-bessere-fuesse-stellen/,,Die Linke party chair Ines Schwerdtner calls for transforming Germany's care insurance into full coverage funded by all income types in response to municipal demands to redistribute care costs.,Ines Schwerdtner,0,Ines Schwerdtner,Die steigenden Pflegekosten sind nicht vom Himmel gefallen. Seit vielen Jahren ist Pflegebedürftigkeit ein Armutsrisiko.,"The rising care costs did not fall from the sky. For many years, needing care has been a poverty risk.",dielinke-2,1,high,,,,
8a2d0cb1babd448aef08,2026-W38,2026-09-15,DE,dielinke,Die Linke,far-left,site_scrape,party_document,www.die-linke.de,Pflegefinanzierung auf bessere Füße stellen!,https://www.die-linke.de/start/presse/detail/news/pflegefinanzierung-auf-bessere-fuesse-stellen/,,Die Linke party chair Ines Schwerdtner calls for transforming Germany's care insurance into full coverage funded by all income types in response to municipal demands to redistribute care costs.,Ines Schwerdtner,1,Ines Schwerdtner,"Die Pflegeversicherung muss zu einer Pflege-Vollversicherung ausgebaut werden und die Finanzierung auf breitere Füße gestellt werden. Wenn alle mit allen Einkommensarten einzahlen, muss niemand mehr Angst vor Pflegekosten haben.","Care insurance must be expanded into full care coverage and financing must be placed on broader footing. If everyone pays in with all income types, no one needs to fear care costs anymore.",dielinke-2,1,high,,,,
0d78740bd0996070ed03,2026-W38,2026-09-14,DE,dielinke,Die Linke,far-left,site_scrape,party_document,www.die-linke.de,Wahlbericht Landtagswahl Sachsen-Anhalt,https://www.die-linke.de/start/presse/detail/news/wahlbericht-landtagswahl-sachsen-anhalt/,,"Die Linke published an election report summarizing and commenting on the results of the Saxony-Anhalt state election, with party leaders issuing statements on care financing, federal budget, and pension policy in the election's aftermath.",Ines Schwerdtner; Luigi Pantisano,,,,,dielinke-0,1,high,,,,
3e3814c765c0a3e3c2f0,2026-W38,2026-09-16,FR,lfi,LFI,far-left,site_scrape,party_document,lafranceinsoumise.fr,À propos de la présence de la France insoumise sur BFMTV,https://lafranceinsoumise.fr/2026/09/16/a-propos-de-la-presence-de-la-france-insoumise-sur-bfmtv/,,"La France insoumise announced it will resume appearances on BFMTV after the channel made commitments on transparency, cancellations, and fact-checking, but will boycott specific programs it considers far-right oriented, including those hosted by Sonia Mabrouk and featuring Raphaël Enthoven or Robert Ménard.",La France insoumise,0,La France insoumise,"À la suite de la décision de la France insoumise de ne pas se rendre sur les plateaux de BFMTV la semaine dernière, des échanges ont eu lieu entre la France insoumise et la direction de la chaine.","Following La France insoumise's decision not to appear on BFMTV's programs last week, exchanges took place between La France insoumise and the channel's management.",lfi-11,1,high,,,,
3e3814c765c0a3e3c2f0,2026-W38,2026-09-16,FR,lfi,LFI,far-left,site_scrape,party_document,lafranceinsoumise.fr,À propos de la présence de la France insoumise sur BFMTV,https://lafranceinsoumise.fr/2026/09/16/a-propos-de-la-presence-de-la-france-insoumise-sur-bfmtv/,,"La France insoumise announced it will resume appearances on BFMTV after the channel made commitments on transparency, cancellations, and fact-checking, but will boycott specific programs it considers far-right oriented, including those hosted by Sonia Mabrouk and featuring Raphaël Enthoven or Robert Ménard.",La France insoumise,1,La France insoumise,"C'est la raison pour laquelle la France insoumise ne participera ni à l'émission animée par la journaliste Sonia Mabrouk, ni à celle mettant en scène des dialogues avec le propagandiste anti-LFI Raphaël Enthoven ou le maire d'extrême droite de Béziers Robert Ménard.","This is why La France insoumise will participate neither in the program hosted by journalist Sonia Mabrouk, nor in those featuring dialogues with anti-LFI propagandist Raphaël Enthoven or the far-right mayor of Béziers Robert Ménard.",lfi-11,1,high,,,,
8a0f83338d27d8e6be09,2026-W38,2026-09-15,FR,lfi,LFI,far-left,site_scrape,party_document,lafranceinsoumise.fr,Déchets nucléaires éternels : aveu de mensonge et passage en force,https://lafranceinsoumise.fr/2026/09/15/dechets-nucleaires-eternels-aveu-de-mensonge-et-passage-en-force/,,"La France insoumise condemned the favorable opinion on the Cigéo nuclear waste burial project in Meuse, calling it an undemocratic rush by the Macron government ahead of 2027 elections.",La France insoumise,0,La France insoumise,Le groupe de la France Insoumise condamne le nouveau passage en force sur Cigéo. La peur des élections de 2027 par les macronistes et la filière nucléaire ne saurait servir de prétexte à cette accélération brutale et antidémocratique du calendrier d'un chantier prévu pour durer près de deux siècles.,The France Insoumise group condemns the new forcing through of Cigéo. The fear of the 2027 elections by the Macronists and the nuclear sector cannot serve as a pretext for this brutal and undemocratic acceleration of the schedule for a project planned to last nearly two centuries.,lfi-8,1,high,,,,
ac77f0baaa4db0e8c417,2026-W38,2026-09-15,FR,lfi,LFI,far-left,press,press_reported_speech,entrevue.fr,"An LFI MP publishes with Fayard: “This is not our choice,” declares Mathilde Panot - entrevue.fr",https://news.google.com/rss/articles/CBMisgFBVV95cUxNa3pWcGhHLXcwSUFqVmlGUmZPVXp4U0ozaHlDdFM2Wkt4RzJ1OElzZ1pKd1RYS0VJcThESWF0aG1kcjFKY0dXWkpQSjNIOVlYQ2FpMWt6VXlxbDc1T2tVQzZSWE9QMXRzdFVuSkZIVXdtQS1oSG5zYkZHZlRGbmt4c01PdXFUclhMclBFbXg0Wjl4bzNTaGdPLVAxSXZzaGF4eW9NNzBxZ1dOY29pT1dsenF3?oc=5,,Mathilde Panot publicly distanced La France insoumise from an LFI MP's decision to publish with Fayard publishing house.,Mathilde Panot,0,Mathilde Panot,Ce n'est pas notre choix,This is not our choice,lfi-7,1,high,,,,
c5e0df0d94cbc10be9c7,2026-W38,2026-09-15,FR,reconquete,Reconquête,far-right,press,press_characterisation,El Mundo America,"Marine Le Pen emerges in the presidential race as the ""top favourite"" - El Mundo America",https://news.google.com/rss/articles/CBMigwFBVV95cUxQM25qQ1VEaHJKVEtEanVCQnU4am8zTjc3bmRRT2xhREcwWE05NHE3UFd3eDN0NmV0M1pUXzNSVW5Bc09IeUFRMXMzOS1nRzFVWTVNeHZaNGZpZm9VMld4Sk54Nmt6b0NOUGhjM1lNRkVrNHNWaXBRYTBQR0tSUzd2T1FqUQ?oc=5,,Marine Le Pen is described as emerging as the top favourite in the presidential race.,Marine Le Pen,,,,,reconquete-0,1,high,,,,
8126618e3ef64697be28,2026-W38,2026-09-16,AT,fpo,FPÖ,far-right,site_scrape,party_document,www.fpoe.at,News,https://www.fpoe.at/medien/news/kategorie/seite?tx_news_pi1%5BoverwriteDemand%5D%5Bcategories%5D=82,,"The FPÖ published multiple statements criticizing COVID-19 pandemic management, vaccine policies, and alleged cover-ups by Austrian and EU authorities, demanding investigations into excess mortality, pharmaceutical contracts, and vaccine safety particularly for pregnant women and children.",Dagmar Belakowitsch; Gerald Hauser,0,Dagmar Belakowitsch,Der Selbstbedienungsladen für Systemgünstlinge muss restlos aufgeklärt werden,The self-service shop for system favorites must be completely clarified,fpo-12,1,high,,,,
8126618e3ef64697be28,2026-W38,2026-09-16,AT,fpo,FPÖ,far-right,site_scrape,party_document,www.fpoe.at,News,https://www.fpoe.at/medien/news/kategorie/seite?tx_news_pi1%5BoverwriteDemand%5D%5Bcategories%5D=82,,"The FPÖ published multiple statements criticizing COVID-19 pandemic management, vaccine policies, and alleged cover-ups by Austrian and EU authorities, demanding investigations into excess mortality, pharmaceutical contracts, and vaccine safety particularly for pregnant women and children.",Dagmar Belakowitsch; Gerald Hauser,1,FPÖ,Bewusste Täuschung des Parlaments: Das Ministerium leugnet Kontakte zur Pharmabranche und blockiert die Aufarbeitung,Deliberate deception of Parliament: The ministry denies contacts with the pharmaceutical industry and blocks the investigation,fpo-12,1,high,,,,
8126618e3ef64697be28,2026-W38,2026-09-16,AT,fpo,FPÖ,far-right,site_scrape,party_document,www.fpoe.at,News,https://www.fpoe.at/medien/news/kategorie/seite?tx_news_pi1%5BoverwriteDemand%5D%5Bcategories%5D=82,,"The FPÖ published multiple statements criticizing COVID-19 pandemic management, vaccine policies, and alleged cover-ups by Austrian and EU authorities, demanding investigations into excess mortality, pharmaceutical contracts, and vaccine safety particularly for pregnant women and children.",Dagmar Belakowitsch; Gerald Hauser,2,FPÖ,"Fauci wusste von Fehlgeburts-Risiken durch die Corona-Impfung! Während US-Medien berichten, vertuscht der ORF den Skandal","Fauci knew about miscarriage risks from the Corona vaccination! While US media report, the ORF covers up the scandal",fpo-12,1,high,,,,
d23e7707275fe221585a,2026-W38,2026-09-16,AT,fpo,FPÖ,far-right,site_scrape,party_document,www.fpoe.at,COFAG-Sumpf: 158 Millionen sind nur die Spitze des Eisbergs,https://www.fpoe.at/aktuell/artikel-detailansicht/cofag-sumpf-158-millionen-sind-nur-die-spitze-des-eisbergs,,"FPÖ deputy club chair Dagmar Belakowitsch criticized a Finance Ministry report showing 158.8 million euros in wrongly received Corona aid, calling it proof of systematic tax-money waste and announcing the party will pursue full investigation through a Corona inquiry committee.",Dagmar Belakowitsch; Herbert Kickl,0,Dagmar Belakowitsch,"Jahrelang haben wir Freiheitliche vor dem Selbstbedienungsladen COFAG gewarnt, einem undurchsichtigen Monster, geschaffen von der schwarz-grünen Regierung, um unter dem Deckmantel der Pandemiebekämpfung Milliarden an Steuergeld ohne parlamentarische Kontrolle zu verschleudern.","For years we Freedom Party members have warned about the COFAG self-service shop, an opaque monster created by the black-green government to squander billions in tax money without parliamentary control under the guise of pandemic control.",fpo-14,1,high,,,,
d23e7707275fe221585a,2026-W38,2026-09-16,AT,fpo,FPÖ,far-right,site_scrape,party_document,www.fpoe.at,COFAG-Sumpf: 158 Millionen sind nur die Spitze des Eisbergs,https://www.fpoe.at/aktuell/artikel-detailansicht/cofag-sumpf-158-millionen-sind-nur-die-spitze-des-eisbergs,,"FPÖ deputy club chair Dagmar Belakowitsch criticized a Finance Ministry report showing 158.8 million euros in wrongly received Corona aid, calling it proof of systematic tax-money waste and announcing the party will pursue full investigation through a Corona inquiry committee.",Dagmar Belakowitsch; Herbert Kickl,1,Dagmar Belakowitsch,"Unter einer FPÖ-geführten Bundesregierung mit einem Volkskanzler Herbert Kickl werden die Selbstbedienungsläden für Systemgünstlinge ein für alle Mal zugesperrt. Wir werden diesen Sumpf trockenlegen und sicherstellen, dass jeder Euro dem Wohl der österreichischen Bevölkerung dient und nicht in den Taschen von dubiosen Netzwerken verschwindet!","Under an FPÖ-led federal government with a people's chancellor Herbert Kickl, the self-service shops for system favorites will be closed once and for all. We will drain this swamp and ensure that every euro serves the welfare of the Austrian population and does not disappear into the pockets of dubious networks!",fpo-14,1,high,,,,
eb0c54042814f257a7f2,2026-W38,2026-09-16,AT,fpo,FPÖ,far-right,site_scrape,party_document,www.fpoe.at,Brüsseler Kriegstreiberei stoppen – Von der Leyen führt Europa in den Abgrund,https://www.fpoe.at/aktuell/artikel-detailansicht/bruesseler-kriegstreiberei-stoppen-von-der-leyen-fuehrt-europa-in-den-abgrund,,"FPÖ leader Herbert Kickl criticized EU Commission President von der Leyen's State of the Union address for lacking diplomatic peace efforts and focusing on military escalation, calling for Austria to strengthen its neutrality and act as a peace mediator instead of following Brussels' policies.",Herbert Kickl,0,Herbert Kickl,"Frau von der Leyen führt die Europäische Union sehenden Auges weiter auf den Pfaden der Kriegstreiberei. Wer in dieser Rede auch nur ein einziges Wort der Deeskalation oder ernsthafter Friedensbemühungen gesucht hat, wurde bitter enttäuscht.",Mrs. von der Leyen is leading the European Union with open eyes further down the path of warmongering. Anyone who looked for even a single word of de-escalation or serious peace efforts in this speech was bitterly disappointed.,fpo-15,1,high,,,,
eb0c54042814f257a7f2,2026-W38,2026-09-16,AT,fpo,FPÖ,far-right,site_scrape,party_document,www.fpoe.at,Brüsseler Kriegstreiberei stoppen – Von der Leyen führt Europa in den Abgrund,https://www.fpoe.at/aktuell/artikel-detailansicht/bruesseler-kriegstreiberei-stoppen-von-der-leyen-fuehrt-europa-in-den-abgrund,,"FPÖ leader Herbert Kickl criticized EU Commission President von der Leyen's State of the Union address for lacking diplomatic peace efforts and focusing on military escalation, calling for Austria to strengthen its neutrality and act as a peace mediator instead of following Brussels' policies.",Herbert Kickl,1,Herbert Kickl,"Für uns bedeutet diese Entwicklung im Umkehrschluss, dass wir uns umso stärker auf die immerwährende Neutralität besinnen und die eigene Souveränität vehement einfordern müssen. Wenn die Rufe nach militärischer Aufrüstung in Brüssel lauter werden, muss die Republik als aktiver Friedensvermittler auftreten!","For us, this development means conversely that we must focus all the more strongly on perpetual neutrality and vehemently demand our own sovereignty. When calls for military armament in Brussels become louder, the Republic must act as an active peace mediator!",fpo-15,1,high,,,,
eb0c54042814f257a7f2,2026-W38,2026-09-16,AT,fpo,FPÖ,far-right,site_scrape,party_document,www.fpoe.at,Brüsseler Kriegstreiberei stoppen – Von der Leyen führt Europa in den Abgrund,https://www.fpoe.at/aktuell/artikel-detailansicht/bruesseler-kriegstreiberei-stoppen-von-der-leyen-fuehrt-europa-in-den-abgrund,,"FPÖ leader Herbert Kickl criticized EU Commission President von der Leyen's State of the Union address for lacking diplomatic peace efforts and focusing on military escalation, calling for Austria to strengthen its neutrality and act as a peace mediator instead of following Brussels' policies.",Herbert Kickl,2,Herbert Kickl,Die österreichische Bundesregierung wandelt als braver Lakai Brüssels auf genau diesen gefährlichen Pfaden mit und gefährdet damit mutwillig die Sicherheit und den Wohlstand unserer eigenen Bevölkerung.,The Austrian federal government walks as a obedient lackey of Brussels on exactly these dangerous paths and thereby willfully endangers the security and prosperity of our own population.,fpo-15,1,high,,,,
eb0c54042814f257a7f2,2026-W38,2026-09-16,AT,fpo,FPÖ,far-right,site_scrape,party_document,www.fpoe.at,Brüsseler Kriegstreiberei stoppen – Von der Leyen führt Europa in den Abgrund,https://www.fpoe.at/aktuell/artikel-detailansicht/bruesseler-kriegstreiberei-stoppen-von-der-leyen-fuehrt-europa-in-den-abgrund,,"FPÖ leader Herbert Kickl criticized EU Commission President von der Leyen's State of the Union address for lacking diplomatic peace efforts and focusing on military escalation, calling for Austria to strengthen its neutrality and act as a peace mediator instead of following Brussels' policies.",Herbert Kickl,3,Herbert Kickl,"Diejenigen, die sich gegen diese Brüsseler Kriegslust stellen, sind keine Feinde Europas. Ganz im Gegenteil: Wir sind die wahren Verfechter des ursprünglichen europäischen Gedankens. Und dieser Gedanke ist untrennbar mit Frieden, Freiheit und Wohlstand verbunden und nicht mit einer Union, die sich als Handlanger einer globalen Kriegsmaschinerie verdingt!","Those who oppose this Brussels war lust are not enemies of Europe. Quite the contrary: We are the true champions of the original European idea. And this idea is inseparably connected with peace, freedom and prosperity and not with a Union that serves as a henchman of a global war machinery!",fpo-15,1,high,,,,
0d7557c56440743923eb,2026-W38,2026-09-16,AT,fpo,FPÖ,far-right,site_scrape,party_document,www.fpoe.at,Pilnacek-U-Ausschuss: „Schwarzen Staat enttarnen!“,https://www.fpoe.at/aktuell/artikel-detailansicht/pilnacek-u-ausschuss-schwarzen-staat-enttarnen,,"FPÖ parliamentary group leader Christian Hafenecker demands document delivery from Interior Minister Karner in the Pilnacek investigative committee, threatens legal action, and calls for testimony from former Justice Minister Alma Zadić regarding alleged ÖVP networks in the justice system.",Christian Hafenecker,0,Christian Hafenecker,"Herr Minister Karner, treiben Sie Ihre Spielchen nicht auf die Spitze und reizen Sie die Geduld des Parlaments nicht weiter aus! Wir werden dieses Versteckspiel sicher nicht tatenlos hinnehmen und prüfen bereits rechtliche Schritte, um die Herausgabe dieser Akten zu erzwingen.","Minister Karner, do not push your games to the limit and do not further exhaust the patience of Parliament! We will certainly not tolerate this hide-and-seek game idly and are already examining legal steps to force the release of these files.",fpo-11,1,high,,,,
0d7557c56440743923eb,2026-W38,2026-09-16,AT,fpo,FPÖ,far-right,site_scrape,party_document,www.fpoe.at,Pilnacek-U-Ausschuss: „Schwarzen Staat enttarnen!“,https://www.fpoe.at/aktuell/artikel-detailansicht/pilnacek-u-ausschuss-schwarzen-staat-enttarnen,,"FPÖ parliamentary group leader Christian Hafenecker demands document delivery from Interior Minister Karner in the Pilnacek investigative committee, threatens legal action, and calls for testimony from former Justice Minister Alma Zadić regarding alleged ÖVP networks in the justice system.",Christian Hafenecker,1,Christian Hafenecker,"Ihre eigene Kommission hat eine Zwei-Klassen-Justiz festgestellt. Heute soll die Ex-Justizministerin sagen, wer in dieser Justiz erste Klasse reist",Your own commission has determined a two-class justice system. Today the former Justice Minister should say who travels first class in this justice system,fpo-11,1,high,,,,
0d7557c56440743923eb,2026-W38,2026-09-16,AT,fpo,FPÖ,far-right,site_scrape,party_document,www.fpoe.at,Pilnacek-U-Ausschuss: „Schwarzen Staat enttarnen!“,https://www.fpoe.at/aktuell/artikel-detailansicht/pilnacek-u-ausschuss-schwarzen-staat-enttarnen,,"FPÖ parliamentary group leader Christian Hafenecker demands document delivery from Interior Minister Karner in the Pilnacek investigative committee, threatens legal action, and calls for testimony from former Justice Minister Alma Zadić regarding alleged ÖVP networks in the justice system.",Christian Hafenecker,2,Christian Hafenecker,"Unser Ziel ist klar: Wir legen offen, ob politische Netzwerke im Hintergrund agieren und wie sehr sie unsere Justiz bis heute belasten. Herr Innenminister Karner, liefern Sie die Unterlagen.","Our goal is clear: We expose whether political networks are operating in the background and how much they burden our justice system to this day. Interior Minister Karner, deliver the documents.",fpo-11,1,high,,,,
0b1f497f74161bb36a6b,2026-W38,2026-09-16,AT,fpo,FPÖ,far-right,site_scrape,party_document,www.fpoe.at,Milliarden-Abzocke an der Zapfsäule – wann fällt endlich die CO2-Steuer?,https://www.fpoe.at/aktuell/artikel-detailansicht/milliarden-abzocke-an-der-zapfsaeule-wann-faellt-endlich-die-co2-steuer,,"FPÖ demands abolition of CO2 tax and halving of mineral oil tax, claiming this would reduce fuel prices by 40-44 cents per liter and save consumers 20-22 euros per tank fill.",Michael Schnedlitz; Christian Hammerl,0,Michael Schnedlitz,"Diese Regierung hat für ihre Untätigkeit ein englisches Wort gefunden: ‚Monitoring'. Während die Menschen an der Tankstelle immer tiefer ins Geldbörsel greifen müssen, schaut Schwarz-Rot-Pink zu und kassiert mit.","This government has found an English word for its inaction: 'Monitoring'. While people have to dig deeper into their wallets at the gas station, Black-Red-Pink watches and collects.",fpo-10,1,high,,,,
0b1f497f74161bb36a6b,2026-W38,2026-09-16,AT,fpo,FPÖ,far-right,site_scrape,party_document,www.fpoe.at,Milliarden-Abzocke an der Zapfsäule – wann fällt endlich die CO2-Steuer?,https://www.fpoe.at/aktuell/artikel-detailansicht/milliarden-abzocke-an-der-zapfsaeule-wann-faellt-endlich-die-co2-steuer,,"FPÖ demands abolition of CO2 tax and halving of mineral oil tax, claiming this would reduce fuel prices by 40-44 cents per liter and save consumers 20-22 euros per tank fill.",Michael Schnedlitz; Christian Hammerl,1,Christian Hammerl,Die Bundesregierung muss endlich ihren Job machen: CO2-Steuer abschaffen und Mineralölsteuer halbieren! Bei vollständiger Weitergabe könnten Benzin um rund 44 Cent und Diesel um rund 40 Cent pro Liter günstiger werden. Das wären 20 bis 22 Euro Ersparnis bei einer Tankfüllung mit 50 Litern,"The federal government must finally do its job: abolish the CO2 tax and halve the mineral oil tax! With complete pass-through, gasoline could become around 44 cents cheaper and diesel around 40 cents per liter. That would be 20 to 22 euros savings on a 50-liter tank fill.",fpo-10,1,high,,,,
0b1f497f74161bb36a6b,2026-W38,2026-09-16,AT,fpo,FPÖ,far-right,site_scrape,party_document,www.fpoe.at,Milliarden-Abzocke an der Zapfsäule – wann fällt endlich die CO2-Steuer?,https://www.fpoe.at/aktuell/artikel-detailansicht/milliarden-abzocke-an-der-zapfsaeule-wann-faellt-endlich-die-co2-steuer,,"FPÖ demands abolition of CO2 tax and halving of mineral oil tax, claiming this would reduce fuel prices by 40-44 cents per liter and save consumers 20-22 euros per tank fill.",Michael Schnedlitz; Christian Hammerl,2,Christian Hammerl,"Den Klimabonus streichen, die CO2-Steuer behalten und dann erklären, für Entlastungen sei kein Geld da: Das ist eine Verhöhnung der Steuerzahler.","Cut the climate bonus, keep the CO2 tax and then declare there is no money for relief: That is a mockery of taxpayers.",fpo-10,1,high,,,,
9441b5b812f73b08a501,2026-W38,2026-09-16,AT,fpo,FPÖ,far-right,site_scrape,party_document,www.fpoe.at,Energie-Schmäh der Verlierer-Ampel: Krisenmechanismus als zahnloser Papiertiger,https://www.fpoe.at/aktuell/artikel-detailansicht/energie-schmaeh-der-verlierer-ampel-krisenmechanismus-als-zahnloser-papiertiger,,FPÖ energy spokesperson Paul Hammerl criticized the ÖVP-SPÖ-NEOS government's energy crisis mechanism as ineffective due to high trigger thresholds and demanded abolition of national CO2 taxes and EU emissions trading.,Paul Hammerl,0,Paul Hammerl,"Die Menschen kämpfen mit hohen Energiekosten, und die schwarz-rot-pinke Regierung präsentiert einen Krisenmechanismus, dessen Hürden so gestaltet sind, dass er diesen Winter womöglich gar nicht greift.","People are struggling with high energy costs, and the black-red-pink government presents a crisis mechanism whose hurdles are designed in such a way that it possibly won't take effect this winter.",fpo-13,1,high,,,,
9441b5b812f73b08a501,2026-W38,2026-09-16,AT,fpo,FPÖ,far-right,site_scrape,party_document,www.fpoe.at,Energie-Schmäh der Verlierer-Ampel: Krisenmechanismus als zahnloser Papiertiger,https://www.fpoe.at/aktuell/artikel-detailansicht/energie-schmaeh-der-verlierer-ampel-krisenmechanismus-als-zahnloser-papiertiger,,FPÖ energy spokesperson Paul Hammerl criticized the ÖVP-SPÖ-NEOS government's energy crisis mechanism as ineffective due to high trigger thresholds and demanded abolition of national CO2 taxes and EU emissions trading.,Paul Hammerl,1,Paul Hammerl,Die nationale CO2-Steuer auf Heiz- und Treibstoffe gehört abgeschafft. Gleichzeitig muss ÖVP-Minister Hattmannsdorfer auf EU-Ebene die Abschaffung der CO2-Bepreisung durch den Emissionshandel einfordern.,"The national CO2 tax on heating and fuels must be abolished. At the same time, ÖVP Minister Hattmannsdorfer must demand the abolition of CO2 pricing through emissions trading at the EU level.",fpo-13,1,high,,,,
9441b5b812f73b08a501,2026-W38,2026-09-16,AT,fpo,FPÖ,far-right,site_scrape,party_document,www.fpoe.at,Energie-Schmäh der Verlierer-Ampel: Krisenmechanismus als zahnloser Papiertiger,https://www.fpoe.at/aktuell/artikel-detailansicht/energie-schmaeh-der-verlierer-ampel-krisenmechanismus-als-zahnloser-papiertiger,,FPÖ energy spokesperson Paul Hammerl criticized the ÖVP-SPÖ-NEOS government's energy crisis mechanism as ineffective due to high trigger thresholds and demanded abolition of national CO2 taxes and EU emissions trading.,Paul Hammerl,2,Paul Hammerl,"Zuerst verteuert die schwarz-rot-pinke Regierung die Energie, dann verspricht sie Hilfe, die aber womöglich gar nicht ankommt.","First the black-red-pink government makes energy more expensive, then it promises help that possibly won't arrive at all.",fpo-13,1,high,,,,
511677d25a1e89df4d6c,2026-W38,2026-09-15,AT,fpo,FPÖ,far-right,press,press_characterisation,Vienna.at,"Autumn Campaigns in Vienna: FPÖ Shakes Ludwig's Chair, While Greens Address Climate Crisis - Vienna.at",https://news.google.com/rss/articles/CBMiuwFBVV95cUxPSmVTenlVdmpRdDJ6blp4VzRpa1hYM1BZSEtJSDZFUGpJMWlxRndaQWhqVldNYmt1akE0c3lDVjBsMHllUU1NZzJTemkwU2gwRGs4MHVvYTlpTkRmTEtrcG1hR0Y4OHNZMlc5MWQzQXNKZ2RlQ0xLOTQ0NjVJenhqdFUyVUlnR3NWMjBLNnJOX0xMTWJCM1EtbThRNFU1VDI3dnNJSGNKMF9uVUVqa1lxU1IxUlpZdEd1VDlN?oc=5,,"The FPÖ is conducting an autumn campaign in Vienna challenging Mayor Ludwig's position, while the Greens focus their campaign on climate issues.",Freiheitliche Partei Österreichs,,,,,fpo-9,1,high,,,,
3106839f65e8a0ea60b2,2026-W38,2026-09-15,NL,denk,DENK,far-left,web_search,press_characterisation,en.wikipedia.org,Denk (political party) - Wikipedia,https://en.wikipedia.org/wiki/Denk_(political_party),,"In 2021, the Islam Democrats party, which had been active on the Hague Municipal Council, merged into DENK.",Islam Democrats; DENK,,,,,denk-4,1,high,,,,
df714c6dc1af0209ba2f,2026-W38,2026-09-15,NL,ja21,JA21,far-right,site_scrape,party_document,ja21.nl,Prinsjesdag 2026 | Eerdmans: “Kabinet durft geen keuzes te maken”,https://ja21.nl/nieuws/artikel/reactie-joost-eerdmans-op-troonrede-en-miljoenennota,,"JA21 leader Joost Eerdmans criticized the government's 2026 budget presentation for failing to make clear choices, stating the party will submit initiatives to reduce tax burden and asylum inflow.",Joost Eerdmans,0,Joost Eerdmans,Kabinet durft geen keuzes te maken,Cabinet doesn't dare to make choices,ja21-1,1,high,,,,
df714c6dc1af0209ba2f,2026-W38,2026-09-15,NL,ja21,JA21,far-right,site_scrape,party_document,ja21.nl,Prinsjesdag 2026 | Eerdmans: “Kabinet durft geen keuzes te maken”,https://ja21.nl/nieuws/artikel/reactie-joost-eerdmans-op-troonrede-en-miljoenennota,,"JA21 leader Joost Eerdmans criticized the government's 2026 budget presentation for failing to make clear choices, stating the party will submit initiatives to reduce tax burden and asylum inflow.",Joost Eerdmans,1,JA21,"De prioriteiten van JA21 zijn helder: werkende Nederlanders moeten meer overhouden, de asielinstroom moet fors omlaag, onze veiligheid moet op orde en de overheid moet minder geld uitgeven.","JA21's priorities are clear: working Dutch people must keep more, asylum inflow must decrease substantially, our security must be in order and the government must spend less money.",ja21-1,1,high,,,,
df714c6dc1af0209ba2f,2026-W38,2026-09-15,NL,ja21,JA21,far-right,site_scrape,party_document,ja21.nl,Prinsjesdag 2026 | Eerdmans: “Kabinet durft geen keuzes te maken”,https://ja21.nl/nieuws/artikel/reactie-joost-eerdmans-op-troonrede-en-miljoenennota,,"JA21 leader Joost Eerdmans criticized the government's 2026 budget presentation for failing to make clear choices, stating the party will submit initiatives to reduce tax burden and asylum inflow.",Joost Eerdmans,2,JA21,JA21 blijft constructief in de wedstrijd staan. Onze focus ligt de komende tijd op het indienen van tal van initiatieven om de lastendruk sterk te verminderen en de asielinstroom in te dammen.,JA21 remains constructively in the game. Our focus in the coming period is on submitting numerous initiatives to strongly reduce the tax burden and stem the asylum inflow.,ja21-1,1,high,,,,
457eaaf14e43f309825a,2026-W38,2026-09-16,SE,sd,SD,far-right,press,press_characterisation,Al Jazeera,"In Sweden, many breathe sigh of relief as far right suffers election losses - Al Jazeera",https://news.google.com/rss/articles/CBMiuwFBVV95cUxQelR5MmpCMnhOdExrcWk4OGd3bFBRdFhTdU8wczNNOXZsZGo1S3ZISXNVTG5PVTRDT1BiZlR5cy1Oc2hockIyRjNQNmlSMDdPYUFmXzZDc2MwYWJackduTnl6ZkRjdGJESlIzR3FPUDd3c0Ztd0xrS1hzdmY3cmpvSE1UTGh4T2tseVdzRUp3QnRTbUx0LU1fempKZTZSckIxaW1fcjZGU0VPbFZJSVZ4S2tjSG90cnhnVGhB0gHAAUFVX3lxTE5SMzREUV9iYmVVZXdacHAxOEpMTlhWN3lvZ0l2LUI1bk1SWUFLOTVHZDlKT2QtbTZkZXNGbWZhRG5BZS1NQlRwZVZWNnJ4OWZrU3ZVRHptY3U4MDhRT3dIWEd3aE5CcU5MaVpOUDRZb1oyejNObWZXRDBSeC12X2I0SllpMTVqUGRFd2FfVWpxZmI1NThXTnNtYWdfOEpfbnptUW9LdnBWcXVWaDNBZG1mY0h0UXJZUW5qQ0dLejRmbg?oc=5,,"The Sweden Democrats suffered election losses in Sweden, with many expressing relief at the far-right party's electoral setback.",Sweden Democrats,,,,,sd-8,1,high,,,,
5acb1b77d60c04a7c28f,2026-W38,2026-09-10,SE,vansterpartiet,Vänsterpartiet,far-left,site_scrape,party_document,www.vansterpartiet.se,Vänsterpartiet: Vi ska rusta upp sjukförsäkringen efter valet,https://www.vansterpartiet.se/nyheter/vansterpartiet-vi-ska-rusta-upp-sjukforsakringen-efter-valet/,,"The Left Party announced on September 10, 2026, that upgrading the sickness insurance system will be a political priority in government negotiations after the election, proposing to abolish the qualifying day deduction, reform the rehabilitation chain, strengthen benefits, and redirect resources within employer contributions.",Ida Gabrielsson; Kjell Rautio,0,Ida Gabrielsson,"Den som blir sjuk ska kunna lita på samhället. I dag är det alldeles för många som i stället tvingas kämpa mot Försäkringskassan samtidigt som de försöker bli friska. Sjukförsäkringen ska försäkra dig, inte utförsäkra dig. Det här är en förändring vi vill få på plats efter valet","Those who become ill should be able to trust society. Today, far too many are instead forced to fight against the Social Insurance Agency while trying to get well. The sickness insurance should insure you, not exclude you from insurance. This is a change we want to put in place after the election",vansterpartiet-0,1,high,,,,
5acb1b77d60c04a7c28f,2026-W38,2026-09-10,SE,vansterpartiet,Vänsterpartiet,far-left,site_scrape,party_document,www.vansterpartiet.se,Vänsterpartiet: Vi ska rusta upp sjukförsäkringen efter valet,https://www.vansterpartiet.se/nyheter/vansterpartiet-vi-ska-rusta-upp-sjukforsakringen-efter-valet/,,"The Left Party announced on September 10, 2026, that upgrading the sickness insurance system will be a political priority in government negotiations after the election, proposing to abolish the qualifying day deduction, reform the rehabilitation chain, strengthen benefits, and redirect resources within employer contributions.",Ida Gabrielsson; Kjell Rautio,1,Ida Gabrielsson,Vi har råd med en sjukförsäkring som går att lita på. Under lång tid har politiken valt att flytta pengar bort från våra gemensamma trygghetssystem. Vi vill göra tvärtom. Pengarna ska tillbaka till den trygghet de är tänkta att finansiera,"We can afford a sickness insurance that can be trusted. For a long time, politics has chosen to move money away from our common security systems. We want to do the opposite. The money should go back to the security they are intended to finance",vansterpartiet-0,1,high,,,,
5acb1b77d60c04a7c28f,2026-W38,2026-09-10,SE,vansterpartiet,Vänsterpartiet,far-left,site_scrape,party_document,www.vansterpartiet.se,Vänsterpartiet: Vi ska rusta upp sjukförsäkringen efter valet,https://www.vansterpartiet.se/nyheter/vansterpartiet-vi-ska-rusta-upp-sjukforsakringen-efter-valet/,,"The Left Party announced on September 10, 2026, that upgrading the sickness insurance system will be a political priority in government negotiations after the election, proposing to abolish the qualifying day deduction, reform the rehabilitation chain, strengthen benefits, and redirect resources within employer contributions.",Ida Gabrielsson; Kjell Rautio,2,Ida Gabrielsson,"Vi går till val för att byta regering, men också för att byta politik. Den som röstar för förändring ska märka skillnad i sin vardag. Att den som blir sjuk återigen ska kunna lita på sjukförsäkringen är en sådan förändring. Därför kommer vi att prioritera den här frågan i regeringsförhandlingarna","We go to the election to change government, but also to change policy. Those who vote for change should notice a difference in their everyday life. That those who become ill should again be able to trust the sickness insurance is such a change. Therefore we will prioritize this issue in the government negotiations",vansterpartiet-0,1,high,,,,
77f1002437e407d3e7cf,2026-W38,2026-09-15,SE,vansterpartiet,Vänsterpartiet,far-left,press,press_characterisation,The Guardian,Sweden’s political parties launch coalition talks as both blocs try to secure power - The Guardian,https://news.google.com/rss/articles/CBMiwgFBVV95cUxPeGg3Xzd4UHFJNlRsOFBieFAycHpXUEZFWVN6YXdlQzluOVJCU1JpZlM0d1JMekxxWlFNcmNRQTBxTlNrdXdkWUIzb1hWVEpnTURCTnowdmRRUzJmY3MyWk5pdjdzT0VqVURhOHNRV3RuWHpCbkt4cDU2cjlTRlYxT05uMDZFVUF6TlU2MlJEa2Z3X1Qtb1FrRXlfMVdvREV4cmtKREtfenp6eThrcndjOVI5Q1NZTnZKSExpcmM3TjMtUQ?oc=5,,Swedish political parties have initiated coalition negotiations with both major political blocs attempting to form a government.,,,,,,vansterpartiet-4,1,high,,,,
da7f3db34ae023b28d83,2026-W38,2026-09-16,IT,fdi,FdI,far-right,site_scrape,party_document,www.fratelli-italia.it,"Immigrazione: certificati falsi per evitare rimpatri, si faccia piena luce",https://www.fratelli-italia.it/immigrazione-certificati-falsi-per-evitare-rimpatri-si-faccia-piena-luce/,,"Brothers of Italy parliamentary leaders called for full investigation into alleged false medical certificates used to prevent detention of irregular migrants in repatriation centers, following police searches of over twenty doctors across Italy ordered by Ravenna prosecutors.",Galeazzo Bignami; Michele Barcaiuolo,0,Galeazzo Bignami,"Le nuove perquisizioni disposte dalla Procura di Ravenna, che coinvolgono oltre venti medici in diverse città italiane, confermano quanto sia necessario fare piena luce su una vicenda che presenta contorni sempre più inquietanti.","The new searches ordered by the Ravenna Prosecutor's Office, involving over twenty doctors in various Italian cities, confirm how necessary it is to shed full light on an affair that presents increasingly disturbing contours.",fdi-11,1,high,,,,
da7f3db34ae023b28d83,2026-W38,2026-09-16,IT,fdi,FdI,far-right,site_scrape,party_document,www.fratelli-italia.it,"Immigrazione: certificati falsi per evitare rimpatri, si faccia piena luce",https://www.fratelli-italia.it/immigrazione-certificati-falsi-per-evitare-rimpatri-si-faccia-piena-luce/,,"Brothers of Italy parliamentary leaders called for full investigation into alleged false medical certificates used to prevent detention of irregular migrants in repatriation centers, following police searches of over twenty doctors across Italy ordered by Ravenna prosecutors.",Galeazzo Bignami; Michele Barcaiuolo,1,Galeazzo Bignami,"L'ipotesi investigativa di certificazioni mediche utilizzate per impedire il trattenimento nei Cpr di cittadini stranieri irregolari, qualora trovasse conferma, sarebbe di assoluta gravità: non si tratterebbe più di singoli episodi, ma della possibile esistenza di una rete capace, a livello nazionale, di incidere concretamente sull'applicazione delle decisioni dello Stato.","The investigative hypothesis of medical certifications used to prevent the detention in CPRs of irregular foreign citizens, should it be confirmed, would be of absolute gravity: it would no longer be isolated episodes, but the possible existence of a network capable, at national level, of concretely affecting the application of State decisions.",fdi-11,1,high,,,,
da7f3db34ae023b28d83,2026-W38,2026-09-16,IT,fdi,FdI,far-right,site_scrape,party_document,www.fratelli-italia.it,"Immigrazione: certificati falsi per evitare rimpatri, si faccia piena luce",https://www.fratelli-italia.it/immigrazione-certificati-falsi-per-evitare-rimpatri-si-faccia-piena-luce/,,"Brothers of Italy parliamentary leaders called for full investigation into alleged false medical certificates used to prevent detention of irregular migrants in repatriation centers, following police searches of over twenty doctors across Italy ordered by Ravenna prosecutors.",Galeazzo Bignami; Michele Barcaiuolo,2,Michele Barcaiuolo,Oltre venti medici perquisiti in una decina di città per avere falsificato dei certificati così da impedire a cittadini stranieri irregolari di essere trattenuti nei Centri di permanenza.,Over twenty doctors searched in about ten cities for having falsified certificates so as to prevent irregular foreign citizens from being detained in detention centers.,fdi-11,1,high,,,,
fceb7a110dc688eeb7b5,2026-W38,2026-09-15,IT,fdi,FdI,far-right,site_scrape,party_document,www.fratelli-italia.it,"Lavoro: clausola salvaguardia Tfr resta, da Pd falsità",https://www.fratelli-italia.it/lavoro-clausola-salvaguardia-tfr-resta-da-pd-falsita/,,"Prime Minister Giorgia Meloni accused the Democratic Party of falsely claiming that the government eliminated worker protections on severance pay (TFR), stating that the safeguard clause remains in Article 21 of Legislative Decree 117/2026 and that the PD misrepresented the abrogation of an old provision in a consolidated text as elimination of the protection.",Giorgia Meloni,0,Giorgia Meloni,"Leggo alcuni post di esponenti di primo piano del Partito Democratico e non so sinceramente cosa sia più grave: se, quando li hanno scritti, fossero consapevoli di raccontare una cosa falsa oppure se non lo fossero.","I read some posts by leading figures of the Democratic Party and I honestly don't know what is more serious: whether, when they wrote them, they were aware of telling something false or whether they were not.",fdi-10,1,high,,,,
fceb7a110dc688eeb7b5,2026-W38,2026-09-15,IT,fdi,FdI,far-right,site_scrape,party_document,www.fratelli-italia.it,"Lavoro: clausola salvaguardia Tfr resta, da Pd falsità",https://www.fratelli-italia.it/lavoro-clausola-salvaguardia-tfr-resta-da-pd-falsita/,,"Prime Minister Giorgia Meloni accused the Democratic Party of falsely claiming that the government eliminated worker protections on severance pay (TFR), stating that the safeguard clause remains in Article 21 of Legislative Decree 117/2026 and that the PD misrepresented the abrogation of an old provision in a consolidated text as elimination of the protection.",Giorgia Meloni,1,Giorgia Meloni,"Ci raccontano che dal 2027 il Governo avrebbe fatto sparire la clausola di salvaguardia sul TFR, con una 'stangata silenziosa' ai danni dei lavoratori.","They tell us that from 2027 the Government would have made the safeguard clause on TFR disappear, with a 'silent blow' to the detriment of workers.",fdi-10,1,high,,,,
fceb7a110dc688eeb7b5,2026-W38,2026-09-15,IT,fdi,FdI,far-right,site_scrape,party_document,www.fratelli-italia.it,"Lavoro: clausola salvaguardia Tfr resta, da Pd falsità",https://www.fratelli-italia.it/lavoro-clausola-salvaguardia-tfr-resta-da-pd-falsita/,,"Prime Minister Giorgia Meloni accused the Democratic Party of falsely claiming that the government eliminated worker protections on severance pay (TFR), stating that the safeguard clause remains in Article 21 of Legislative Decree 117/2026 and that the PD misrepresented the abrogation of an old provision in a consolidated text as elimination of the protection.",Giorgia Meloni,2,Giorgia Meloni,"Al comma 11 la clausola di salvaguardia sul TFR è lì, nero su bianco.","In paragraph 11 the safeguard clause on TFR is there, in black and white.",fdi-10,1,high,,,,
e55a3836c3ae24bc19d6,2026-W38,2026-09-15,IT,fdi,FdI,far-right,site_scrape,party_document,www.fratelli-italia.it,"Elezioni: sì del Senato a legge elettorale, preferenze ridanno voce a cittadini",https://www.fratelli-italia.it/elezioni-si-del-senato-a-legge-elettorale-preferenze-ridanno-voce-a-cittadini/,,"The Italian Senate approved an electoral law reform supported by Brothers of Italy that reintroduces preference voting and aims to strengthen governmental stability, with the bill now returning to the Chamber of Deputies for further consideration.",Raoul Russo; Nicola Calandrini,0,Raoul Russo,Grazie a questa legge elettorale si rafforza il rapporto tra chi vota e chi viene eletto. Le preferenze ridanno voce agli elettori e restituiscono agli italiani la possibilità di scegliere i propri rappresentanti.,"Thanks to this electoral law, the relationship between those who vote and those who are elected is strengthened. Preferences give voice back to voters and restore to Italians the possibility of choosing their own representatives.",fdi-9,1,high,,,,
e55a3836c3ae24bc19d6,2026-W38,2026-09-15,IT,fdi,FdI,far-right,site_scrape,party_document,www.fratelli-italia.it,"Elezioni: sì del Senato a legge elettorale, preferenze ridanno voce a cittadini",https://www.fratelli-italia.it/elezioni-si-del-senato-a-legge-elettorale-preferenze-ridanno-voce-a-cittadini/,,"The Italian Senate approved an electoral law reform supported by Brothers of Italy that reintroduces preference voting and aims to strengthen governmental stability, with the bill now returning to the Chamber of Deputies for further consideration.",Raoul Russo; Nicola Calandrini,1,Nicola Calandrini,Il voto del Senato sulla legge elettorale segna un passo avanti in una battaglia che Fratelli d'Italia porta avanti da tempo: rafforzare il rapporto tra chi vota e chi viene eletto.,The Senate vote on the electoral law marks a step forward in a battle that Brothers of Italy has been carrying forward for some time: strengthening the relationship between those who vote and those who are elected.,fdi-9,1,high,,,,
e55a3836c3ae24bc19d6,2026-W38,2026-09-15,IT,fdi,FdI,far-right,site_scrape,party_document,www.fratelli-italia.it,"Elezioni: sì del Senato a legge elettorale, preferenze ridanno voce a cittadini",https://www.fratelli-italia.it/elezioni-si-del-senato-a-legge-elettorale-preferenze-ridanno-voce-a-cittadini/,,"The Italian Senate approved an electoral law reform supported by Brothers of Italy that reintroduces preference voting and aims to strengthen governmental stability, with the bill now returning to the Chamber of Deputies for further consideration.",Raoul Russo; Nicola Calandrini,2,Nicola Calandrini,"La riforma non ha ancora concluso il suo percorso: dopo le modifiche approvate al Senato, tornerà alla Camera.","The reform has not yet concluded its path: after the amendments approved in the Senate, it will return to the Chamber.",fdi-9,1,high,,,,
14cf2ec0314495a8856e,2026-W38,2026-09-15,IT,fdi,FdI,far-right,site_scrape,party_document,www.fratelli-italia.it,Pnrr: commissione Ue certifica successo Italia nell’attuazione,https://www.fratelli-italia.it/pnrr-commissione-ue-certifica-successo-italia-nellattuazione/,,"Brothers of Italy parliamentarians praised the European Commission's certification of Italy's successful PNRR implementation, crediting party members Raffaele Fitto and Tommaso Foti for rigorous management of the recovery plan.",Lucrezia Maria Benedetta Mantovani; Domenico Matera,0,Lucrezia Maria Benedetta Mantovani,"Le parole di Claudio Casini, capo della Rappresentanza in Italia della Commissione europea, confermano ciò che Fratelli d'Italia sostiene da tempo: l'attuazione del Pnrr italiano è un successo.","The words of Claudio Casini, head of the European Commission Representation in Italy, confirm what Brothers of Italy has long maintained: the implementation of the Italian PNRR is a success.",fdi-8,1,high,,,,
14cf2ec0314495a8856e,2026-W38,2026-09-15,IT,fdi,FdI,far-right,site_scrape,party_document,www.fratelli-italia.it,Pnrr: commissione Ue certifica successo Italia nell’attuazione,https://www.fratelli-italia.it/pnrr-commissione-ue-certifica-successo-italia-nellattuazione/,,"Brothers of Italy parliamentarians praised the European Commission's certification of Italy's successful PNRR implementation, crediting party members Raffaele Fitto and Tommaso Foti for rigorous management of the recovery plan.",Lucrezia Maria Benedetta Mantovani; Domenico Matera,1,Lucrezia Maria Benedetta Mantovani,Un risultato che porta anche la firma di chi ha avuto la responsabilità politica di guidarne l'attuazione: prima Raffaele Fitto e oggi Tommaso Foti.,A result that also bears the signature of those who had the political responsibility to guide its implementation: first Raffaele Fitto and now Tommaso Foti.,fdi-8,1,high,,,,
14cf2ec0314495a8856e,2026-W38,2026-09-15,IT,fdi,FdI,far-right,site_scrape,party_document,www.fratelli-italia.it,Pnrr: commissione Ue certifica successo Italia nell’attuazione,https://www.fratelli-italia.it/pnrr-commissione-ue-certifica-successo-italia-nellattuazione/,,"Brothers of Italy parliamentarians praised the European Commission's certification of Italy's successful PNRR implementation, crediting party members Raffaele Fitto and Tommaso Foti for rigorous management of the recovery plan.",Lucrezia Maria Benedetta Mantovani; Domenico Matera,2,Domenico Matera,"Si tratta di un riconoscimento che testimonia, come Fratelli d'Italia ha sempre sostenuto, che la nostra Nazione si è distinta nel rispetto degli impegni assunti, facendo sì che il Pnrr diventasse uno strumento concreto di crescita e sviluppo.","This is a recognition that testifies, as Brothers of Italy has always maintained, that our Nation has distinguished itself in respecting the commitments made, ensuring that the PNRR became a concrete instrument of growth and development.",fdi-8,1,high,,,,
0d35a523a1ca76c7d72d,2026-W38,2026-09-13,IT,lega,Lega,far-right,site_scrape,party_document,legaonline.it,La Settimana Leghista #37 - Lega per Salvini Premier,https://legaonline.it/la-settimana-leghista-37/,,"Lega announces its annual Pontida rally for September 20, 2026 with the slogan ""Non passa lo straniero"" (The foreigner shall not pass), while proposing policy measures including deploying 10,000 military personnel for street security, pension reform allowing retirement at 64, flat tax increases, and opposition to EU housing regulations.",Matteo Salvini; Massimiliano Fedriga; Attilio Fontana; Maurizio Fugatti; Luca Zaia; Claudio Durigon,0,Lega per Salvini Premier,NON PASSA LO STRANIERO,The foreigner shall not pass,lega-0,1,high,,,,
0d35a523a1ca76c7d72d,2026-W38,2026-09-13,IT,lega,Lega,far-right,site_scrape,party_document,legaonline.it,La Settimana Leghista #37 - Lega per Salvini Premier,https://legaonline.it/la-settimana-leghista-37/,,"Lega announces its annual Pontida rally for September 20, 2026 with the slogan ""Non passa lo straniero"" (The foreigner shall not pass), while proposing policy measures including deploying 10,000 military personnel for street security, pension reform allowing retirement at 64, flat tax increases, and opposition to EU housing regulations.",Matteo Salvini; Massimiliano Fedriga; Attilio Fontana; Maurizio Fugatti; Luca Zaia; Claudio Durigon,1,Lega per Salvini Premier,"Sarà una Pontida di battaglia. Da sempre c'è chi vorrebbe mettere a tacere la Lega e il suo popolo, chi ci ha dati per finiti e chi ha provato a cancellare le nostre idee. Eppure siamo ancora qui, più determinati che mai a difendere ciò in cui crediamo.","It will be a Pontida of battle. There have always been those who would like to silence the Lega and its people, those who have written us off and those who have tried to erase our ideas. Yet we are still here, more determined than ever to defend what we believe in.",lega-0,1,high,,,,
0d35a523a1ca76c7d72d,2026-W38,2026-09-13,IT,lega,Lega,far-right,site_scrape,party_document,legaonline.it,La Settimana Leghista #37 - Lega per Salvini Premier,https://legaonline.it/la-settimana-leghista-37/,,"Lega announces its annual Pontida rally for September 20, 2026 with the slogan ""Non passa lo straniero"" (The foreigner shall not pass), while proposing policy measures including deploying 10,000 military personnel for street security, pension reform allowing retirement at 64, flat tax increases, and opposition to EU housing regulations.",Matteo Salvini; Massimiliano Fedriga; Attilio Fontana; Maurizio Fugatti; Luca Zaia; Claudio Durigon,2,Lega per Salvini Premier,"La casa per milioni di italiani è il frutto dei sacrifici e dei risparmi di una vita. Non può essere Bruxelles a decidere come, quando e a chi un proprietario può affittarla.","For millions of Italians, the home is the fruit of a lifetime's sacrifices and savings. Brussels cannot decide how, when and to whom an owner can rent it.",lega-0,1,high,,,,
416dad35085c04cd6208,2026-W38,2026-09-16,IT,lega,Lega,far-right,press,press_characterisation,Bloomberg.com,Salvini Says Italian Companies in Russia Must Be Protected - Bloomberg.com,https://news.google.com/rss/articles/CBMirgFBVV95cUxQQmExVU55NHVZX255OW1KTXg4OENrUzNSbmZzMUdYOVp5X3ctM3pPZnhvMlRlbGVoVW5LSUsyOXh3NjVMVVZzNHJPak1Bb2dsSENKREVkLUFXSjF2VDN4XzVqYjN0eXRObzVCYlpPVUdjOW9YRkdwRlI1V0NLd2x5SXpmclZWSFVTSU9IY0dKLXVCR0VGdFktZXRrTS1NRjhhNWlHRlNzY3FUZkpNOGc?oc=5,,Matteo Salvini stated that Italian companies operating in Russia must be protected.,Matteo Salvini,,,,,lega-7,1,high,,,,
56840c2a5d603eae1131,2026-W38,2026-09-15,IT,lega,Lega,far-right,press,press_characterisation,Il Sole 24 ORE,Foreign interference: Fdi and the League vote alongside Vannacci and the M5S against the creation of a European centre - Il Sole 24 ORE,https://news.google.com/rss/articles/CBMi3wFBVV95cUxPNWpWTWNRTmhjSG9oWnFIVHdBSEc5ZHM5LXZwcHRMUUNQTnhvYkFFWUhvR0tlNnM3MVJySWtfbS13Mi1YdFRRdV83YmNIV3dqQzVXTFpuZy1FUTFpZFc1Y1FNSHlNSFBiWWZ3WDZWZ0VpQi1jOXBITnNvSG9nZGFYQXNCaVZ5d0s4WVh3VXV0SFllR3pTUGM4WUU4R3dncG1YRktzdXpPLVpOc1VTLUJndzZCaUEtem1qRk5NXzBVM0dHdVBtMmx5cTR4M0dYRVlMRHlhLXUtdkhkTTBmMEFF?oc=5,,"Lega per Salvini Premier voted in the European Parliament against the creation of a European centre on foreign interference, aligning with Fratelli d'Italia, Roberto Vannacci, and the Five Star Movement.",Lega per Salvini Premier,,,,,lega-6,1,high,,,,
8eb222c3e3270df5ea53,2026-W38,2026-09-15,IT,lega,Lega,far-right,press,press_characterisation,ANSA,Salvini-businessmen in Russia meet signals return to realism says envoy (3) - ANSA,https://news.google.com/rss/articles/CBMikAJBVV95cUxORVVsUldJcVN2a254elJxbEM4QnF5VEpnX3Blci1JMGNlS212UTM0V2FKTU1vWS1wZUwzSTNiZzI5WkhmdmxrNVNVblJINXEwbnlSMW5Qb3RzSHJsSUR1R0pRQzA2UFJvRjNRVWt0bUdVUXMxUld6TVNnc1A5TGQzVWFWLXlLN2xqWjNqRFUxLWRQQWxTMXEwYmw1c3FfSHM1dV9SSkFqelhQQ0VGU25taVlZZDlEZDgtOG01Q3A4LXN2cHZRQnpRYks2aS1RclFGaFFGQ1VKSlVjOFRfbkFIMnR2WF9XUkNHSG5rd1hoS3NZSjlPZFFpTmxnUEdBUHRjSDlWczlTc3dVSGdKNHhUNtIBkAJBVV95cUxORVVsUldJcVN2a254elJxbEM4QnF5VEpnX3Blci1JMGNlS212UTM0V2FKTU1vWS1wZUwzSTNiZzI5WkhmdmxrNVNVblJINXEwbnlSMW5Qb3RzSHJsSUR1R0pRQzA2UFJvRjNRVWt0bUdVUXMxUld6TVNnc1A5TGQzVWFWLXlLN2xqWjNqRFUxLWRQQWxTMXEwYmw1c3FfSHM1dV9SSkFqelhQQ0VGU25taVlZZDlEZDgtOG01Q3A4LXN2cHZRQnpRYks2aS1RclFGaFFGQ1VKSlVjOFRfbkFIMnR2WF9XUkNHSG5rd1hoS3NZSjlPZFFpTmxnUEdBUHRjSDlWczlTc3dVSGdKNHhUNg?oc=5,,An envoy characterized a meeting between Salvini and businessmen in Russia as signaling a return to realism regarding Russia relations.,Matteo Salvini,,,,,lega-5,1,high,,,,
eb032f6d6574a3ae692e,2026-W38,2026-09-15,IT,lega,Lega,far-right,press,press_characterisation,Decode39,Vice PM Salvini gives Moscow an opening in Italy’s Russia debate - Decode39,https://news.google.com/rss/articles/CBMilgFBVV95cUxPMU5zTWRJVndYbGFQd3pGNU1YTlAxNUNNNV8xZmdydlllQ0pMZ1RDRnI3UWMyZzZjZFMtRlVwaDBvQTExN2pybndJS1BKXzR0bHJPVndMRGpRMzNIb1k3SmVmZ3RFcG95OUpRZFQxT19WeUZVWjNxVDdJSHVISFZfS3FQNmNmM3FidVVOUDZhNWV0cEh2MUE?oc=5,,Vice Prime Minister Matteo Salvini made statements that provide an opening for Moscow's position in Italy's debate on Russia policy.,Matteo Salvini,,,,,lega-4,1,high,,,,
482c3cf2f827e372e935,2026-W38,2026-09-15,IT,lega,Lega,far-right,press,press_characterisation,Il Foglio,Salvini meets the Russian ambassador and speaks on Moscow television - Il Foglio,https://news.google.com/rss/articles/CBMixwFBVV95cUxQb2NfZnVtZU9OY1JmbHQ2VXFmZm55aWNQREVndjNhUi0wWnNUX3hjUmVXT2hXdXhPOW1QZWV1Q3kySTE1UFk2VHdEWnpyVW5YLUp2S1Z6UnlsaDNIMlhIYmd5UDBTM2stNHdFQTlyTkUzMWlleDlJeEcyNThmVVVYbTIxWTByc1BIWEo2Q3RuVDZFNlZqb0FNXzNEUFRFYS13MzliVlRvOVk0MVBNVjdJR3dVbWJWZlp1eWduYjVQQy1JaXVaX2tj?oc=5,,Matteo Salvini met with the Russian ambassador and appeared on Moscow television.,Matteo Salvini,,,,,lega-3,1,high,,,,
c517c64609858792d7a2,2026-W38,2026-09-15,IT,lega,Lega,far-right,press,press_characterisation,ANSA,Russian ambassador hails Salvini meeting with entrepreneurs active in Russia - ANSA,https://news.google.com/rss/articles/CBMigAJBVV95cUxPQTZTcEFaMVd0N3BtYVRlU1BQdlVJV05Pd21ZY3dpTkdfRTVxTm5laVQ3WFNrOEJPVmUteXhXRWRFR0dsM0h5bmF3SUx4dDhZdWk2X0o2ZEtRTzZ6YUx1MzNvdEhBOV9RMHNHVEI4MGNXcldRUzZkeUZzYlp2WVNhZE5kMlJHSDFwZ0VFRGR5a1pxUEtqOXRYS0V4c1YwRnVTWmNNUlJCenN3MkdLd2dwMklQWEhQYnRnOV9namFibk1sb25Nb3RrVXlKdGd5Uk9XR3dDdklDOGNQeGJyRFRySDJnSmZEZkJWOVJWMzdBVnlpTzVBVUFsMnB0UWduem1S0gGGAkFVX3lxTE41Q3BTWW0wSHl5Wk53SFZxYTZMZEFQbmhkcTlBMXhOd0VhU01NbnAzUTAyT0d2YmoxRURmUTQ1dDdDQ0JiVVB3bkNTODlJTUhzTVhjejZfUXlhYU9KZDRncU40d01jRWhYcTV0Z3NVVDJ3bWZPallnS192VnplMFNlYi00X0E1X3FmZVh3R0VKSm1NekNZZ2VfYzNaWlNiYnBhel95a25nM2duaEszd0t5U3REQUUyb2o5Ukk2OXh2ODFNNzAzSEJRRXBjZkx6c1BRN25oU04xbzh5aUtvTDZTSkxCRlk3RVdhblMweEVJQWlqN1ZsV0hNXzRyWng2Mzg1cm05WlE?oc=5,,The Russian ambassador publicly praised a meeting between Matteo Salvini and entrepreneurs active in Russia.,Matteo Salvini,,,,,lega-2,1,high,,,,
922d5e0824e36b437a9e,2026-W38,2026-09-16,ES,vox,Vox,far-right,press,press_characterisation,Demócrata,Barcelona bans a Vox event with Abascal in the Concòrdia square - Demócrata,https://news.google.com/rss/articles/CBMisAFBVV95cUxQYXNNd2FIV0tvNWJ6b2NELXVtRzU0S3JJNmctbTdzS0hvYXh2Z2NLTDNqSUtubTNtZmdleXFuVGhxS3RLaDQ3cktJQnVSTl9sSHlzQkVJLW9yVGdyX2JqcFRuRFE5RlRobDZQVkVmbWFXLV9ZNkZwWk5ZVy1tSlJUdXFNWnY2dzNwN3lqOGlMY21nTGhKNzVsTUVFZE8yNkVuSkExaG1ETGFkLVJvRG1LV9IBsAFBVV95cUxQYXNNd2FIV0tvNWJ6b2NELXVtRzU0S3JJNmctbTdzS0hvYXh2Z2NLTDNqSUtubTNtZmdleXFuVGhxS3RLaDQ3cktJQnVSTl9sSHlzQkVJLW9yVGdyX2JqcFRuRFE5RlRobDZQVkVmbWFXLV9ZNkZwWk5ZVy1tSlJUdXFNWnY2dzNwN3lqOGlMY21nTGhKNzVsTUVFZE8yNkVuSkExaG1ETGFkLVJvRG1LVw?oc=5,,Barcelona authorities banned a Vox event featuring party leader Santiago Abascal that was scheduled to take place in Concòrdia square.,Santiago Abascal,,,,,vox-12,1,high,,,,
471854a929ca9e1a4f3f,2026-W38,2026-09-15,ES,vox,Vox,far-right,press,press_characterisation,Demócrata,The AVT asks Abascal to promote autonomous laws for the victims of terrorism - Demócrata,https://news.google.com/rss/articles/CBMitAFBVV95cUxQNU8zYmRlQUNham5pekxqTFNPQ09TQnRTMUVraHBMUHdrZ3NpMU5LaWotU3UyQUc0QkRjeUZRaHNIV2FMTGYtRWUzQ0RPT0FKVXhLeFlxZ1JOMDF4Q1RBSXBZbGd4YnNqaXBGbFZVX0dRUDcteVJ4a2JoS2ZPLXRJWmJNS05sd095bi14TklQTzVpdENCY3RJTzFtSWszYjl6Y0hxWWw2NXZFUHB0ZGZRU1Z4cTPSAboBQVVfeXFMTXBicVVtNkJFRG9UNENJTDRZaU5Zc0dBNnVGc2k2cE14MlNWc3pqbm9PX1Fvd1prdEpxSnpaOTR6YUtaUXpUWTJkRHlwSHRLd1YtSHBOaVl3QkNpRE1kTjlsN1VuNGlyS190Mk54ZGJIWHhDYkVwRzdoN1NDVThfckdMQmExRGhLVThxa1JteGVDYjhnSlNHSXBsV1hYX3o5ZGhWeThMRGU1RWJCYkNnX2dGZzdSNUZ3djRn?oc=5,,The Association of Victims of Terrorism (AVT) has requested that Vox leader Santiago Abascal promote autonomous regional laws for terrorism victims.,Santiago Abascal,,,,,vox-10,1,high,,,,
5dac3e5f18d0d9682800,2026-W38,2026-09-15,ES,podemos,Podemos,far-left,press,press_characterisation,Demócrata,Almeida attacks Pablo Fernández and predicts him a brighter future as a tavern keeper than as a councilor in Madrid. - Demócrata,https://news.google.com/rss/articles/CBMi9gFBVV95cUxOeXBZUF9tTEZud0c4STZDeUsxRFFxeF9NUkpTamNaUUd4NDNPNkZHWkpvYkgyc1EwdDNmZnhvWXRYV0V0aHZuZjBZM0tBY2RQRC16Q3ptaXBjWTRQWUFfOWtJVnN0T2JnbWgzNllaNlpxa2xucjRTQnRMNjVFWnJGbzRqRkhkUnk3WFZSR3BzdEVGVHpkOFQ0QXFxV1hqUHEwTC1lMUJTaEVBeVZJSzlKZjlWSTNlcjhodmtDUDhvSkloeFdrUXFlM19ST0EwN2pEb0NPN3BwTkFnYTdqQXpwNm5WdXFGXzRTemtHZFBWSUlyQ0hGNmfSAfYBQVVfeXFMTnlwWVBfbUxGbndHOEk2Q3lLMURRcXhfTVJKU2pjWlFHeDQzTzZGR1pKb2JIMnNRMHQzZmZ4b1l0WFdFdGh2bmYwWTNLQWNkUEQtekN6bWlwY1k0UFlBXzlrSVZzdE9iZ21oMzZZWjZacWtsbnI0U0J0TDY1RVpyRm80akZIZFJ5N1hWUkdwc3RFRlR6ZDhUNEFxcVdYalBxMEwtZTFCU2hFQXlWSUs5SmY5VkkzZXI4aHZrQ1A4b0pJaHhXa1FxZTNfUk9BMDdqRG9DTzdwcE5BZ2E3akF6cDZuVnVxRl80U3prR2RQVklJckNIRjZn?oc=5,,"Madrid Mayor Almeida publicly attacked Pablo Fernández, suggesting he would have a better future as a tavern keeper than as a councilor in Madrid.",José Luis Martínez-Almeida; Pablo Fernández,,,,,podemos-12,1,high,,,,
362319c8dcfe7f785373,2026-W38,2026-09-15,ES,podemos,Podemos,far-left,press,press_characterisation,Demócrata,Rufián insists that he will only be a candidate in Catalonia and supports Irene Montero as a candidate. - Demócrata,https://news.google.com/rss/articles/CBMi3AFBVV95cUxQUlRQdVBPTGltQlRPS2VBb0NoQkk3RmloQjNubzJpdTRVemhLTkRKNDhmdU5uNTJtVER5ZEdzQ3ZneUQyMUhZdFB4c09iR0F5WlRDYXc2LVJYX3dwMVVGa2I3UXVUbVB0bzZLd0RIREZicHZFckZvWExfUHk1WlhKV2RweDNQNmdPa053NlMxaEg3ZUg5RUJCWmZZY1JMQ2txZHdYV09LOHhiNngtdndTVXBYV093djlwODRhWk1fdlFiU2E5R1RBdGZMRFBQcGdZOE5MQmdObC1RRmsz0gHcAUFVX3lxTFBSVFB1UE9MaW1CVE9LZUFvQ2hCSTdGaWhCM25vMml1NFV6aEtOREo0OGZ1Tm41Mm1URHlkR3NDdmd5RDIxSFl0UHhzT2JHQXlaVENhdzYtUlhfd3AxVUZrYjdRdVRtUHRvNkt3REhERmJwdkVyRm9YTF9QeTVaWEpXZHB4M1A2Z09rTnc2UzFoSDdlSDlFQkJaZlljUkxDa3Fkd1hXT0s4eGI2eC12d1NVcFhXT3d2OXA4NGFaTV92UWJTYTlHVEF0ZkxEUFBwZ1k4TkxCZ05sLVFGazM?oc=5,,Gabriel Rufián stated he will only stand as a candidate in Catalonia and expressed support for Irene Montero as a candidate.,Gabriel Rufián; Irene Montero,,,,,podemos-10,1,high,,,,
184270f56284ac36067d,2026-W38,2026-09-15,ES,podemos,Podemos,far-left,press,press_characterisation,Demócrata,"Belarra urges the left to use ""common sense"" and endorse the open primaries of Irene Montero - Demócrata",https://news.google.com/rss/articles/CBMizAFBVV95cUxPZUxZV1hNRFhBNGZ1RnlaTWVmNmZRbkpGWEQwOUFORkRZeU1RZWlRblVOOVpPZkdWem5EeGR6Q2ZGQ25LdWRfaE53bjcwX25JZjNlcjZLRGV1a3FDd0drSU9nX01EZ0JNaHNEUmJhRzlPaHNxUFViN2hLUVNaeWY3OHh3VlNNS2xYZExodTExSVMzd2toVUluRTFYSUdFajR4cjZ0YmdZdFlmY1FhZmtJZTV6cl9GeUw5Y0J6T2FLNS1wSmtsQmw2Y1hPT2bSAcwBQVVfeXFMT2VMWVdYTURYQTRmdUZ5Wk1lZjZmUW5KRlhEMDlBTkZEWXlNUWVpUW5VTjlaT2ZHVnpuRHhkekNmRkNuS3VkX2hOd243MF9uSWYzZXI2S0RldWtxQ3dHa0lPZ19NRGdCTWhzRFJiYUc5T2hzcVBVYjdoS1FTWnlmNzh4d1ZTTUtsWGRMaHUxMUlTM3draFVJbkUxWElHRWo0eHI2dGJnWXRZZmNRYWZrSWU1enJfRnlMOWNCek9hSzUtcEprbEJsNmNYT09m?oc=5,,Ione Belarra calls on the left to support Irene Montero's open primaries process within Podemos using common sense.,Ione Belarra; Irene Montero,,,,,podemos-9,1,high,,,,
115c5044bad609124ed6,2026-W38,2026-09-15,ES,podemos,Podemos,far-left,press,press_characterisation,Demócrata,Pablo Fernández will compete in the Podemos primaries to be a candidate for the Madrid City Council alongside Belarra in 2027 - Demócrata,https://news.google.com/rss/articles/CBMi9gFBVV95cUxQYWhGY1BmT1FYdkpMTW0wQ2hRZFlhU2pndU8yblhDOUdaMFVSLXdJOUJOS2tkYUw0MDZUdS1QdUVSbGZyZjh6eUpVNXBaME5tc3NCZXZ2Q19FMGQ3X3JZNkxJWG5ZR2ZBT2xiNzh1ejNlUnhWVThDSE90QzRuazAwdTR6RnlIUlA2emh2YnlvZ2o0Z2h0M1NRT012b0pSWmtDbTBRTlg4Uzd6cjBnZ2lIbmVPT0ZXTHFNVi1HUlNTNFBuRFV3d3JLTGJaY0Rhcmk2dzBLMmxXRjQ1RzByaERpM1JfQ29vaTFTS0pBNFVhellkMUpDaVHSAfsBQVVfeXFMTUFIalJUX1oyTGUzNHhyZ20xWGxPTDhvaV9uUkhWRFpHT080RG9pS3ljSTM5UG5ZcnVnZGwxSEdhajc0U0tqYmNISDZ6eHkyTDhUSmozLTJNakNTemxGcWNleHhkQmJlbTA3Qy1KbWtINVdQdTN1TVB4dk1hTXptdDF6Nlk5LWVhZ3R6YmdpbW4wSDJJSXV3NUZEOWNYeTZYdjY0amJEVlI3Ym5lWFBkRllNbVNXUndjMEplOXc2S003dzRrNnZ0QzFYYmlqdEE1SEtVVVB1WHUzUDljcW1USmZ1RGtyNXp3bHUtUGxvUmk3YXNUU2ZrWTdCamM?oc=5,,"Pablo Fernández will compete in Podemos internal primaries to become the party's candidate for the Madrid City Council in the 2027 elections, running alongside Ione Belarra.",Pablo Fernández; Ione Belarra,,,,,podemos-8,1,high,,,,
d1614cd221ccf0454763,2026-W38,2026-09-16,GB,reformuk,Reform UK,far-right,press,press_characterisation,Bloomberg.com,"UK Should Slash Tax on Rich, Blueprint for Farage’s Reform Says - Bloomberg.com",https://news.google.com/rss/articles/CBMiswFBVV95cUxOdUlOalpkVnJWaFNxaEYxdnF4UUJkbjhWaU14N1NCSnFFWlpBOS1McVdhV00tblpwU2s5Tm95S3FNcmpqVzdXb2lMdFcwUUN5MXF4RWRXYkxZRDVHWjdFazRnRjJrcWQtQjd4X2lyVFY1cjlERnY5dDVRU05iMjBWMEFRRjlRVXRGbUlhRk5VemxacWQ4UjBMekc0ZUZCa0NaUjl4STh6V0RzTnFtR0tDTzZtQQ?oc=5,,A blueprint for Reform UK proposes slashing taxes on wealthy individuals.,Nigel Farage,,,,,reformuk-15,1,high,,,,
947bb44af324f37634af,2026-W38,2026-09-15,GB,reformuk,Reform UK,far-right,press,press_characterisation,The Guardian,‘Significant unease’ at the Telegraph over Reform using outlet for ‘spoiler’ tactics - The Guardian,https://news.google.com/rss/articles/CBMirAFBVV95cUxPRG0zTHRtSlRrR0xvcTlqblFaWFhfSTRrRG11M2VrX1MyZDZBNTVuZE80Y050bEpsbEhzd0RNbWhiRURfWTZtWWtSYWhvWlh3Zk5jbmFtZjExTEppbWZOUmdTMFZwVXd0MEFnUnlLUGQxV0M0UllsU3VPZnRfQWg1MUlEaV8wcXE4SmdEOEhDY1E1WWt4SW8teXFya2lJaS05OVRuMDlHWE0yY3Jo?oc=5,,The Guardian reports significant unease at the Telegraph over Reform UK allegedly using the outlet for spoiler tactics.,Reform UK,,,,,reformuk-14,1,high,,,,
f6161816c090543722a1,2026-W38,2026-09-15,GB,reformuk,Reform UK,far-right,press,press_characterisation,The Conversation,Why £72 million doesn’t come for free – the risks to Reform UK of taking cash from mega-donors - The Conversation,https://news.google.com/rss/articles/CBMiwwFBVV95cUxNNkp1NHluTk5hSjNORVQzOWtPWnFFazJLRnJfWWVlZWxOVHZxbnlWcEc1Q2xrRHdzRlBMUGJ6dE5Rc245MDhnSGN1NjdNZEpyRk5UMWppa2FReTBmSGtYeGFiWWhET015UnFHLS05a1lLUHotVE02RE9RaUg3dG96bkV5MVZtQkZVZGItSE9wcTBiZG5vTXVwTHBLRHdic0J4aUgzZzRTWjJWV2M5c1lJSFNrVFQwaHNhOVpBZDBWN2lOa0k?oc=5,,"Reform UK has received £72 million from mega-donors, raising questions about the risks and implications of such large-scale funding.",Reform UK,,,,,reformuk-11,1,high,,,,
af665b0076c2986b9658,2026-W38,2026-09-15,GB,reformuk,Reform UK,far-right,press,press_characterisation,The Guardian,Leader of Reform UK in Wales stands down after arrest on suspicion of assault - The Guardian,https://news.google.com/rss/articles/CBMiuAFBVV95cUxPODRhNWI1UVBia1ZLOW9YTXpPMjc0T2VDT0RYZ3lYQTRaZUZrd0FkWVNjLVhNcFFoTTMtd0RFcHVXSzRHZTlQSjhvS1ZMMFVMYWplWVhjOGdRcWtDVlNPV24wbmFzU0laMnoyYzN1SGV1bkZtSjFsUUhvUVBheXcxUWNaYi0zZEc5dTFVcGdsVGhHU0lnNzBDYXJ5WV9ZWm1UNDRsZ2lXTWx1dnJWdnpscUo5QWs4RWhw?oc=5,,The leader of Reform UK in Wales has stood down from their position following an arrest on suspicion of assault.,Leader of Reform UK in Wales (name not specified in source),,,,,reformuk-9,1,high,,,,
191a9f051b48a7420dd4,2026-W38,2026-09-16,GB,wpb,WPB,far-left,press,press_characterisation,AOL.co.uk,Green leader Zack Polanski backed by disgraced ex-Labour MP Chris Williamson - AOL.co.uk,https://news.google.com/rss/articles/CBMihgFBVV95cUxNbFRQdjRsYVhPMkVCRkpQMnpoQ1o5NnVTT1cwOWp1ZGR0aEU1bzVWN0R2VGk0MWU4eFBWM3Yxd0N4RjFadWQyTmFzdGwyaG9LQ2c5YVVxSFM1REJMV0hVUDNUQlRlRmZXNjI4bUh3bUcyTC1XS0ZsSmhOa3NSY1FZeVI4YW5SUQ?oc=5,,"Former Labour MP Chris Williamson, now associated with the Workers Party of Britain, has publicly backed Green Party leader Zack Polanski.",Chris Williamson,,,,,wpb-10,1,high,,,,
c65c79572f457e1157c8,2026-W38,2026-09-16,GB,wpb,WPB,far-left,press,press_characterisation,The National Scot,Huge row emerges in Holborn by-election as George Galloway confirmed to run - The National Scot,https://news.google.com/rss/articles/CBMinwFBVV95cUxObGttSVVEOFZUVVphZGtzRF9WSHljQ245VDczTk1HUEJGeDlkeW9fZmhaajhUN3pVODdfM1EzeFQzVW5HZHVPR3c3eHVlWFBCSHVoMEY3N3dEb3pGcTFuQkE1ckg2R1hnS0tuVFFYSnJHNGw1YVVkS19Qd3lYeEppaWxZeEVBSk80d1libUEzc1pPM0d6SU5iRnJkcFlJcE0?oc=5,,George Galloway has been confirmed as a candidate for the Workers Party of Britain in the Holborn by-election.,George Galloway,,,,,wpb-9,1,high,,,,
59404c5c034e0e6f06a7,2026-W38,2026-09-14,GB,greenparty,Green Party,far-left,site_scrape,party_document,greenparty.org.uk,"The Wealth Tax: Creating a Fairer, Greener Economy",https://greenparty.org.uk/2026/09/14/the-wealth-tax-creating-a-fairer-greener-economy/,,"The Green Party proposes a wealth tax of 1-2% on assets over £10 million, alongside capital gains tax reform and alignment of investment income tax rates, claiming these measures would generate over £30 billion annually to fund insulation programmes, public water control, and free school meals.",Marcus Thornley; Green Party of England and Wales,0,Marcus Thornley,"The Green Party's proposal is highly targeted. It wouldn't affect the homes, pensions, or savings of over 99.9% of the population. Instead, it applies only to those with assets worth more than £10 million. For the 0.04% at this level, a contribution of just 1% (or 2% for billionaires) would be a marginal amount, but it would be life-changing for our country.",,greenparty-1,1,high,,,,
59404c5c034e0e6f06a7,2026-W38,2026-09-14,GB,greenparty,Green Party,far-left,site_scrape,party_document,greenparty.org.uk,"The Wealth Tax: Creating a Fairer, Greener Economy",https://greenparty.org.uk/2026/09/14/the-wealth-tax-creating-a-fairer-greener-economy/,,"The Green Party proposes a wealth tax of 1-2% on assets over £10 million, alongside capital gains tax reform and alignment of investment income tax rates, claiming these measures would generate over £30 billion annually to fund insulation programmes, public water control, and free school meals.",Marcus Thornley; Green Party of England and Wales,1,Marcus Thornley,The tax on assets and other elements of Green Party tax proposals generate over £30 billion a year: Reforming Capital Gains Tax to align the rates paid by taxpayers on income and taxable gains Aligning tax rates on investment income with the tax and National Insurance Contribution rates on employment income,,greenparty-1,1,high,,,,
59404c5c034e0e6f06a7,2026-W38,2026-09-14,GB,greenparty,Green Party,far-left,site_scrape,party_document,greenparty.org.uk,"The Wealth Tax: Creating a Fairer, Greener Economy",https://greenparty.org.uk/2026/09/14/the-wealth-tax-creating-a-fairer-greener-economy/,,"The Green Party proposes a wealth tax of 1-2% on assets over £10 million, alongside capital gains tax reform and alignment of investment income tax rates, claiming these measures would generate over £30 billion annually to fund insulation programmes, public water control, and free school meals.",Marcus Thornley; Green Party of England and Wales,2,Marcus Thornley,"By raising an estimated £15 billion or more every year, we can invest in the things that matter: Lowering Energy Bills: Funding a nationwide programme to insulate homes, making them warmer and cheaper to run. Lowering Water Bills: Taking water companies into public control, lowering bills and cleaning up our rivers and seas while we're at it Tackling the cost of living: Providing free school meals to all primary and secondary school children to help with inflation of the price of food",,greenparty-1,1,high,,,,
b606da066b4f4df7387a,2026-W38,2026-09-11,GB,greenparty,Green Party,far-left,site_scrape,party_document,greenparty.org.uk,Zack Polanski selected as Green Party candidate for Holborn and St Pancras byelection: “I love this place… I’ll fight for you”,https://greenparty.org.uk/2026/09/11/zack-polanski-holborn-and-st-pancras-i-love-this-place-ill-fight-for-you/,,"Zack Polanski was selected as Green Party candidate for the Holborn and St Pancras by-election scheduled for 8 October 2026, with the party positioning itself as the main challenger to Labour in the former seat of Keir Starmer.",Zack Polanski; Hannah Spencer,0,Zack Polanski,Greens might be the underdogs in this election – but we have the momentum and we can win.,Greens might be the underdogs in this election – but we have the momentum and we can win.,greenparty-0,1,high,,,,
b606da066b4f4df7387a,2026-W38,2026-09-11,GB,greenparty,Green Party,far-left,site_scrape,party_document,greenparty.org.uk,Zack Polanski selected as Green Party candidate for Holborn and St Pancras byelection: “I love this place… I’ll fight for you”,https://greenparty.org.uk/2026/09/11/zack-polanski-holborn-and-st-pancras-i-love-this-place-ill-fight-for-you/,,"Zack Polanski was selected as Green Party candidate for the Holborn and St Pancras by-election scheduled for 8 October 2026, with the party positioning itself as the main challenger to Labour in the former seat of Keir Starmer.",Zack Polanski; Hannah Spencer,1,Zack Polanski,I love this place. But I also know times are tough here in Holborn and St Pancras.,I love this place. But I also know times are tough here in Holborn and St Pancras.,greenparty-0,1,high,,,,
b606da066b4f4df7387a,2026-W38,2026-09-11,GB,greenparty,Green Party,far-left,site_scrape,party_document,greenparty.org.uk,Zack Polanski selected as Green Party candidate for Holborn and St Pancras byelection: “I love this place… I’ll fight for you”,https://greenparty.org.uk/2026/09/11/zack-polanski-holborn-and-st-pancras-i-love-this-place-ill-fight-for-you/,,"Zack Polanski was selected as Green Party candidate for the Holborn and St Pancras by-election scheduled for 8 October 2026, with the party positioning itself as the main challenger to Labour in the former seat of Keir Starmer.",Zack Polanski; Hannah Spencer,2,Zack Polanski,"Labour are running scared, and have started the campaign with an act of dishonesty and betrayal.","Labour are running scared, and have started the campaign with an act of dishonesty and betrayal.",greenparty-0,1,high,,,,
b606da066b4f4df7387a,2026-W38,2026-09-11,GB,greenparty,Green Party,far-left,site_scrape,party_document,greenparty.org.uk,Zack Polanski selected as Green Party candidate for Holborn and St Pancras byelection: “I love this place… I’ll fight for you”,https://greenparty.org.uk/2026/09/11/zack-polanski-holborn-and-st-pancras-i-love-this-place-ill-fight-for-you/,,"Zack Polanski was selected as Green Party candidate for the Holborn and St Pancras by-election scheduled for 8 October 2026, with the party positioning itself as the main challenger to Labour in the former seat of Keir Starmer.",Zack Polanski; Hannah Spencer,3,Zack Polanski,They are clearly going to allow new drilling in the North Sea but want to keep it under wraps during a byelection where they know the public want tougher action on climate not backsliding.,They are clearly going to allow new drilling in the North Sea but want to keep it under wraps during a byelection where they know the public want tougher action on climate not backsliding.,greenparty-0,1,high,,,,
4acb057e32e9adae21ba,2026-W38,2026-09-16,GB,greenparty,Green Party,far-left,press,press_characterisation,The Spectator,Green party activists turn on ‘genocide denier’ Zack Polanski - The Spectator,https://news.google.com/rss/articles/CBMilAFBVV95cUxOMlJLVlBNc1laREkzZnZZYTU4LV9DMWtqQW82VmI1T0Z4d2RIQ0xkTEtQdVUyLUhTVUd3TGEyN3duSDBZaFFDVExFVVRFYURIeHowYWE1ZWduYkdrOEFmNGNJd0M0REVyaE5VbVNsTm9RNzI5ZFprSjBscmZfQW80akdoNlpGS2RSelRMSEg1cmNBM2N5?oc=5,,"Green Party activists are reportedly turning against Zack Polanski, labeling him a 'genocide denier' in an internal party dispute.",Zack Polanski,,,,,greenparty-6,1,high,,,,
4f57ab8a87cf5a186218,2026-W38,2026-09-15,GB,greenparty,Green Party,far-left,press,press_characterisation,The Times,Zack Polanski campaigns in Urdu for Holborn & St Pancras by-election - The Times,https://news.google.com/rss/articles/CBMitAFBVV95cUxNUEVMeWtGUWltc0tnRUE4S1dSUTI1dHdaVVZndEVEQUFGS3dHdjE5b1UtYnNDM2IzYW0yaU00UklHWXJFMmcxV3BMQ1Bibi1oSGhDeEhqQl9GRDZGRTBnZ2x3VXZ2bFRqYWVRMDdvWU12YzBLZHltVEZHUnIxS2p4SFUwd2R1cmxVNmNNMVFYdXdvTEhTZ1V6NGtqZXN0ZUVIMjFBMzZKOHR1cEJFbVRMRG56bUY?oc=5,,Zack Polanski is campaigning in Urdu for the Green Party in the Holborn & St Pancras by-election.,Zack Polanski,,,,,greenparty-2,1,high,,,,
a2f5fee0fe6a3816f720,2026-W38,2026-09-16,PT,chega,Chega,far-right,press,press_reported_speech,Portugal Resident,"“Dictatorship, dictatorship, dictatorship” - CHEGA leader reacts to blanking of ‘potestative inquiry’ - Portugal Resident",https://news.google.com/rss/articles/CBMixgFBVV95cUxPZTNGTTFRMUgxNldJeEVsd2U0eUVqVkVNazRncklhSkRpWmJOU1pOSko3LUxhUW5BWTI1aEtPZ3BGaFZKVW5aNUM5YUZWU2RYLUluQktLeWhTQ1ItbklURmRzLTczMmpkUnhZN2xtSTlVOFhDTUZHOVpfc2wybjl1R3N5Z3F5MHM2U2cwcG1xNGdBSEIyUTFlcUNfdkd2MUEzSEQxaTFmbEMwNE1IbXBsT05mNFF4dnhrMHgtQ2ZrQV9LY2xLcUE?oc=5,,"Chega leader reacted to the rejection of a potestative inquiry by repeatedly stating ""dictatorship"" in criticism of the decision.",André Ventura,0,Chega leader,"Dictatorship, dictatorship, dictatorship","Dictatorship, dictatorship, dictatorship",chega-7,1,high,,,,
6959db49699719b17373,2026-W38,2026-09-16,PT,chega,Chega,far-right,press,press_characterisation,Portugal Resident,CHEGA bid for sweeping inquiry into Luís Neves rejected - Portugal Resident,https://news.google.com/rss/articles/CBMikwFBVV95cUxPN1V5QTZGMVF2MFBMTml2YWxidUo2RXNYZHRsUzdVREdWN3pfVFJqYnliYVFNdGlyUG4xbzc3dVlmdWxodkJiUUlqeVc1MkRPMlJRMHJIcDFTc0V3UEZCSF90TDh0R0ctZ1hwbjNkSmluS3JQWHhPTEkzOVhYcExubU4zY1BVT1JwR2dIUmRhTGVzTVU?oc=5,,Chega's proposal for a comprehensive parliamentary inquiry into Luís Neves was rejected.,Chega,,,,,chega-6,1,high,,,,
0b33c68e95a4bf455516,2026-W38,2026-09-15,PT,chega,Chega,far-right,press,press_characterisation,The Portugal News,André Ventura accuses Livre and PSD of vandalising his office - The Portugal News,https://news.google.com/rss/articles/CBMiuAFBVV95cUxQWEFoQlk2cXB0UkwtU2JOR2xHVmZ6M3BFMXJrdVBydzloVTBubjdjMGdfREdpcllXNWlLRXBTQmlLUWJEUDlhZ2JUQ1puOVZoRzdhMWgtUm9XcWlmSThKbVZiSUxPWG9ULU9kQXpjWG4xUTdCVzlQY0loWXVwUEFSNE1CTWpURHBKYVpvRlZsSWp3cmV5bU9VM1FJWVNQMGE3Z3J5RmdkLU02YVdaSGZnLW5TSm14eTgz?oc=5,,André Ventura accused Livre and PSD of vandalising his office.,André Ventura,,,,,chega-4,1,high,,,,
c3677636b13086f233be,2026-W38,2026-09-16,PT,pcp,PCP,far-left,site_scrape,party_document,www.pcp.pt,Partido Comunista Português,https://www.pcp.pt/tribunais-arbitrais-nao-podem-substituir-administrativos-que-protegem-interesse-do-estado,,Paula Santos intervened in the Assembly of the Republic plenary session arguing that arbitration tribunals cannot replace administrative courts that protect state interests.,Paula Santos,0,Paula Santos,Os tribunais arbitrais não podem substituir os administrativos que protegem o interesse do Estado,Arbitration tribunals cannot replace administrative courts that protect the interest of the State,pcp-4,1,high,,,,
c3677636b13086f233be,2026-W38,2026-09-16,PT,pcp,PCP,far-left,site_scrape,party_document,www.pcp.pt,Partido Comunista Português,https://www.pcp.pt/tribunais-arbitrais-nao-podem-substituir-administrativos-que-protegem-interesse-do-estado,,Paula Santos intervened in the Assembly of the Republic plenary session arguing that arbitration tribunals cannot replace administrative courts that protect state interests.,Paula Santos,1,Paula Santos,A justiça tem de proteger o interesse público e não manter mecanismos que favorecem os grupos económicos,Justice must protect the public interest and not maintain mechanisms that favor economic groups,pcp-4,1,high,,,,
e20266bf48f8b22b4e11,2026-W38,2026-09-15,PT,pcp,PCP,far-left,site_scrape,party_document,www.pcp.pt,Partido Comunista Português,https://www.pcp.pt/pcp-apresenta-primeiras-iniciativas-parlamentares-no-inicio-da-nova-sessao-legislativa,,"The Portuguese Communist Party submitted parliamentary initiatives at the start of the new legislative session proposing a 50-euro interim pension increase retroactive to July 2026, raising the minimum wage to 1,100 euros for 2027, and implementing price controls on food, fuel, and bottled gas.",Paula Santos,0,Paula Santos,"Uma primeira iniciativa que se prende com o aumento intercalar das pensões em 2026, no valor de 50 euros por pensionista, com retroactivos a 1 de Julho de 2026.","A first initiative that relates to the interim increase of pensions in 2026, in the amount of 50 euros per pensioner, with retroactive effect from July 1, 2026.",pcp-3,1,high,,,,
e20266bf48f8b22b4e11,2026-W38,2026-09-15,PT,pcp,PCP,far-left,site_scrape,party_document,www.pcp.pt,Partido Comunista Português,https://www.pcp.pt/pcp-apresenta-primeiras-iniciativas-parlamentares-no-inicio-da-nova-sessao-legislativa,,"The Portuguese Communist Party submitted parliamentary initiatives at the start of the new legislative session proposing a 50-euro interim pension increase retroactive to July 2026, raising the minimum wage to 1,100 euros for 2027, and implementing price controls on food, fuel, and bottled gas.",Paula Santos,1,Paula Santos,Vamos propor também o aumento do salário mínimo nacional para 2027 em 1.100 euros.,"We will also propose increasing the national minimum wage for 2027 to 1,100 euros.",pcp-3,1,high,,,,
e20266bf48f8b22b4e11,2026-W38,2026-09-15,PT,pcp,PCP,far-left,site_scrape,party_document,www.pcp.pt,Partido Comunista Português,https://www.pcp.pt/pcp-apresenta-primeiras-iniciativas-parlamentares-no-inicio-da-nova-sessao-legislativa,,"The Portuguese Communist Party submitted parliamentary initiatives at the start of the new legislative session proposing a 50-euro interim pension increase retroactive to July 2026, raising the minimum wage to 1,100 euros for 2027, and implementing price controls on food, fuel, and bottled gas.",Paula Santos,2,Paula Santos,E propomos também que o preço do gás engarrafado seja de 20 euros.,And we also propose that the price of bottled gas be 20 euros.,pcp-3,1,high,,,,
342bdbd3a4ef102dadd2,2026-W38,2026-09-14,PT,pcp,PCP,far-left,site_scrape,party_document,www.pcp.pt,Partido Comunista Português,https://www.pcp.pt/sns-47-anos-garantir-acesso-saude-aos-portugueses,,"PCP member Bernardino Soares delivered a press conference statement on the 47th anniversary of Portugal's National Health Service (SNS) law, criticizing the government's privatization policies and calling for increased investment in public healthcare, better working conditions for health professionals, and reduced healthcare costs for citizens.",Bernardino Soares,0,Bernardino Soares,"Não é possível aceitar que um dos países com mais baixos rendimentos da União Europeia seja em simultâneo um daqueles em que a população mais paga directamente do seu bolso o acesso à saúde, mais de 30% do total da despesa, num valor de 9 mil milhões de euros no último ano.","It is not possible to accept that one of the countries with the lowest incomes in the European Union is simultaneously one of those where the population pays the most directly out of pocket for access to healthcare, more than 30% of total expenditure, amounting to 9 billion euros in the last year.",pcp-2,1,high,,,,
342bdbd3a4ef102dadd2,2026-W38,2026-09-14,PT,pcp,PCP,far-left,site_scrape,party_document,www.pcp.pt,Partido Comunista Português,https://www.pcp.pt/sns-47-anos-garantir-acesso-saude-aos-portugueses,,"PCP member Bernardino Soares delivered a press conference statement on the 47th anniversary of Portugal's National Health Service (SNS) law, criticizing the government's privatization policies and calling for increased investment in public healthcare, better working conditions for health professionals, and reduced healthcare costs for citizens.",Bernardino Soares,1,Bernardino Soares,O Governo não resolveu nenhum problema e acentuou muitos dos que existiam. Tem uma única aposta e prioridade: favorecer os interesses dos grupos privados.,The Government has not solved any problem and has accentuated many of those that existed. It has a single bet and priority: to favor the interests of private groups.,pcp-2,1,high,,,,
342bdbd3a4ef102dadd2,2026-W38,2026-09-14,PT,pcp,PCP,far-left,site_scrape,party_document,www.pcp.pt,Partido Comunista Português,https://www.pcp.pt/sns-47-anos-garantir-acesso-saude-aos-portugueses,,"PCP member Bernardino Soares delivered a press conference statement on the 47th anniversary of Portugal's National Health Service (SNS) law, criticizing the government's privatization policies and calling for increased investment in public healthcare, better working conditions for health professionals, and reduced healthcare costs for citizens.",Bernardino Soares,2,Bernardino Soares,"A degradação do SNS não é inevitável, é uma opção política deste Governo. Mas esta orientação política pode ser derrotada.","The degradation of the SNS is not inevitable, it is a political choice of this Government. But this political orientation can be defeated.",pcp-2,1,high,,,,
b240cce6231ea58630a5,2026-W38,2026-09-10,PT,pcp,PCP,far-left,site_scrape,party_document,www.pcp.pt,Partido Comunista Português,https://www.pcp.pt/decisoes-do-bce-aumento-do-custo-de-vida-opcoes-do-governo,,"The Portuguese Communist Party denounced the European Central Bank's 25 basis point interest rate increase to 2.5%, announced mobilisation actions including a national protest day on 17 September 2026 against rising living costs, and proposed a debate in the European Parliament on interest rate increases.",Vasco Cardoso,0,Vasco Cardoso,"o Banco Central Europeu decide provocar um aumento de 25 pb na taxa de juro de referência, elevando-a para 2,5%, com os impactos que essa decisão tem nos custos de crédito para as empresas, para os particulares e para as famílias","the European Central Bank decides to provoke an increase of 25 basis points in the reference interest rate, raising it to 2.5%, with the impacts that this decision has on credit costs for companies, individuals and families",pcp-1,1,high,,,,
b240cce6231ea58630a5,2026-W38,2026-09-10,PT,pcp,PCP,far-left,site_scrape,party_document,www.pcp.pt,Partido Comunista Português,https://www.pcp.pt/decisoes-do-bce-aumento-do-custo-de-vida-opcoes-do-governo,,"The Portuguese Communist Party denounced the European Central Bank's 25 basis point interest rate increase to 2.5%, announced mobilisation actions including a national protest day on 17 September 2026 against rising living costs, and proposed a debate in the European Parliament on interest rate increases.",Vasco Cardoso,1,Vasco Cardoso,"A decisão do BCE, supostamente para prevenir valores mais altos de inflação provocada especialmente pelo aumento dos preços da energia, é errada. Penaliza, como sempre faz, os trabalhadores e as suas famílias","The ECB's decision, supposedly to prevent higher inflation values caused especially by rising energy prices, is wrong. It penalises, as it always does, workers and their families",pcp-1,1,high,,,,
b240cce6231ea58630a5,2026-W38,2026-09-10,PT,pcp,PCP,far-left,site_scrape,party_document,www.pcp.pt,Partido Comunista Português,https://www.pcp.pt/decisoes-do-bce-aumento-do-custo-de-vida-opcoes-do-governo,,"The Portuguese Communist Party denounced the European Central Bank's 25 basis point interest rate increase to 2.5%, announced mobilisation actions including a national protest day on 17 September 2026 against rising living costs, and proposed a debate in the European Parliament on interest rate increases.",Vasco Cardoso,2,Vasco Cardoso,Já no próximo dia 17 de Setembro iniciamos a jornada nacional de esclarecimento e mobilização dos trabalhadores e das populações sob o lema 'Romper com as injustiças. Novo rumo para Portugal. Uma vida melhor' com um dia de protesto contra o aumento do custo de vida,On the next 17th of September we begin the national day of clarification and mobilisation of workers and populations under the slogan 'Break with injustices. New direction for Portugal. A better life' with a day of protest against the increase in the cost of living,pcp-1,1,high,,,,
105e3f133d7a4549b2ee,2026-W38,2026-09-09,PT,pcp,PCP,far-left,site_scrape,party_document,www.pcp.pt,Partido Comunista Português,https://www.pcp.pt/problemas-no-sns-que-governo-nao-resolve-plano-do-governo-esse-destruir-sns,,Paula Santos of the Portuguese Communist Party intervened in the Assembly of the Republic accusing the government of deliberately destroying the National Health Service (SNS) rather than resolving its problems.,Paula Santos,,,,,pcp-0,1,high,,,,
d9fb061689cbf2f78abe,2026-W38,2026-09-14,DK,enhedslisten,Enhedslisten,far-left,press,press_characterisation,politiken.dk,Enhedslisten wants to create a new kind of ombudsman to hol - politiken.dk,https://news.google.com/rss/articles/CBMi8gFBVV95cUxOVkkybXI2UGliOTJMQzlYbDJBVTN5eUJoWG5uajkyZnI1RjdrS0JLc2ZVdHh6UHZNb3JxM0daVXFWMzdLVGhpaVJkeUdkTHRXUTd0VkVVMlFVNmtwRmg3Y0VVUjZlXzhJT3drT1RRTU5KYWZCX3B0dGxBVVFXT093LXFSZ1d5TGhhWjJUTG45aEpoTDNyWWhyMm9Hd1RHTExUMWpfbHozT1hPSk9hRXY1QTZPMV9wOTlsQ3d3RGJOTDF5VzRXQWwtUk1qRm1qbzhsUklRRkxmd3YtdGNEZ1ZEeXlxZFAzNnhXLUpfLUcyOGJtZw?oc=5,,Enhedslisten proposes creating a new type of ombudsman institution.,Enhedslisten,,,,,enhedslisten-2,1,high,,,,
784095bd1d5c8c2a32c1,2026-W38,2026-09-16,IE,pbp,People Before Profit,far-left,site_scrape,party_document,www.pbp.ie,Snap Closure of For-Profit English Language School Business in Dublin,https://www.pbp.ie/snap-closure-of-for-profit-english-language-school-business-in-dublin/,,"People Before Profit issued a statement expressing solidarity with approximately 17 staff members facing redundancy after the snap closure of EC Dublin English language school, calling for workers to consider occupation or protest and offering union advice through their trade union department.",People Before Profit,0,staff teacher at EC Dublin,We found out when our students found out,We found out when our students found out,pbp-6,1,high,,,,
784095bd1d5c8c2a32c1,2026-W38,2026-09-16,IE,pbp,People Before Profit,far-left,site_scrape,party_document,www.pbp.ie,Snap Closure of For-Profit English Language School Business in Dublin,https://www.pbp.ie/snap-closure-of-for-profit-english-language-school-business-in-dublin/,,"People Before Profit issued a statement expressing solidarity with approximately 17 staff members facing redundancy after the snap closure of EC Dublin English language school, calling for workers to consider occupation or protest and offering union advice through their trade union department.",People Before Profit,1,People Before Profit,People Before Profit stands in solidarity with the staff and students affected.,People Before Profit stands in solidarity with the staff and students affected.,pbp-6,1,high,,,,
1501e8707ee326299ecd,2026-W38,2026-09-14,IE,pbp,People Before Profit,far-left,site_scrape,party_document,www.pbp.ie,Dublin City Council Housing SPC Backs People Before Profit Call to Reverse Council Rent Increases,https://www.pbp.ie/dublin-city-council-housing-spc-backs-people-before-profit-call-to-reverse-council-rent-increases/,,"People Before Profit Councillor Conor Reddy's motion calling for reversal of Dublin City Council rent increases passed the Housing and Social Inclusion Strategic Policy Committee by 11 votes to 8, ahead of preparations for the 2027 City Council Budget.",Conor Reddy,0,Conor Reddy,"Today's vote sends a very clear message to the Chief Executive. A majority of members of the Housing SPC do not believe tenants should be made to carry these rent increases, particularly in the middle of a rapidly worsening cost-of-living crisis.",,pbp-3,1,high,,,,
1501e8707ee326299ecd,2026-W38,2026-09-14,IE,pbp,People Before Profit,far-left,site_scrape,party_document,www.pbp.ie,Dublin City Council Housing SPC Backs People Before Profit Call to Reverse Council Rent Increases,https://www.pbp.ie/dublin-city-council-housing-spc-backs-people-before-profit-call-to-reverse-council-rent-increases/,,"People Before Profit Councillor Conor Reddy's motion calling for reversal of Dublin City Council rent increases passed the Housing and Social Inclusion Strategic Policy Committee by 11 votes to 8, ahead of preparations for the 2027 City Council Budget.",Conor Reddy,1,Conor Reddy,"People are understandably angry at being asked to pay more rent for homes that in many cases are still in poor condition. Some tenants are being told that improvements are coming, but may have to wait years to see them. You cannot tell somebody living with damp, mould or a freezing home that they should pay more now and perhaps see the benefit somewhere down the line.",,pbp-3,1,high,,,,
1501e8707ee326299ecd,2026-W38,2026-09-14,IE,pbp,People Before Profit,far-left,site_scrape,party_document,www.pbp.ie,Dublin City Council Housing SPC Backs People Before Profit Call to Reverse Council Rent Increases,https://www.pbp.ie/dublin-city-council-housing-spc-backs-people-before-profit-call-to-reverse-council-rent-increases/,,"People Before Profit Councillor Conor Reddy's motion calling for reversal of Dublin City Council rent increases passed the Housing and Social Inclusion Strategic Policy Committee by 11 votes to 8, ahead of preparations for the 2027 City Council Budget.",Conor Reddy,2,Conor Reddy,"I believe public housing should be accessible to everybody. If we had a broader mix of tenants, including more households on higher incomes paying differential rents, there would be a much stronger and more sustainable revenue base for maintenance.",,pbp-3,1,high,,,,
1501e8707ee326299ecd,2026-W38,2026-09-14,IE,pbp,People Before Profit,far-left,site_scrape,party_document,www.pbp.ie,Dublin City Council Housing SPC Backs People Before Profit Call to Reverse Council Rent Increases,https://www.pbp.ie/dublin-city-council-housing-spc-backs-people-before-profit-call-to-reverse-council-rent-increases/,,"People Before Profit Councillor Conor Reddy's motion calling for reversal of Dublin City Council rent increases passed the Housing and Social Inclusion Strategic Policy Committee by 11 votes to 8, ahead of preparations for the 2027 City Council Budget.",Conor Reddy,3,Conor Reddy,"We will bring today's vote, the arrears figures, the hardship figures and the experiences of tenants directly into that review. I hope the Chief Executive listens to the clear call from the Housing SPC and reverses these increases.",,pbp-3,1,high,,,,
63b57dbb31a51a5d7156,2026-W38,2026-09-14,IE,pbp,People Before Profit,far-left,site_scrape,party_document,www.pbp.ie,O'Neill: Girls Themselves Won U-Turn on Right to Wear Trousers Through Relentless Efforts,https://www.pbp.ie/oneill-girls-themselves-won-u-turn-on-right-to-wear-trousers-through-relentless-efforts/,,"People Before Profit representative Maeve O'Neill praised girls who campaigned for the right to wear trousers in school, criticized Education Minister Paul Givan for his U-turn, and called for further reforms including universal free school meals, improved RSE, and health awareness training.",Maeve O'Neill,0,Maeve O'Neill,"We are delighted girls have won the right to wear trousers in school, if they choose. Education Minister Paul Givan deserves absolutely no credit for his embarrassing U-turn.",,pbp-2,1,high,,,,
63b57dbb31a51a5d7156,2026-W38,2026-09-14,IE,pbp,People Before Profit,far-left,site_scrape,party_document,www.pbp.ie,O'Neill: Girls Themselves Won U-Turn on Right to Wear Trousers Through Relentless Efforts,https://www.pbp.ie/oneill-girls-themselves-won-u-turn-on-right-to-wear-trousers-through-relentless-efforts/,,"People Before Profit representative Maeve O'Neill praised girls who campaigned for the right to wear trousers in school, criticized Education Minister Paul Givan for his U-turn, and called for further reforms including universal free school meals, improved RSE, and health awareness training.",Maeve O'Neill,1,Maeve O'Neill,Many girls were subject to discipline and left in fear for campaigning to wear trousers. Their bravery should be fully recognised.,,pbp-2,1,high,,,,
63b57dbb31a51a5d7156,2026-W38,2026-09-14,IE,pbp,People Before Profit,far-left,site_scrape,party_document,www.pbp.ie,O'Neill: Girls Themselves Won U-Turn on Right to Wear Trousers Through Relentless Efforts,https://www.pbp.ie/oneill-girls-themselves-won-u-turn-on-right-to-wear-trousers-through-relentless-efforts/,,"People Before Profit representative Maeve O'Neill praised girls who campaigned for the right to wear trousers in school, criticized Education Minister Paul Givan for his U-turn, and called for further reforms including universal free school meals, improved RSE, and health awareness training.",Maeve O'Neill,2,Maeve O'Neill,Stormont's uniform legislation isn't fit for purpose and must be challenged. Universal free school meals and other measures can reduce cost of the school day pressures.,,pbp-2,1,high,,,,
009cce95a5babfadb6d5,2026-W38,2026-09-11,IE,pbp,People Before Profit,far-left,site_scrape,party_document,www.pbp.ie,People Before Profit TD and President of the Irish Anti-War Movement Urges Big Turn-Out for Anti-Trump Demonstration,https://www.pbp.ie/people-before-profit-td-and-president-of-the-irish-anti-war-movement-urges-big-turn-out-for-anti-trump-demonstration/,,"People Before Profit TD Richard Boyd Barrett, as President of the Irish Anti-War Movement, urges large public turnout for a demonstration on Saturday against Donald Trump's visit to Ireland, criticizing Trump's support for Israel and alleged warmongering causing economic hardship.",Richard Boyd Barrett,0,Richard Boyd Barrett,"I strongly urge people to get out on the streets tomorrow to protest against Trump, everything that he represents and the disgraceful decision of the government to invite him and spend large amounts of public money rolling out the red carpet for him.","I strongly urge people to get out on the streets tomorrow to protest against Trump, everything that he represents and the disgraceful decision of the government to invite him and spend large amounts of public money rolling out the red carpet for him.",pbp-1,1,high,,,,
009cce95a5babfadb6d5,2026-W38,2026-09-11,IE,pbp,People Before Profit,far-left,site_scrape,party_document,www.pbp.ie,People Before Profit TD and President of the Irish Anti-War Movement Urges Big Turn-Out for Anti-Trump Demonstration,https://www.pbp.ie/people-before-profit-td-and-president-of-the-irish-anti-war-movement-urges-big-turn-out-for-anti-trump-demonstration/,,"People Before Profit TD Richard Boyd Barrett, as President of the Irish Anti-War Movement, urges large public turnout for a demonstration on Saturday against Donald Trump's visit to Ireland, criticizing Trump's support for Israel and alleged warmongering causing economic hardship.",Richard Boyd Barrett,1,Richard Boyd Barrett,Trump is a monster and bully who is up to his neck in the horrific genocide being inflicted by Israel on the people of Palestine.,Trump is a monster and bully who is up to his neck in the horrific genocide being inflicted by Israel on the people of Palestine.,pbp-1,1,high,,,,
009cce95a5babfadb6d5,2026-W38,2026-09-11,IE,pbp,People Before Profit,far-left,site_scrape,party_document,www.pbp.ie,People Before Profit TD and President of the Irish Anti-War Movement Urges Big Turn-Out for Anti-Trump Demonstration,https://www.pbp.ie/people-before-profit-td-and-president-of-the-irish-anti-war-movement-urges-big-turn-out-for-anti-trump-demonstration/,,"People Before Profit TD Richard Boyd Barrett, as President of the Irish Anti-War Movement, urges large public turnout for a demonstration on Saturday against Donald Trump's visit to Ireland, criticizing Trump's support for Israel and alleged warmongering causing economic hardship.",Richard Boyd Barrett,2,Richard Boyd Barrett,Every single household in this country is facing rocketing energy prices because of Trump's bloody warmongering.,Every single household in this country is facing rocketing energy prices because of Trump's bloody warmongering.,pbp-1,1,high,,,,
9d9e0ebdf7ee3111c42e,2026-W38,2026-09-10,IE,pbp,People Before Profit,far-left,site_scrape,party_document,www.pbp.ie,People Before Profit-Solidarity Think-In: €500 electricity credit funded by data centres levy,https://www.pbp.ie/people-before-profit-solidarity-think-in-eur500-electricity-credit-funded-by-data-centres-levy/,,"People Before Profit-Solidarity held a Think-In on 10 September 2026 proposing a €500 electricity credit funded by a 20c per kWh levy on data centres, wealth taxes on multi-millionaires, price caps on energy and groceries, and announced plans to use Private Members Business time in the Dáil to demand data centres pay household electricity rates.",Paul Murphy; Ruth Coppinger; Richard Boyd Barrett,0,Paul Murphy,At our Think-In we will discuss the cost-of-living-crisis and our proposals for meaningful measures to address it. One of our key proposals is for €500 electricity credits for households to be funded by an electricity consumption levy of 20c per kwh on data centres. This would make a big difference to households facing crippling energy bills this winter.,At our Think-In we will discuss the cost-of-living-crisis and our proposals for meaningful measures to address it. One of our key proposals is for €500 electricity credits for households to be funded by an electricity consumption levy of 20c per kwh on data centres. This would make a big difference to households facing crippling energy bills this winter.,pbp-0,1,high,,,,
9d9e0ebdf7ee3111c42e,2026-W38,2026-09-10,IE,pbp,People Before Profit,far-left,site_scrape,party_document,www.pbp.ie,People Before Profit-Solidarity Think-In: €500 electricity credit funded by data centres levy,https://www.pbp.ie/people-before-profit-solidarity-think-in-eur500-electricity-credit-funded-by-data-centres-levy/,,"People Before Profit-Solidarity held a Think-In on 10 September 2026 proposing a €500 electricity credit funded by a 20c per kWh levy on data centres, wealth taxes on multi-millionaires, price caps on energy and groceries, and announced plans to use Private Members Business time in the Dáil to demand data centres pay household electricity rates.",Paul Murphy; Ruth Coppinger; Richard Boyd Barrett,1,Paul Murphy,We will use our Private Members Business time in the Dáil next week to demand that data centres pay the same for their electricity as householders and that the funds raised be used to fund €500 electricity credits for households.,We will use our Private Members Business time in the Dáil next week to demand that data centres pay the same for their electricity as householders and that the funds raised be used to fund €500 electricity credits for households.,pbp-0,1,high,,,,
9d9e0ebdf7ee3111c42e,2026-W38,2026-09-10,IE,pbp,People Before Profit,far-left,site_scrape,party_document,www.pbp.ie,People Before Profit-Solidarity Think-In: €500 electricity credit funded by data centres levy,https://www.pbp.ie/people-before-profit-solidarity-think-in-eur500-electricity-credit-funded-by-data-centres-levy/,,"People Before Profit-Solidarity held a Think-In on 10 September 2026 proposing a €500 electricity credit funded by a 20c per kWh levy on data centres, wealth taxes on multi-millionaires, price caps on energy and groceries, and announced plans to use Private Members Business time in the Dáil to demand data centres pay household electricity rates.",Paul Murphy; Ruth Coppinger; Richard Boyd Barrett,2,Ruth Coppinger,"It's absolutely craven to see the government roll out the red carpet this weekend to President Trump, the main funder of a genocide they say they oppose. Trump not only facilitates the massacre of the people of Gaza, but is the main purveyor globally of militarisation, far-right bigotry and misogyny. We will be joining protests against his visit and calling on big numbers to turn out on Saturday.","It's absolutely craven to see the government roll out the red carpet this weekend to President Trump, the main funder of a genocide they say they oppose. Trump not only facilitates the massacre of the people of Gaza, but is the main purveyor globally of militarisation, far-right bigotry and misogyny. We will be joining protests against his visit and calling on big numbers to turn out on Saturday.",pbp-0,1,high,,,,
9d9e0ebdf7ee3111c42e,2026-W38,2026-09-10,IE,pbp,People Before Profit,far-left,site_scrape,party_document,www.pbp.ie,People Before Profit-Solidarity Think-In: €500 electricity credit funded by data centres levy,https://www.pbp.ie/people-before-profit-solidarity-think-in-eur500-electricity-credit-funded-by-data-centres-levy/,,"People Before Profit-Solidarity held a Think-In on 10 September 2026 proposing a €500 electricity credit funded by a 20c per kWh levy on data centres, wealth taxes on multi-millionaires, price caps on energy and groceries, and announced plans to use Private Members Business time in the Dáil to demand data centres pay household electricity rates.",Paul Murphy; Ruth Coppinger; Richard Boyd Barrett,3,Richard Boyd Barrett,"In addition to energy credits, we need price caps on energy and on essential groceries. We have been calling for these for years and have introduced Bills in the Dáil proposing price caps.","In addition to energy credits, we need price caps on energy and on essential groceries. We have been calling for these for years and have introduced Bills in the Dáil proposing price caps.",pbp-0,1,high,,,,
9d9e0ebdf7ee3111c42e,2026-W38,2026-09-10,IE,pbp,People Before Profit,far-left,site_scrape,party_document,www.pbp.ie,People Before Profit-Solidarity Think-In: €500 electricity credit funded by data centres levy,https://www.pbp.ie/people-before-profit-solidarity-think-in-eur500-electricity-credit-funded-by-data-centres-levy/,,"People Before Profit-Solidarity held a Think-In on 10 September 2026 proposing a €500 electricity credit funded by a 20c per kWh levy on data centres, wealth taxes on multi-millionaires, price caps on energy and groceries, and announced plans to use Private Members Business time in the Dáil to demand data centres pay household electricity rates.",Paul Murphy; Ruth Coppinger; Richard Boyd Barrett,4,Richard Boyd Barrett,Our wealth tax proposals for Budget 2026 would have raised €9 billion this year that could have been used to eradicate poverty and build world-class public services. We will develop those proposals for our alternative Budget 2027 and include other proposals for taxes on extreme wealth and corporate profits that can raise billions more to create the equal and sustainable society we urgently need.,Our wealth tax proposals for Budget 2026 would have raised €9 billion this year that could have been used to eradicate poverty and build world-class public services. We will develop those proposals for our alternative Budget 2027 and include other proposals for taxes on extreme wealth and corporate profits that can raise billions more to create the equal and sustainable society we urgently need.,pbp-0,1,high,,,,
4b9e683fb8150afc2b9b,2026-W38,2026-09-14,IE,pbp,People Before Profit,far-left,press,press_characterisation,People Before Profit,Dublin City Council Housing SPC Backs People Before Profit Call to Reverse Council Rent Increases - People Before Profit,https://news.google.com/rss/articles/CBMiuAFBVV95cUxNUXBpWkdiNVVaeTZSSUFYeDVLT0d3a000alVMQUlpcHBMTWExcGh2alhyQVhtQVY0UEk2dnphTG54SFFuckluZ3gtVGI5aDNMY2dBYnNQSU5Ea1NUTWZIMTNnNXZvbW84ZWtfX3U0MlFjeUVQU0JEallPVURmSURnS0g4Y1NBSkVCbWZtTHlvb0xTT2UxUEtmbVJXOERkMVBjMzVHcl8tTzFnb2VOYmVZNTR4dlJwQXZf?oc=5,,Dublin City Council Housing Strategic Policy Committee supported a People Before Profit motion calling for the reversal of council rent increases.,People Before Profit,,,,,pbp-4,1,high,,,,
1b35137004b23f31921f,2026-W38,2026-09-17,LU,deilenk,déi Lénk,far-left,site_scrape,party_document,dei-lenk.lu,déi Lénk,https://dei-lenk.lu/agenda?eventid=213776#event-213776,,"déi Lénk announces parliamentary rotation where MPs Ana Correia da Veiga and Gary Diderich will replace Marc Baum and David Wagner three years after legislative elections, with a series of public meetings scheduled across Luxembourg in October 2026.",Marc Baum; David Wagner; Ana Correia da Veiga; Gary Diderich,0,déi Lénk,"Geméiss dem Rotatiounsprinzip iwwerhuelen d'Ana Correia da Veiga an de Gary Diderich d'Relève mat därselwechter Energie, awer mat hirer ganz eigener Handschrëft.","According to the rotation principle, Ana Correia da Veiga and Gary Diderich will take over with the same energy, but with their own personal touch.",deilenk-0,8,high,,,,
1b35137004b23f31921f,2026-W38,2026-09-17,LU,deilenk,déi Lénk,far-left,site_scrape,party_document,dei-lenk.lu,déi Lénk,https://dei-lenk.lu/agenda?eventid=213776#event-213776,,"déi Lénk announces parliamentary rotation where MPs Ana Correia da Veiga and Gary Diderich will replace Marc Baum and David Wagner three years after legislative elections, with a series of public meetings scheduled across Luxembourg in October 2026.",Marc Baum; David Wagner; Ana Correia da Veiga; Gary Diderich,1,déi Lénk,De Marc Baum an den David Wagner hunn déi ganz Oppositioun no lénks gedriwwen an Drock op d'Regierung ausgeüübt.,Marc Baum and David Wagner have pulled the entire opposition to the left and exerted pressure on the government.,deilenk-0,8,high,,,,
8a799dd4e256a7873015,2026-W38,2026-09-17,LU,deilenk,déi Lénk,far-left,site_scrape,party_document,dei-lenk.lu,déi Lénk,https://dei-lenk.lu/agenda?eventid=214077#event-214077,,"déi Lénk announces a rotation of its parliamentary representatives, with Ana Correia da Veiga and Gary Diderich taking over from Marc Baum and David Wagner three years after legislative elections, and organizes public meetings to present the new MPs.",Marc Baum; David Wagner; Ana Correia da Veiga; Gary Diderich,0,déi Lénk,"Geméiss dem Rotatiounsprinzip iwwerhuelen d'Ana Correia da Veiga an de Gary Diderich d'Relève mat därselwechter Energie, awer mat hirer ganz eigener Handschrëft.","According to the rotation principle, Ana Correia da Veiga and Gary Diderich will take over with the same energy, but with their own personal touch.",deilenk-0,8,high,,,,
8a799dd4e256a7873015,2026-W38,2026-09-17,LU,deilenk,déi Lénk,far-left,site_scrape,party_document,dei-lenk.lu,déi Lénk,https://dei-lenk.lu/agenda?eventid=214077#event-214077,,"déi Lénk announces a rotation of its parliamentary representatives, with Ana Correia da Veiga and Gary Diderich taking over from Marc Baum and David Wagner three years after legislative elections, and organizes public meetings to present the new MPs.",Marc Baum; David Wagner; Ana Correia da Veiga; Gary Diderich,1,déi Lénk,De Marc Baum an den David Wagner hunn déi ganz Oppositioun no lénks gedriwwen an Drock op d'Regierung ausgeüübt.,Marc Baum and David Wagner have pulled the entire opposition to the left and exerted pressure on the government.,deilenk-0,8,high,,,,
8f14d5fb786ce6797400,2026-W38,2026-09-17,LU,deilenk,déi Lénk,far-left,site_scrape,party_document,dei-lenk.lu,déi Lénk,https://dei-lenk.lu/agenda?eventid=214081#event-214081,,"déi Lénk announces parliamentary rotation with Ana Correia da Veiga and Gary Diderich replacing Marc Baum and David Wagner as MPs three years after legislative elections, and schedules multiple ""Meet your MPs"" events across Luxembourg in October 2026.",Marc Baum; David Wagner; Ana Correia da Veiga; Gary Diderich,0,déi Lénk,"Geméiss dem Rotatiounsprinzip iwwerhuelen d'Ana Correia da Veiga an de Gary Diderich d'Relève mat därselwechter Energie, awer mat hirer ganz eigener Handschrëft.","According to the rotation principle, Ana Correia da Veiga and Gary Diderich will take over with the same energy, but with their own personal touch.",deilenk-0,8,high,,,,
8f14d5fb786ce6797400,2026-W38,2026-09-17,LU,deilenk,déi Lénk,far-left,site_scrape,party_document,dei-lenk.lu,déi Lénk,https://dei-lenk.lu/agenda?eventid=214081#event-214081,,"déi Lénk announces parliamentary rotation with Ana Correia da Veiga and Gary Diderich replacing Marc Baum and David Wagner as MPs three years after legislative elections, and schedules multiple ""Meet your MPs"" events across Luxembourg in October 2026.",Marc Baum; David Wagner; Ana Correia da Veiga; Gary Diderich,1,déi Lénk,De Marc Baum an den David Wagner hunn déi ganz Oppositioun no lénks gedriwwen an Drock op d'Regierung ausgeüübt.,Marc Baum and David Wagner have pulled the entire opposition to the left and exerted pressure on the government.,deilenk-0,8,high,,,,
ccdecb61f58ee182c180,2026-W38,2026-09-17,LU,deilenk,déi Lénk,far-left,site_scrape,party_document,dei-lenk.lu,déi Lénk,https://dei-lenk.lu/agenda?eventid=213803#event-213803,,"déi Lénk announces parliamentary rotation where MPs Ana Correia da Veiga and Gary Diderich will replace Marc Baum and David Wagner three years after legislative elections, with a series of public meetings scheduled across Luxembourg in October 2026.",Marc Baum; David Wagner; Ana Correia da Veiga; Gary Diderich,0,déi Lénk,"Geméiss dem Rotatiounsprinzip iwwerhuelen d'Ana Correia da Veiga an de Gary Diderich d'Relève mat därselwechter Energie, awer mat hirer ganz eigener Handschrëft.","According to the rotation principle, Ana Correia da Veiga and Gary Diderich will take over with the same energy, but with their own personal touch.",deilenk-0,8,high,,,,
ccdecb61f58ee182c180,2026-W38,2026-09-17,LU,deilenk,déi Lénk,far-left,site_scrape,party_document,dei-lenk.lu,déi Lénk,https://dei-lenk.lu/agenda?eventid=213803#event-213803,,"déi Lénk announces parliamentary rotation where MPs Ana Correia da Veiga and Gary Diderich will replace Marc Baum and David Wagner three years after legislative elections, with a series of public meetings scheduled across Luxembourg in October 2026.",Marc Baum; David Wagner; Ana Correia da Veiga; Gary Diderich,1,déi Lénk,De Marc Baum an den David Wagner hunn déi ganz Oppositioun no lénks gedriwwen an Drock op d'Regierung ausgeüübt.,Marc Baum and David Wagner have pulled the entire opposition to the left and exerted pressure on the government.,deilenk-0,8,high,,,,
b93eb324759ed87bf5a4,2026-W38,2026-09-17,LU,deilenk,déi Lénk,far-left,site_scrape,party_document,dei-lenk.lu,déi Lénk,https://dei-lenk.lu/agenda?eventid=214082#event-214082,,"déi Lénk announces parliamentary rotation where MPs Ana Correia da Veiga and Gary Diderich will replace Marc Baum and David Wagner three years after legislative elections, with a series of ""Meet your MPs"" events scheduled across Luxembourg in October 2026.",Marc Baum; David Wagner; Ana Correia da Veiga; Gary Diderich,0,déi Lénk,"Geméiss dem Rotatiounsprinzip iwwerhuelen d'Ana Correia da Veiga an de Gary Diderich d'Relève mat därselwechter Energie, awer mat hirer ganz eigener Handschrëft.","According to the rotation principle, Ana Correia da Veiga and Gary Diderich will take over with the same energy, but with their own personal touch.",deilenk-0,8,high,,,,
b93eb324759ed87bf5a4,2026-W38,2026-09-17,LU,deilenk,déi Lénk,far-left,site_scrape,party_document,dei-lenk.lu,déi Lénk,https://dei-lenk.lu/agenda?eventid=214082#event-214082,,"déi Lénk announces parliamentary rotation where MPs Ana Correia da Veiga and Gary Diderich will replace Marc Baum and David Wagner three years after legislative elections, with a series of ""Meet your MPs"" events scheduled across Luxembourg in October 2026.",Marc Baum; David Wagner; Ana Correia da Veiga; Gary Diderich,1,déi Lénk,De Marc Baum an den David Wagner hunn déi ganz Oppositioun no lénks gedriwwen an Drock op d'Regierung ausgeüübt.,Marc Baum and David Wagner have pulled the entire opposition to the left and exerted pressure on the government.,deilenk-0,8,high,,,,
dbf223452e91523f1c14,2026-W38,2026-09-17,LU,deilenk,déi Lénk,far-left,site_scrape,party_document,dei-lenk.lu,déi Lénk,https://dei-lenk.lu/agenda?eventid=214083#event-214083,,"déi Lénk announces parliamentary rotation where MPs Ana Correia da Veiga and Gary Diderich will replace Marc Baum and David Wagner three years after legislative elections, with public meetings scheduled across Luxembourg to present the new MPs.",Marc Baum; David Wagner; Ana Correia da Veiga; Gary Diderich,0,déi Lénk,"Geméiss dem Rotatiounsprinzip iwwerhuelen d'Ana Correia da Veiga an de Gary Diderich d'Relève mat därselwechter Energie, awer mat hirer ganz eigener Handschrëft.","According to the rotation principle, Ana Correia da Veiga and Gary Diderich will take over with the same energy, but with their own personal touch.",deilenk-0,8,high,,,,
dbf223452e91523f1c14,2026-W38,2026-09-17,LU,deilenk,déi Lénk,far-left,site_scrape,party_document,dei-lenk.lu,déi Lénk,https://dei-lenk.lu/agenda?eventid=214083#event-214083,,"déi Lénk announces parliamentary rotation where MPs Ana Correia da Veiga and Gary Diderich will replace Marc Baum and David Wagner three years after legislative elections, with public meetings scheduled across Luxembourg to present the new MPs.",Marc Baum; David Wagner; Ana Correia da Veiga; Gary Diderich,1,déi Lénk,De Marc Baum an den David Wagner hunn déi ganz Oppositioun no lénks gedriwwen an Drock op d'Regierung ausgeüübt.,Marc Baum and David Wagner have pulled the entire opposition to the left and exerted pressure on the government.,deilenk-0,8,high,,,,
2cd580552b193eae2f09,2026-W38,2026-09-17,LU,deilenk,déi Lénk,far-left,site_scrape,party_document,dei-lenk.lu,déi Lénk,https://dei-lenk.lu/agenda?eventid=213632#event-213632,,"déi Lénk announces parliamentary rotation where MPs Ana Correia da Veiga and Gary Diderich will replace Marc Baum and David Wagner three years after legislative elections, with public meetings scheduled across Luxembourg to present the new MPs.",Marc Baum; David Wagner; Ana Correia da Veiga; Gary Diderich,0,déi Lénk,"Geméiss dem Rotatiounsprinzip iwwerhuelen d'Ana Correia da Veiga an de Gary Diderich d'Relève mat därselwechter Energie, awer mat hirer ganz eigener Handschrëft.","According to the rotation principle, Ana Correia da Veiga and Gary Diderich will take over with the same energy, but with their own personal touch.",deilenk-0,8,high,,,,
2cd580552b193eae2f09,2026-W38,2026-09-17,LU,deilenk,déi Lénk,far-left,site_scrape,party_document,dei-lenk.lu,déi Lénk,https://dei-lenk.lu/agenda?eventid=213632#event-213632,,"déi Lénk announces parliamentary rotation where MPs Ana Correia da Veiga and Gary Diderich will replace Marc Baum and David Wagner three years after legislative elections, with public meetings scheduled across Luxembourg to present the new MPs.",Marc Baum; David Wagner; Ana Correia da Veiga; Gary Diderich,1,déi Lénk,De Marc Baum an den David Wagner hunn déi ganz Oppositioun no lénks gedriwwen an Drock op d'Regierung ausgeüübt.,Marc Baum and David Wagner have pulled the entire opposition to the left and exerted pressure on the government.,deilenk-0,8,high,,,,
a477a3adde201917f4a8,2026-W38,2026-09-17,LU,deilenk,déi Lénk,far-left,site_scrape,party_document,dei-lenk.lu,déi Lénk,https://dei-lenk.lu/agenda?eventid=213804#event-213804,,"déi Lénk announces parliamentary rotation where MPs Ana Correia da Veiga and Gary Diderich will replace Marc Baum and David Wagner three years after legislative elections, with a series of public meetings scheduled across Luxembourg in October 2026.",Marc Baum; David Wagner; Ana Correia da Veiga; Gary Diderich,0,déi Lénk,"Geméiss dem Rotatiounsprinzip iwwerhuelen d'Ana Correia da Veiga an de Gary Diderich d'Relève mat därselwechter Energie, awer mat hirer ganz eigener Handschrëft.","According to the rotation principle, Ana Correia da Veiga and Gary Diderich will take over with the same energy, but with their own personal touch.",deilenk-0,8,high,,,,
a477a3adde201917f4a8,2026-W38,2026-09-17,LU,deilenk,déi Lénk,far-left,site_scrape,party_document,dei-lenk.lu,déi Lénk,https://dei-lenk.lu/agenda?eventid=213804#event-213804,,"déi Lénk announces parliamentary rotation where MPs Ana Correia da Veiga and Gary Diderich will replace Marc Baum and David Wagner three years after legislative elections, with a series of public meetings scheduled across Luxembourg in October 2026.",Marc Baum; David Wagner; Ana Correia da Veiga; Gary Diderich,1,déi Lénk,De Marc Baum an den David Wagner hunn déi ganz Oppositioun no lénks gedriwwen an Drock op d'Regierung ausgeüübt.,Marc Baum and David Wagner have pulled the entire opposition to the left and exerted pressure on the government.,deilenk-0,8,high,,,,
d0445097b9efedd8aa55,2026-W38,2026-09-11,CH,solidarites,solidaritéS,far-left,site_scrape,party_document,solidarites.ch,Non à l’initiative trompeuse sur «la neutralité»,https://solidarites.ch/2026/09/11/non-a-linitiative-trompeuse-sur-la-neutralite/,,"solidaritéS calls for rejection of the Swiss People's Party (UDC) neutrality initiative in the 27 September vote, arguing it facilitates arms trade, serves corporate interests, increases military spending, and prevents sanctions against regimes committing crimes against humanity including Israel.",solidaritéS,0,solidaritéS,Sous couvert de «neutralité» l'initiative de l'UDC veut surtout faciliter le commerce d'armes,Under the guise of 'neutrality' the UDC initiative mainly wants to facilitate the arms trade,solidarites-0,1,high,,,,
d0445097b9efedd8aa55,2026-W38,2026-09-11,CH,solidarites,solidaritéS,far-left,site_scrape,party_document,solidarites.ch,Non à l’initiative trompeuse sur «la neutralité»,https://solidarites.ch/2026/09/11/non-a-linitiative-trompeuse-sur-la-neutralite/,,"solidaritéS calls for rejection of the Swiss People's Party (UDC) neutrality initiative in the 27 September vote, arguing it facilitates arms trade, serves corporate interests, increases military spending, and prevents sanctions against regimes committing crimes against humanity including Israel.",solidaritéS,1,solidaritéS,la Suisse doit garder une marge de manœuvre en termes de sanctions afin de mettre fin à toute collaboration de ses banques et entreprises avec des gouvernements commettant des crimes contre l'humanité ou des criminel·les recherché·es par la Cour pénale internationale,Switzerland must maintain room for maneuver in terms of sanctions in order to end all collaboration by its banks and companies with governments committing crimes against humanity or criminals sought by the International Criminal Court,solidarites-0,1,high,,,,
d0445097b9efedd8aa55,2026-W38,2026-09-11,CH,solidarites,solidaritéS,far-left,site_scrape,party_document,solidarites.ch,Non à l’initiative trompeuse sur «la neutralité»,https://solidarites.ch/2026/09/11/non-a-linitiative-trompeuse-sur-la-neutralite/,,"solidaritéS calls for rejection of the Swiss People's Party (UDC) neutrality initiative in the 27 September vote, arguing it facilitates arms trade, serves corporate interests, increases military spending, and prevents sanctions against regimes committing crimes against humanity including Israel.",solidaritéS,2,solidaritéS,"il faut mobiliser tous les leviers possibles pour sanctionner les gouvernements responsables de génocide, comme l'État colonial israélien, et les chefs de guerre, à l'instar de Netanyahou, de Poutine ou de Trump","all possible levers must be mobilized to sanction governments responsible for genocide, such as the colonial Israeli state, and warlords, like Netanyahu, Putin or Trump",solidarites-0,1,high,,,,
d0445097b9efedd8aa55,2026-W38,2026-09-11,CH,solidarites,solidaritéS,far-left,site_scrape,party_document,solidarites.ch,Non à l’initiative trompeuse sur «la neutralité»,https://solidarites.ch/2026/09/11/non-a-linitiative-trompeuse-sur-la-neutralite/,,"solidaritéS calls for rejection of the Swiss People's Party (UDC) neutrality initiative in the 27 September vote, arguing it facilitates arms trade, serves corporate interests, increases military spending, and prevents sanctions against regimes committing crimes against humanity including Israel.",solidaritéS,3,solidaritéS,"Pour toutes ces raisons, solidaritéS appelle à refuser massivement l'initiative trompeuse sur « la neutralité » !","For all these reasons, solidaritéS calls for massive rejection of the deceptive initiative on 'neutrality'!",solidarites-0,1,high,,,,
dc80e2ea9ef416c8df0f,2026-W38,2026-09-14,CH,mcg,MCG,far-right,site_scrape,party_document,mcge.ch,"Payer 39,5 millions pour faciliter l’entrée du narcotrafic à Genève ?",https://mcge.ch/395-millions-a-la-france-pour-faciliter-le-trafic-frontalier-et-la-criminalite-qui-va-avec/,,"The Geneva Citizens' Movement (MCG) campaigns against a 39.5 million franc payment to France for cross-border mobility infrastructure ahead of a 27 September 2026 vote, arguing it would facilitate drug trafficking and crime from neighboring French communes into Geneva.",François Baertschi,0,MCG,"À 17 jours de la votation qui accorderait un cadeau de 39'5 millions à la France pour faciliter le passage à nos frontières, le chef de la police judiciaire genevoise parle d'une « criminalité ultra-violente » à Annemasse et Gaillard et juge cette proximité avec Genève « très préoccupante ».","17 days before the vote that would grant a gift of 39.5 million to France to facilitate passage at our borders, the head of Geneva's judicial police speaks of 'ultra-violent crime' in Annemasse and Gaillard and considers this proximity to Geneva 'very worrying'.",mcg-1,1,high,,,,
dc80e2ea9ef416c8df0f,2026-W38,2026-09-14,CH,mcg,MCG,far-right,site_scrape,party_document,mcge.ch,"Payer 39,5 millions pour faciliter l’entrée du narcotrafic à Genève ?",https://mcge.ch/395-millions-a-la-france-pour-faciliter-le-trafic-frontalier-et-la-criminalite-qui-va-avec/,,"The Geneva Citizens' Movement (MCG) campaigns against a 39.5 million franc payment to France for cross-border mobility infrastructure ahead of a 27 September 2026 vote, arguing it would facilitate drug trafficking and crime from neighboring French communes into Geneva.",François Baertschi,1,François Baertschi,"Quand la criminalité ultra-violente frappe aux portes de Genève, on ne lui déroule pas le tapis rouge. Le 27 septembre, on vote NON au cadeau de 39,5 millions pour financer la mobilité transfrontalière !","When ultra-violent crime knocks at Geneva's doors, we don't roll out the red carpet. On 27 September, we vote NO to the gift of 39.5 million to finance cross-border mobility!",mcg-1,1,high,,,,
dc80e2ea9ef416c8df0f,2026-W38,2026-09-14,CH,mcg,MCG,far-right,site_scrape,party_document,mcge.ch,"Payer 39,5 millions pour faciliter l’entrée du narcotrafic à Genève ?",https://mcge.ch/395-millions-a-la-france-pour-faciliter-le-trafic-frontalier-et-la-criminalite-qui-va-avec/,,"The Geneva Citizens' Movement (MCG) campaigns against a 39.5 million franc payment to France for cross-border mobility infrastructure ahead of a 27 September 2026 vote, arguing it would facilitate drug trafficking and crime from neighboring French communes into Geneva.",François Baertschi,2,François Baertschi,"L'argent des Genevois doit servir les Genevois : nos écoles, nos logements, nos familles, nos infrastructures et notre sécurité.","Genevans' money must serve Genevans: our schools, our housing, our families, our infrastructure and our security.",mcg-1,1,high,,,,
35e9dbe7162be31112fa,2026-W38,2026-09-16,IL,otzma,Otzma Yehudit,far-right,press,press_characterisation,The Times of Israel,Far-right minister panned for opposing IDF combat duty for anti-government protesters - The Times of Israel,https://news.google.com/rss/articles/CBMitwFBVV95cUxNQ05iWVEtRWJJNnFaVUFUR0JkT3FmMjF6SkpfNmtkQWZreXR1bXRidkR1ZUEwZktiSUVrdHcySU5CRjUtUzdYcGxyV0R0elY0M2FYNTc3YkZzVEZzZVZ2ejZvcUpYZUpRa2hxVWV5bjUyeHBRQmZvZXhKYW41bEZnSTBsampodjI3eW50VWJtbnRZUEQxVm96Q0pud05CZDZEeWJ5Qi1PQTVCMDUwcmlxQ2lFQXUzdFnSAbwBQVVfeXFMTnZ1ZlFONDlabkpWTFpzdURvRTVtWTFKbmxZS0lDaXo3em9KNTNNdlVQSzhJbVh3NG9jWUhQckJ0Mi0ySW9EWFFtY29Kd0dWVTEyMWlhREFXcThVT2VNRTdVOWFyVUxIUE9lRXU5ZHZZM0FiZlV5TmFUQUNuOFgwdjdlcHpRVDVKZ0JzU1VNWVgxcC1teHNXaXpwUG1xNFJsWHpKTlYxa1FKcjAzMXZtMmZGQjNaQWsyMUNRSEM?oc=5,,A far-right minister from Otzma Yehudit faced criticism for opposing IDF combat duty assignments for anti-government protesters.,Unnamed Otzma Yehudit minister,,,,,otzma-13,1,high,,,,
953d9f40fa5cb004975d,2026-W38,2026-09-16,IL,otzma,Otzma Yehudit,far-right,press,press_characterisation,middleeastmonitor.com,Likud and Ben-Gvir’s Otzma Yehudit clash over makeup of next Israeli government - middleeastmonitor.com,https://news.google.com/rss/articles/CBMivwFBVV95cUxPckF0X2R1WHZzRWsxeU9ZbHNqeTl0RGVqS0RydmxUQ2V3cUliMjh3RDVvMEV3YnFUTXdUckRSWE5RNmRFRDFuSnhqMFltT1k4UWV5WlNnZktVcy1YclNKOVNNMmdfZnlnS3VFU0ZRT2QtMXhnVjRURlRTb2JRWEdycGZIUGk0SV9XV1dZRjFRYUVybzZod2pBTkJsTkVFaGxPaU9tQkZUNzZUN25NeEMyOVI4NF9PQWV5ZTFNLVV1UdIBxAFBVV95cUxPSEZqNjlfYTViOVcyR0phZUtCX3d2Ui1vVnZKWVlRWWxKSkVzb1hFZ3V1eWJNMWk1MWctUjNldG5pbkxCNVRNQ19sUTZqODZJX01VOVNxaWJSZzNtYnE5dGR2akVJbkZTUmJ5MzN4SzZXRjRaUFYySWE4T0JVNWItdEx4eThzcGdiRzNZZ1VMblZLQjBJVzJ3U1BHNk5nWDJCSFgxTUU2NjJVWjI1QlI4SGlncEVnYkk5Wm5HWWdRc0JPU3F2?oc=5,,Likud and Otzma Yehudit are clashing over the composition of the next Israeli government coalition.,Itamar Ben-Gvir,,,,,otzma-12,1,high,,,,
8413ef581e511504e1ec,2026-W38,2026-09-16,IL,otzma,Otzma Yehudit,far-right,press,press_characterisation,Israel National News,Ben Gvir asked about the premiership: I have the qualities to lead - Israel National News,https://news.google.com/rss/articles/CBMiWkFVX3lxTE9fVVUwREVSY3FjRVktaEtiS2owejludGFjSjRKWlE1amh2TWplaVZQN0ZOTXlrYXpRUHpMRDBGZ3lCUXRWVXQxSDEtSXFyZlQ5ci1xY1F5SEZCQQ?oc=5,,"Itamar Ben Gvir stated that he possesses the qualities necessary to lead, when asked about the premiership.",Itamar Ben Gvir,,,,,otzma-10,1,high,,,,
fe811faf68e9999d0d6c,2026-W38,2026-09-15,IL,otzma,Otzma Yehudit,far-right,press,press_characterisation,Anadolu Ajansı,Tensions between Netanyahu and Ben-Gvir mount over makeup of Israel’s next government: Report - Anadolu Ajansı,https://news.google.com/rss/articles/CBMi0wFBVV95cUxNZTVSZ0t3Z1BTM2RSSUtPdk1rMzRIUmNadnItcDZSY0xBV25PVVVtNmZ5VVNQTEZScWhKSzIwX1pZRGlLazU4aEFSSUZJUGdQbU5SQnQwR1RLVVhZRXBMSkM4Xy00QXJTN0pqX2pDUmVyeWlQa1pmOVVJd2RfSTdZWGdyM1VFaWVXb2UxS2NDM09EVjNxVkhIUENBREZiRTEtakE2aVpjcHhvdnU5QlJBUkx4blZwQ0htSDkwWFlhdF9IT0ltUUhneXExaWV2aUQzelNr?oc=5,,Tensions have reportedly escalated between Prime Minister Benjamin Netanyahu and Otzma Yehudit leader Itamar Ben-Gvir regarding the composition of Israel's next government.,Itamar Ben-Gvir; Benjamin Netanyahu,,,,,otzma-8,1,high,,,,
3994df80b586e31ff013,2026-W38,2026-09-14,IL,hadash,Hadash,far-left,press,press_characterisation,The Jerusalem Post,Netanyahu's Likud to request election committee bar Arab parties from running - The Jerusalem Post,https://news.google.com/rss/articles/CBMiaEFVX3lxTE1oeklTWEYxWXhhQzFvWTh3Z2F5cERQQlNJUzZPdjZ6d1psZ1hFQXoxRDZoei1mRE5fWGxUMENmOTFuNHo5Wm85QnVUUmN5Z295RThkMXJKQjR2QmJnRUpYQXptT1BTamtm?oc=5,,"Netanyahu's Likud party plans to request that the election committee bar Arab parties, including Hadash, from running in elections.",Benjamin Netanyahu,,,,,hadash-10,1,high,,,,
8207f2cf68867fd06bf3,2026-W38,2026-09-14,IL,hadash,Hadash,far-left,press,press_characterisation,middleeastmonitor.com,Likud seeks to bar two Arab lists from Israel’s next Knesset election - middleeastmonitor.com,https://news.google.com/rss/articles/CBMitwFBVV95cUxNblZXZnNWTkJONHRudm0xaHJBVlMwZ0E4YVpHVExlOEFoclhIdTdPRjRFbVJNNEg1R2tkYXJhZVdCajJzMy1Ba3gwQzN3OFdVRVdfTGVocnNWMFRiSzlvVEhZd2NHY0p4NXpOdW0zd3d1elhnSDFfUEUwT3dhWWFrUGZXU1dwR1llS3d4SWcwQ0hXMXB3aWVoUmdxMjRRbldvRHA0LTBURnljUFNVUE8zY3hMU2hhWk3SAbcBQVVfeXFMTW5WV2ZzVk5CTjR0bnZtMWhyQVZTMGdBOGFaR1RMZThBaHJYSHU3T0Y0RW1STTRINUdrZGFyYWVXQmoyczMtQWt4MEMzdzhXVUVXX0xlaHJzVjBUYks5b1RIWXdjR2NKeDV6TnVtM3d3dXpYZ0gxX1BFME93YVlha1BmV1NXcEdZZUt3eElnMENIVzFwd2llaFJncTI0UW5Xb0RwNC0wVEZ5Y1BTVVBPM2N4TFNoYVpN?oc=5,,"Likud is seeking to disqualify two Arab party lists, including Hadash, from participating in Israel's upcoming Knesset election.",Likud,,,,,hadash-7,1,high,,,,
