item_id,week,date,country,party_id,party,camp,source_type,provenance,outlet,title,source_url,archive_url,summary,actors,quote_index,speaker,original_quote,translation,cluster_id,cluster_size,confidence,jda_category,coder,coded_date,notes
f2677b7379fdde12afd7,2026-W41,2026-10-04,GR,niki,NIKI,far-right,site_scrape,party_document,nikh.gr,ΝΙΚΗ για ανάρτηση Μητσοτάκη: Φτάνει με τις φτιασιδωμένες κουτοπονηριές,https://nikh.gr/niki-gia-anartisi-mitsotaki-ftanei-me-tis-ftiasidomenes-koutoponiries/,,"NIKH criticized Prime Minister Mitsotakis's economic policy, particularly his proposal to seek EU permission to return part of increased VAT revenues as support rather than reducing VAT or excise taxes, and proposed permanent reductions in excise tax and VAT instead of temporary subsidies.",Dimitris Natsios,0,NIKH,Αρκετά με τις φτιασιδωμένες κουτοπονηριές. Πρώτα το κράτος εισπράττει περισσότερα επειδή ο πολίτης πληρώνει ακριβότερα και ύστερα η κυβέρνηση τού επιστρέφει ένα μικρό μέρος και ζητά χειροκρότημα.,Enough with the contrived tricks. First the state collects more because the citizen pays more expensively and then the government returns a small part to them and asks for applause.,niki-2,1,high,,,,
f2677b7379fdde12afd7,2026-W41,2026-10-04,GR,niki,NIKI,far-right,site_scrape,party_document,nikh.gr,ΝΙΚΗ για ανάρτηση Μητσοτάκη: Φτάνει με τις φτιασιδωμένες κουτοπονηριές,https://nikh.gr/niki-gia-anartisi-mitsotaki-ftanei-me-tis-ftiasidomenes-koutoponiries/,,"NIKH criticized Prime Minister Mitsotakis's economic policy, particularly his proposal to seek EU permission to return part of increased VAT revenues as support rather than reducing VAT or excise taxes, and proposed permanent reductions in excise tax and VAT instead of temporary subsidies.",Dimitris Natsios,1,NIKH,"Η ΝΙΚΗ έχει προτείνει μείωση ΕΦΚ και μείωση ΦΠΑ. Μόνιμη ελάφρυνση, όχι επιδοματικά παυσίπονα.","NIKH has proposed a reduction in excise tax and a reduction in VAT. Permanent relief, not subsidy painkillers.",niki-2,1,high,,,,
f2677b7379fdde12afd7,2026-W41,2026-10-04,GR,niki,NIKI,far-right,site_scrape,party_document,nikh.gr,ΝΙΚΗ για ανάρτηση Μητσοτάκη: Φτάνει με τις φτιασιδωμένες κουτοπονηριές,https://nikh.gr/niki-gia-anartisi-mitsotaki-ftanei-me-tis-ftiasidomenes-koutoponiries/,,"NIKH criticized Prime Minister Mitsotakis's economic policy, particularly his proposal to seek EU permission to return part of increased VAT revenues as support rather than reducing VAT or excise taxes, and proposed permanent reductions in excise tax and VAT instead of temporary subsidies.",Dimitris Natsios,2,NIKH,"Επιτέλους, σταματήστε να φορολογείτε το πρόβλημα για να επιδοτείτε μετά τα θύματά του.","Finally, stop taxing the problem in order to subsidize its victims afterwards.",niki-2,1,high,,,,
5f6f6fb63b14c5327fe9,2026-W41,2026-10-04,GR,niki,NIKI,far-right,site_scrape,party_document,nikh.gr,"Η ΝΙΚΗ για την κοίμηση του Γέροντα Ιουστίνου, ηγουμένου της Ι.Μ. Φρέατος του Ιακώβ",https://nikh.gr/i-niki-gia-tin-koimisi-tou-geronta-ioustinou-igoumenou-tis-i-m-freatos-tou-iakov/,,"The Democratic Patriotic Movement – Victory (NIKH) issued a statement mourning the death of Elder Ioustinos, abbot of the Monastery of Jacob's Well in the Holy Land, and called on the Greek government to contribute to preserving the Greek Orthodox pilgrimage site, referencing a 2024 parliamentary question about attacks against the monastery.",Democratic Patriotic Movement – Victory,0,Democratic Patriotic Movement – Victory,"Η κοίμηση του Γέροντα Ιουστίνου, ηγουμένου της Ιεράς Μονής Φρέατος του Ιακώβ στους Αγίους Τόπους, γεμίζει την ψυχή μας με το ισχυρό ορθόδοξο συναίσθημα της χαρμολύπης","The death of Elder Ioustinos, abbot of the Holy Monastery of Jacob's Well in the Holy Land, fills our soul with the strong Orthodox feeling of joyful sorrow",niki-1,1,high,,,,
5f6f6fb63b14c5327fe9,2026-W41,2026-10-04,GR,niki,NIKI,far-right,site_scrape,party_document,nikh.gr,"Η ΝΙΚΗ για την κοίμηση του Γέροντα Ιουστίνου, ηγουμένου της Ι.Μ. Φρέατος του Ιακώβ",https://nikh.gr/i-niki-gia-tin-koimisi-tou-geronta-ioustinou-igoumenou-tis-i-m-freatos-tou-iakov/,,"The Democratic Patriotic Movement – Victory (NIKH) issued a statement mourning the death of Elder Ioustinos, abbot of the Monastery of Jacob's Well in the Holy Land, and called on the Greek government to contribute to preserving the Greek Orthodox pilgrimage site, referencing a 2024 parliamentary question about attacks against the monastery.",Democratic Patriotic Movement – Victory,1,Democratic Patriotic Movement – Victory,"Κατά τα χρόνια της ηγουμενίας του, η Ιερά Μονή Φρέατος του Ιακώβ δέχτηκε εκατοντάδες επιθέσεις φανατικών σιωνιστών και ο ίδιος υπέστη δεκάδες προσωπικές απόπειρες δολοφονίας","During the years of his abbacy, the Holy Monastery of Jacob's Well received hundreds of attacks by fanatical Zionists and he himself suffered dozens of personal assassination attempts",niki-1,1,high,,,,
5f6f6fb63b14c5327fe9,2026-W41,2026-10-04,GR,niki,NIKI,far-right,site_scrape,party_document,nikh.gr,"Η ΝΙΚΗ για την κοίμηση του Γέροντα Ιουστίνου, ηγουμένου της Ι.Μ. Φρέατος του Ιακώβ",https://nikh.gr/i-niki-gia-tin-koimisi-tou-geronta-ioustinou-igoumenou-tis-i-m-freatos-tou-iakov/,,"The Democratic Patriotic Movement – Victory (NIKH) issued a statement mourning the death of Elder Ioustinos, abbot of the Monastery of Jacob's Well in the Holy Land, and called on the Greek government to contribute to preserving the Greek Orthodox pilgrimage site, referencing a 2024 parliamentary question about attacks against the monastery.",Democratic Patriotic Movement – Victory,2,Democratic Patriotic Movement – Victory,"ζητούμε επιτακτικά από την ελληνική κυβέρνηση να συμβάλει, όχι απλώς κατά δύναμιν, αλλά υπέρ δύναμιν, στην ομαλή συνέχιση της λειτουργίας του Ελληνορθόδοξου ιερού προσκυνήματος","we urgently ask the Greek government to contribute, not simply according to its capacity, but beyond its capacity, to the smooth continuation of the operation of the Greek Orthodox holy pilgrimage site",niki-1,1,high,,,,
5f6f6fb63b14c5327fe9,2026-W41,2026-10-04,GR,niki,NIKI,far-right,site_scrape,party_document,nikh.gr,"Η ΝΙΚΗ για την κοίμηση του Γέροντα Ιουστίνου, ηγουμένου της Ι.Μ. Φρέατος του Ιακώβ",https://nikh.gr/i-niki-gia-tin-koimisi-tou-geronta-ioustinou-igoumenou-tis-i-m-freatos-tou-iakov/,,"The Democratic Patriotic Movement – Victory (NIKH) issued a statement mourning the death of Elder Ioustinos, abbot of the Monastery of Jacob's Well in the Holy Land, and called on the Greek government to contribute to preserving the Greek Orthodox pilgrimage site, referencing a 2024 parliamentary question about attacks against the monastery.",Democratic Patriotic Movement – Victory,3,Democratic Patriotic Movement – Victory,Διαβεβαιώνουμε δε το σεπτό Πατριαρχείο Ιεροσολύμων και την Αγιοταφική Αδελφότητα ότι η ΝΙΚΗ θα σταθεί αρωγός στον αγιασμένο αγώνα τους,We assure the venerable Patriarchate of Jerusalem and the Brotherhood of the Holy Sepulchre that NIKH will stand as a helper in their sacred struggle,niki-1,1,high,,,,
98d6d76176e997759a3d,2026-W41,2026-10-03,GR,niki,NIKI,far-right,site_scrape,party_document,nikh.gr,Δ. Νατσιός στο Action 24: Η λέξη “υποχώρηση” είναι πολύ βαριά για τα εθνικά θέματα -Τον λαό τον κυβερνάς με ταπείνωση και όχι ταπεινώνοντάς τον,https://nikh.gr/d-natsios-sto-action-24-i-lexi-ypochorisi-einai-poly-varia-gia-ta-ethnika-themata-ton-lao-ton-kyvernas-me-tapeinosi-kai-ochi-tapeinonontas-ton/,,"Dimitris Natsios, president of NIKH, gave a television interview criticizing government policy on fuel taxation and refineries' profits, condemning what he called government retreat on the Kasos incident with Turkey, rejecting potential alliances with Samaras, Latinopoulou, and Karystianou, and attacking Alexis Tsipras's visit to Mount Athos and his new party name.",Dimitris Natsios,0,Dimitris Natsios,"Έχω συγκριτικούς πίνακες από τα δύο μεγάλα διυλιστήρια της χώρας. Το πρώτο εξάμηνο του 2025 είχαν κέρδη 291 εκατομμύρια, ενώ το πρώτο εξάμηνο του 2026 έφτασαν τα 1,082 δισεκατομμύρια -αύξηση 300%. Όταν έχουν τέτοια τρομακτική αύξηση στα καθαρά κέρδη, δεν είναι αισχροκέρδεια αυτό; Δεν μπορεί η κυβέρνηση να επιβάλει δικαιοσύνη;","I have comparative tables from the two major refineries of the country. In the first half of 2025 they had profits of 291 million, while in the first half of 2026 they reached 1.082 billion - an increase of 300%. When they have such a tremendous increase in net profits, isn't this profiteering? Can't the government impose justice?",niki-0,1,high,,,,
98d6d76176e997759a3d,2026-W41,2026-10-03,GR,niki,NIKI,far-right,site_scrape,party_document,nikh.gr,Δ. Νατσιός στο Action 24: Η λέξη “υποχώρηση” είναι πολύ βαριά για τα εθνικά θέματα -Τον λαό τον κυβερνάς με ταπείνωση και όχι ταπεινώνοντάς τον,https://nikh.gr/d-natsios-sto-action-24-i-lexi-ypochorisi-einai-poly-varia-gia-ta-ethnika-themata-ton-lao-ton-kyvernas-me-tapeinosi-kai-ochi-tapeinonontas-ton/,,"Dimitris Natsios, president of NIKH, gave a television interview criticizing government policy on fuel taxation and refineries' profits, condemning what he called government retreat on the Kasos incident with Turkey, rejecting potential alliances with Samaras, Latinopoulou, and Karystianou, and attacking Alexis Tsipras's visit to Mount Athos and his new party name.",Dimitris Natsios,1,Dimitris Natsios,"Η λέξη 'υποχώρηση' είναι πάρα πολύ βαριά για τα εθνικά θέματα. Όταν μιλάμε εμείς για κατευνασμό μέσα στη Βουλή, αυτό ακριβώς εννοούμε. Στην Κάσο το Πολεμικό Ναυτικό αποχώρησε. Αν ήμουν εγώ, θα έλεγα 'δεν φεύγετε'. Και πυρ θα άνοιγα αν οι Τούρκοι παραβίαζαν τα χωρικά μας ύδατα.","The word 'retreat' is very heavy for national issues. When we speak of appeasement in Parliament, this is exactly what we mean. At Kasos the Navy withdrew. If it were me, I would say 'you are not leaving'. And I would open fire if the Turks violated our territorial waters.",niki-0,1,high,,,,
98d6d76176e997759a3d,2026-W41,2026-10-03,GR,niki,NIKI,far-right,site_scrape,party_document,nikh.gr,Δ. Νατσιός στο Action 24: Η λέξη “υποχώρηση” είναι πολύ βαριά για τα εθνικά θέματα -Τον λαό τον κυβερνάς με ταπείνωση και όχι ταπεινώνοντάς τον,https://nikh.gr/d-natsios-sto-action-24-i-lexi-ypochorisi-einai-poly-varia-gia-ta-ethnika-themata-ton-lao-ton-kyvernas-me-tapeinosi-kai-ochi-tapeinonontas-ton/,,"Dimitris Natsios, president of NIKH, gave a television interview criticizing government policy on fuel taxation and refineries' profits, condemning what he called government retreat on the Kasos incident with Turkey, rejecting potential alliances with Samaras, Latinopoulou, and Karystianou, and attacking Alexis Tsipras's visit to Mount Athos and his new party name.",Dimitris Natsios,2,Dimitris Natsios,δεν συνεργαζόμαστε με ανθρώπους που υπέγραψαν μνημόνια. Άρα με τον κ. Σαμαρά ούτε συζήτηση. Η κυρία Λατινοπούλου δεν ταιριάζει στο στιλ μας.,we do not cooperate with people who signed memoranda. Therefore with Mr. Samaras not even a discussion. Mrs. Latinopoulou does not fit our style.,niki-0,1,high,,,,
98d6d76176e997759a3d,2026-W41,2026-10-03,GR,niki,NIKI,far-right,site_scrape,party_document,nikh.gr,Δ. Νατσιός στο Action 24: Η λέξη “υποχώρηση” είναι πολύ βαριά για τα εθνικά θέματα -Τον λαό τον κυβερνάς με ταπείνωση και όχι ταπεινώνοντάς τον,https://nikh.gr/d-natsios-sto-action-24-i-lexi-ypochorisi-einai-poly-varia-gia-ta-ethnika-themata-ton-lao-ton-kyvernas-me-tapeinosi-kai-ochi-tapeinonontas-ton/,,"Dimitris Natsios, president of NIKH, gave a television interview criticizing government policy on fuel taxation and refineries' profits, condemning what he called government retreat on the Kasos incident with Turkey, rejecting potential alliances with Samaras, Latinopoulou, and Karystianou, and attacking Alexis Tsipras's visit to Mount Athos and his new party name.",Dimitris Natsios,3,Dimitris Natsios,Τον λαό μας αυτή την εποχή τον κυβερνάς με ταπείνωση και όχι ταπεινώνοντάς τον.,You govern our people in this era with humility and not by humiliating them.,niki-0,1,high,,,,
8ae9276c9dbf7f151600,2026-W41,2026-10-05,GR,mera25,MeRA25,far-left,site_scrape,party_document,mera25.gr,ΜέΡΑ25 app,https://mera25.gr/pnigike-i-anaptyxi-stin-kriti-apozimioseis-tora/,,"MeRA25 demands immediate compensation for citizens, farmers, and municipalities affected by flooding in Crete, criticizing the government for slow response to previous disasters and calling for urgent state support without bureaucratic delays.",MeRA25,0,MeRA25,"Το τριήμερο κύμα κακοκαιρίας που έπληξε την Κρήτη ήταν αρκετό για να καταρρεύσει ο μύθος της ανάπτυξης, των σύγχρονων υποδομών και των μεγάλων επενδύσεων στο νησί.","The three-day wave of bad weather that hit Crete was enough to collapse the myth of development, modern infrastructure and large investments on the island.",mera25-5,1,high,,,,
8ae9276c9dbf7f151600,2026-W41,2026-10-05,GR,mera25,MeRA25,far-left,site_scrape,party_document,mera25.gr,ΜέΡΑ25 app,https://mera25.gr/pnigike-i-anaptyxi-stin-kriti-apozimioseis-tora/,,"MeRA25 demands immediate compensation for citizens, farmers, and municipalities affected by flooding in Crete, criticizing the government for slow response to previous disasters and calling for urgent state support without bureaucratic delays.",MeRA25,1,MeRA25,"Η αποκατάσταση δεν είναι κυβερνητική χάρη. Είναι υποχρέωση της πολιτείας απέναντι στους ανθρώπους που δεν μπόρεσε να προστατεύσει, όπως είχε αποστολή.","Restoration is not a government favor. It is the state's obligation to the people it failed to protect, as was its mission.",mera25-5,1,high,,,,
8ae9276c9dbf7f151600,2026-W41,2026-10-05,GR,mera25,MeRA25,far-left,site_scrape,party_document,mera25.gr,ΜέΡΑ25 app,https://mera25.gr/pnigike-i-anaptyxi-stin-kriti-apozimioseis-tora/,,"MeRA25 demands immediate compensation for citizens, farmers, and municipalities affected by flooding in Crete, criticizing the government for slow response to previous disasters and calling for urgent state support without bureaucratic delays.",MeRA25,2,MeRA25,Όχι λόγια. Εργα και λύσεις εδώ και τώρα!,No words. Works and solutions here and now!,mera25-5,1,high,,,,
ec8d78f551ef01694507,2026-W41,2026-10-03,GR,mera25,MeRA25,far-left,site_scrape,party_document,mera25.gr,ΜέΡΑ25 app,https://mera25.gr/g-varoufakis-h-epanenosi-tis-germanias-dimiourgise-ena-neo-chasma/,,"Yanis Varoufakis issued a statement on the anniversary of German reunification criticizing Germany's militarization, increased arms exports to Israel (which rose from 32 million to 326 million euros since October 2023), police repression of pro-Palestinian protesters including German Jews, and the economic stagnation that he argues has fueled the rise of the AfD party.",Yanis Varoufakis,0,Yanis Varoufakis,Το γερμανικό κράτος μετατρέπεται σε οπλοστάσιο της Ευρώπης. Πρώην εργοστάσια της Volkswagen παράγουν πλέον άρματα μάχης Leopard — ο Μιλιταριστικός Κεϋνσιανισμός έχει καταστεί η μοναδική στρατηγική ανάπτυξης της Γερμανίας.,The German state is being transformed into the arsenal of Europe. Former Volkswagen factories now produce Leopard battle tanks — Militaristic Keynesianism has become Germany's sole development strategy.,mera25-4,1,high,,,,
ec8d78f551ef01694507,2026-W41,2026-10-03,GR,mera25,MeRA25,far-left,site_scrape,party_document,mera25.gr,ΜέΡΑ25 app,https://mera25.gr/g-varoufakis-h-epanenosi-tis-germanias-dimiourgise-ena-neo-chasma/,,"Yanis Varoufakis issued a statement on the anniversary of German reunification criticizing Germany's militarization, increased arms exports to Israel (which rose from 32 million to 326 million euros since October 2023), police repression of pro-Palestinian protesters including German Jews, and the economic stagnation that he argues has fueled the rise of the AfD party.",Yanis Varoufakis,1,Yanis Varoufakis,"Γερμανικά όπλα ρέουν στο Ισραήλ — η Γερμανία είναι ο δεύτερος μεγαλύτερος προμηθευτής όπλων του Ισραήλ, μετά τις Ηνωμένες Πολιτείες, με τις εξαγωγές όπλων να έχουν δεκαπλασιαστεί από τον Οκτώβριο του 2023, από 32 εκατομμύρια ευρώ σε 326 εκατομμύρια ευρώ.","German weapons flow to Israel — Germany is the second largest arms supplier to Israel, after the United States, with arms exports having increased tenfold since October 2023, from 32 million euros to 326 million euros.",mera25-4,1,high,,,,
ec8d78f551ef01694507,2026-W41,2026-10-03,GR,mera25,MeRA25,far-left,site_scrape,party_document,mera25.gr,ΜέΡΑ25 app,https://mera25.gr/g-varoufakis-h-epanenosi-tis-germanias-dimiourgise-ena-neo-chasma/,,"Yanis Varoufakis issued a statement on the anniversary of German reunification criticizing Germany's militarization, increased arms exports to Israel (which rose from 32 million to 326 million euros since October 2023), police repression of pro-Palestinian protesters including German Jews, and the economic stagnation that he argues has fueled the rise of the AfD party.",Yanis Varoufakis,2,Yanis Varoufakis,"Η άνοδος του AfD δεν είναι ούτε τυχαία ούτε αποτέλεσμα πολιτισμικών αλλαγών. Προέκυψε ως απόρροια της οικονομικής στασιμότητας και της συστημικής παρακμής που προκάλεσε η απερίσκεπτη, ταξική λιτότητα που επέβαλε η κυρίαρχη τάξη της Γερμανίας στην γερμανική εργατική τάξη.","The rise of the AfD is neither accidental nor the result of cultural changes. It emerged as a consequence of economic stagnation and systemic decline caused by the reckless, class-based austerity imposed by Germany's ruling class on the German working class.",mera25-4,1,high,,,,
aac98e97f827a05abbcb,2026-W41,2026-10-02,GR,mera25,MeRA25,far-left,site_scrape,party_document,mera25.gr,ΜέΡΑ25 app,https://mera25.gr/ratsistiki-propaganda-me-ta-chrimata-ton-forologoumenon/,,"MeRA25 issued a statement condemning the Greek government's use of taxpayer and EU funds for a video campaign promoting what the party calls racist migration policies, demanding safe refugee access to Europe, fast asylum processing, equal rights, and opposing refugee transfers to poor countries.",MeRA25 (ΜέΡΑ25); Thanos Plevris; Kyriakos Mitsotakis,0,MeRA25,Η κυβέρνηση Μητσοτάκη πετά πλέον κάθε πρόσχημα ανθρωπισμού σε σχέση με το μεταναστευτικό.,The Mitsotakis government now throws away every pretense of humanism in relation to migration.,mera25-3,1,high,,,,
aac98e97f827a05abbcb,2026-W41,2026-10-02,GR,mera25,MeRA25,far-left,site_scrape,party_document,mera25.gr,ΜέΡΑ25 app,https://mera25.gr/ratsistiki-propaganda-me-ta-chrimata-ton-forologoumenon/,,"MeRA25 issued a statement condemning the Greek government's use of taxpayer and EU funds for a video campaign promoting what the party calls racist migration policies, demanding safe refugee access to Europe, fast asylum processing, equal rights, and opposing refugee transfers to poor countries.",MeRA25 (ΜέΡΑ25); Thanos Plevris; Kyriakos Mitsotakis,1,MeRA25,"Με χρήση κρατικών, αλλά και ευρωπαϊκών πόρων, οι πολίτες γίνονται κάθε μέρα αποδέκτες μίας προπαγάνδας που κανονικοποιεί και εξευγενίζει τις πολιτικές της «Ευρώπης Φρούριο» και τις μαζικές απελάσεις ανθρώπων που επιχειρούν να ξεφύγουν από τον πόλεμο και την ανέχεια.","Using state and European resources, citizens become daily recipients of propaganda that normalizes and sanitizes the policies of 'Fortress Europe' and the mass deportations of people trying to escape war and poverty.",mera25-3,1,high,,,,
aac98e97f827a05abbcb,2026-W41,2026-10-02,GR,mera25,MeRA25,far-left,site_scrape,party_document,mera25.gr,ΜέΡΑ25 app,https://mera25.gr/ratsistiki-propaganda-me-ta-chrimata-ton-forologoumenon/,,"MeRA25 issued a statement condemning the Greek government's use of taxpayer and EU funds for a video campaign promoting what the party calls racist migration policies, demanding safe refugee access to Europe, fast asylum processing, equal rights, and opposing refugee transfers to poor countries.",MeRA25 (ΜέΡΑ25); Thanos Plevris; Kyriakos Mitsotakis,2,MeRA25,Το ΜέΡΑ25 Ενωτική Αριστερά παραμένει στο πλευρό όσων διώκονται στις πατρίδες τους και καταφεύγουν για προστασία στην Ευρώπη.,MeRA25 United Left remains on the side of those persecuted in their homelands who seek protection in Europe.,mera25-3,1,high,,,,
673d76498a5db9b75f4b,2026-W41,2026-10-02,GR,mera25,MeRA25,far-left,site_scrape,party_document,mera25.gr,ΜέΡΑ25 app,https://mera25.gr/stirizoume-tis-kinitopoiiseis-ton-katoikon-tis-kypselis-savvato-3-oktovriou-stis-1800-stin-plateia-kypselis/,,"MeRA25 announces support for a mobilisation by Kypseli residents on Saturday 3 October at 18:00 in Kypseli Square, demanding accountability and safety measures regarding damage to over 200 apartments caused by metro construction works.",MeRA25,0,MeRA25,"Εκατοντάδες οικογένειες στην Κυψέλη ζουν εδώ και μήνες με τον φόβο για την ασφάλεια των σπιτιών τους. Ρωγμές σε τοίχους και πατώματα, καθιζήσεις και εγκατάλειψη κατοικιών συνθέτουν μια εικόνα που διαρκώς επιδεινώνεται.","Hundreds of families in Kypseli have been living for months with fear for the safety of their homes. Cracks in walls and floors, subsidence and abandonment of dwellings compose a picture that is constantly worsening.",mera25-2,1,high,,,,
673d76498a5db9b75f4b,2026-W41,2026-10-02,GR,mera25,MeRA25,far-left,site_scrape,party_document,mera25.gr,ΜέΡΑ25 app,https://mera25.gr/stirizoume-tis-kinitopoiiseis-ton-katoikon-tis-kypselis-savvato-3-oktovriou-stis-1800-stin-plateia-kypselis/,,"MeRA25 announces support for a mobilisation by Kypseli residents on Saturday 3 October at 18:00 in Kypseli Square, demanding accountability and safety measures regarding damage to over 200 apartments caused by metro construction works.",MeRA25,1,MeRA25,Πάνω από 200 διαμερίσματα έχουν υποστεί τεράστιες ζημιές εξαιτίας του μετροπόντικα που περνά κάτω από το έδαφος.,More than 200 apartments have suffered enormous damage because of the metro tunnel passing under the ground.,mera25-2,1,high,,,,
673d76498a5db9b75f4b,2026-W41,2026-10-02,GR,mera25,MeRA25,far-left,site_scrape,party_document,mera25.gr,ΜέΡΑ25 app,https://mera25.gr/stirizoume-tis-kinitopoiiseis-ton-katoikon-tis-kypselis-savvato-3-oktovriou-stis-1800-stin-plateia-kypselis/,,"MeRA25 announces support for a mobilisation by Kypseli residents on Saturday 3 October at 18:00 in Kypseli Square, demanding accountability and safety measures regarding damage to over 200 apartments caused by metro construction works.",MeRA25,2,MeRA25,"Στηρίζουμε την κινητοποίηση των κατοίκων, αύριο, Σάββατο 3 Οκτωβρίου, στις 18:00, στην Πλατεία Κυψέλης.","We support the mobilisation of residents, tomorrow, Saturday 3 October, at 18:00, in Kypseli Square.",mera25-2,1,high,,,,
673d76498a5db9b75f4b,2026-W41,2026-10-02,GR,mera25,MeRA25,far-left,site_scrape,party_document,mera25.gr,ΜέΡΑ25 app,https://mera25.gr/stirizoume-tis-kinitopoiiseis-ton-katoikon-tis-kypselis-savvato-3-oktovriou-stis-1800-stin-plateia-kypselis/,,"MeRA25 announces support for a mobilisation by Kypseli residents on Saturday 3 October at 18:00 in Kypseli Square, demanding accountability and safety measures regarding damage to over 200 apartments caused by metro construction works.",MeRA25,3,MeRA25,Τα δημόσια έργα οφείλουν να υπηρετούν τους πολίτες και όχι να θέτουν σε κίνδυνο την ασφάλειά τους στον βωμό των κερδών των εργολάβων.,Public works must serve the citizens and not endanger their safety on the altar of contractors' profits.,mera25-2,1,high,,,,
872f7d7b9b0f2729ba5a,2026-W41,2026-10-02,GR,mera25,MeRA25,far-left,site_scrape,party_document,mera25.gr,ΜέΡΑ25 app,https://mera25.gr/kyrie-georgiadi-idou-i-mizeria-sta-nosokomeia-tis-kritis/,,"MeRA25 Crete issued a statement criticizing Health Minister Adonis Georgiadis ahead of his visit to Crete, detailing severe understaffing and deteriorating conditions in public hospitals across the island, and calling for immediate permanent hirings and full public funding while supporting healthcare workers' mobilizations.",MeRA25 (European Realistic Disobedience Front),0,MeRA25,Ο υπουργός να φέρει λύσεις και όχι προσβολές για τους εργαζόμενους στη Δημόσια Υγεία.,The minister should bring solutions and not insults for the workers in Public Health.,mera25-1,1,high,,,,
872f7d7b9b0f2729ba5a,2026-W41,2026-10-02,GR,mera25,MeRA25,far-left,site_scrape,party_document,mera25.gr,ΜέΡΑ25 app,https://mera25.gr/kyrie-georgiadi-idou-i-mizeria-sta-nosokomeia-tis-kritis/,,"MeRA25 Crete issued a statement criticizing Health Minister Adonis Georgiadis ahead of his visit to Crete, detailing severe understaffing and deteriorating conditions in public hospitals across the island, and calling for immediate permanent hirings and full public funding while supporting healthcare workers' mobilizations.",MeRA25 (European Realistic Disobedience Front),1,MeRA25,Οι άνθρωποι που κρατούν όρθιο το ΕΣΥ χρειάζονται λύσεις και όχι προσβολές.,The people who keep the National Health System standing need solutions and not insults.,mera25-1,1,high,,,,
872f7d7b9b0f2729ba5a,2026-W41,2026-10-02,GR,mera25,MeRA25,far-left,site_scrape,party_document,mera25.gr,ΜέΡΑ25 app,https://mera25.gr/kyrie-georgiadi-idou-i-mizeria-sta-nosokomeia-tis-kritis/,,"MeRA25 Crete issued a statement criticizing Health Minister Adonis Georgiadis ahead of his visit to Crete, detailing severe understaffing and deteriorating conditions in public hospitals across the island, and calling for immediate permanent hirings and full public funding while supporting healthcare workers' mobilizations.",MeRA25 (European Realistic Disobedience Front),2,MeRA25,"Κύριε Γεωργιάδη, αυτή η μιζέρια έχει φαρδιά πλατιά την υπογραφή σας…","Mr. Georgiadis, this misery has your signature all over it...",mera25-1,1,high,,,,
872f7d7b9b0f2729ba5a,2026-W41,2026-10-02,GR,mera25,MeRA25,far-left,site_scrape,party_document,mera25.gr,ΜέΡΑ25 app,https://mera25.gr/kyrie-georgiadi-idou-i-mizeria-sta-nosokomeia-tis-kritis/,,"MeRA25 Crete issued a statement criticizing Health Minister Adonis Georgiadis ahead of his visit to Crete, detailing severe understaffing and deteriorating conditions in public hospitals across the island, and calling for immediate permanent hirings and full public funding while supporting healthcare workers' mobilizations.",MeRA25 (European Realistic Disobedience Front),3,MeRA25,"Απαιτούμε άμεσες μόνιμες προσλήψεις, κάλυψη των πραγματικών αναγκών όλων των νοσοκομείων, ουσιαστική δημόσια χρηματοδότηση, ασφαλείς υποδομές και πλήρη εργασιακά δικαιώματα.","We demand immediate permanent hirings, coverage of the real needs of all hospitals, substantial public funding, safe infrastructure and full labor rights.",mera25-1,1,high,,,,
589f947ec90b31d29337,2026-W41,2026-10-01,GR,mera25,MeRA25,far-left,site_scrape,party_document,mera25.gr,ΜέΡΑ25 app,https://mera25.gr/i-kyvernisi-mitsotaki-epidotei-ta-kartel-kai-tin-akriveia-me-15-lepta-epipleon/,,"MeRA25 criticizes the Mitsotakis government's announcement of a 15-cent diesel subsidy for fifteen days and other measures as insufficient responses to high inflation, proposing instead zero VAT on basic goods, price caps, automatic wage indexation, collective bargaining restoration, debt relief for small businesses, and abolition of the Energy Exchange.",MeRA25,0,MeRA25,Δεν είχαμε αμφιβολίες ότι ένα από τα πιο δομικά χαρακτηριστικά της κυβέρνησης είναι το θράσος της.,We had no doubts that one of the most structural characteristics of the government is its audacity.,mera25-0,1,high,,,,
589f947ec90b31d29337,2026-W41,2026-10-01,GR,mera25,MeRA25,far-left,site_scrape,party_document,mera25.gr,ΜέΡΑ25 app,https://mera25.gr/i-kyvernisi-mitsotaki-epidotei-ta-kartel-kai-tin-akriveia-me-15-lepta-epipleon/,,"MeRA25 criticizes the Mitsotakis government's announcement of a 15-cent diesel subsidy for fifteen days and other measures as insufficient responses to high inflation, proposing instead zero VAT on basic goods, price caps, automatic wage indexation, collective bargaining restoration, debt relief for small businesses, and abolition of the Energy Exchange.",MeRA25,1,MeRA25,"To μοντέλο της κυβέρνησης Μητσοτάκη είναι οι φορολογούμενοι να πληρώνουν την επιδότηση της ακρίβειας, οι εργαζόμενοι και οι μικρομεσαίοι που πνίγονται στα χρέη να χρωστάνε για περισσότερο καιρό, η αισχροκέρδεια να νομιμοποιείται","The Mitsotakis government's model is for taxpayers to pay for the subsidy of high prices, for workers and small-medium businesses drowning in debt to owe for longer, for profiteering to be legitimized",mera25-0,1,high,,,,
589f947ec90b31d29337,2026-W41,2026-10-01,GR,mera25,MeRA25,far-left,site_scrape,party_document,mera25.gr,ΜέΡΑ25 app,https://mera25.gr/i-kyvernisi-mitsotaki-epidotei-ta-kartel-kai-tin-akriveia-me-15-lepta-epipleon/,,"MeRA25 criticizes the Mitsotakis government's announcement of a 15-cent diesel subsidy for fifteen days and other measures as insufficient responses to high inflation, proposing instead zero VAT on basic goods, price caps, automatic wage indexation, collective bargaining restoration, debt relief for small businesses, and abolition of the Energy Exchange.",MeRA25,2,MeRA25,Κανένα από τα μέτρα που εξήγγειλε ο Μητσοτάκης δεν χτυπάνε την πηγή της ακρίβειας και φυσικά δεν συνιστούν στήριξη για τους εργαζόμενους και τις εργαζόμενες.,None of the measures announced by Mitsotakis strike at the source of high prices and of course do not constitute support for workers.,mera25-0,1,high,,,,
ec5d734efff4fcc7daf3,2026-W41,2026-10-04,GR,syriza,SYRIZA,far-left,site_scrape,party_document,syriza.gr,Στο πληγωμένο Οροπέδιο Λασιθίου την Δευτέρα κλιμάκιο του ΣΥΡΙΖΑ ΠΣ με επικεφαλής τον Γραμματέα Οργανωτικού Γιάννη Μπουλέκο – Αυτοψία και συναντήσεις με τους πληγέντες,https://syriza.gr/%cf%83%cf%84%ce%bf-%cf%80%ce%bb%ce%b7%ce%b3%cf%89%ce%bc%ce%ad%ce%bd%ce%bf-%ce%bf%cf%81%ce%bf%cf%80%ce%ad%ce%b4%ce%b9%ce%bf-%ce%bb%ce%b1%cf%83%ce%b9%ce%b8%ce%af%ce%bf%cf%85-%cf%84%ce%b7%ce%bd-%ce%b4/,,"SYRIZA-PS delegation led by Organizational Secretary Giannis Boulekos will visit flood-affected Lasithi Plateau on Monday to conduct inspections, meet with affected residents, local authorities and producers, and demand fair compensation and infrastructure restoration.",Γιάννης Μπουλέκος,,,,,syriza-7,1,high,,,,
bbb8d86c7557c1673c4b,2026-W41,2026-10-04,GR,syriza,SYRIZA,far-left,site_scrape,party_document,syriza.gr,"Ο ΣΥΡΙΖΑ-Π.Σ. μπορεί να είναι εγγυητής της προγραμματικής συμφωνίας που πρέπει να γίνει, για να φύγει αυτή η κυβέρνηση της Δεξιάς",https://syriza.gr/o-syriza-p-s-borei-na-einai-engyitis-tis-programmatikis-symfonias-pou-prepei-na-ginei-gia-na-fygei-afti-i-kyvernisi-tis-dexias/,,SYRIZA-PS parliamentary group president Rena Doúrou stated the party can guarantee a programmatic agreement to remove the right-wing government and criticized the government's handling of metro construction damage in Kypseli and flood damage in Lasithi.,Rena Doúrou,0,Rena Doúrou,"Εμείς, ο ΣΥΡΙΖΑ-Π.Σ, μπορούμε να είμαστε εγγυητές μιας προγραμματικής συμφωνίας που πρέπει να γίνει, για να φύγει αυτή η κυβέρνηση της Δεξιάς που επτά χρόνια χειμάζει την ελληνική κοινωνία","We, SYRIZA-PS, can be guarantors of a programmatic agreement that must be made, so that this right-wing government that has been battering Greek society for seven years can leave",syriza-6,1,high,,,,
bbb8d86c7557c1673c4b,2026-W41,2026-10-04,GR,syriza,SYRIZA,far-left,site_scrape,party_document,syriza.gr,"Ο ΣΥΡΙΖΑ-Π.Σ. μπορεί να είναι εγγυητής της προγραμματικής συμφωνίας που πρέπει να γίνει, για να φύγει αυτή η κυβέρνηση της Δεξιάς",https://syriza.gr/o-syriza-p-s-borei-na-einai-engyitis-tis-programmatikis-symfonias-pou-prepei-na-ginei-gia-na-fygei-afti-i-kyvernisi-tis-dexias/,,SYRIZA-PS parliamentary group president Rena Doúrou stated the party can guarantee a programmatic agreement to remove the right-wing government and criticized the government's handling of metro construction damage in Kypseli and flood damage in Lasithi.,Rena Doúrou,1,Rena Doúrou,"ο ΣΥΡΙΖΑ-ΠΣ είναι ξεκάθαρος, επί των θέσεων, επί των προγραμματικών συγκλίσεων στον δημόσιο διάλογο, χωρίς κουίντες, χωρίς παρασκήνια, χωρίς τηλέφωνα που σηκώνονται και πέφτουν","SYRIZA-PS is clear, on positions, on programmatic convergences in public dialogue, without quid pro quos, without backstage dealings, without phones being picked up and hung up",syriza-6,1,high,,,,
bbb8d86c7557c1673c4b,2026-W41,2026-10-04,GR,syriza,SYRIZA,far-left,site_scrape,party_document,syriza.gr,"Ο ΣΥΡΙΖΑ-Π.Σ. μπορεί να είναι εγγυητής της προγραμματικής συμφωνίας που πρέπει να γίνει, για να φύγει αυτή η κυβέρνηση της Δεξιάς",https://syriza.gr/o-syriza-p-s-borei-na-einai-engyitis-tis-programmatikis-symfonias-pou-prepei-na-ginei-gia-na-fygei-afti-i-kyvernisi-tis-dexias/,,SYRIZA-PS parliamentary group president Rena Doúrou stated the party can guarantee a programmatic agreement to remove the right-wing government and criticized the government's handling of metro construction damage in Kypseli and flood damage in Lasithi.,Rena Doúrou,2,Rena Doúrou,Ο ΣΥΡΙΖΑ υπήρχε και πριν τον Τσίπρα και πριν την Δούρου και ο ΣΥΡΙΖΑ θα υπάρχει και μετά τον Τσίπρα και μετά την Δούρου,SYRIZA existed before Tsipras and before Doúrou and SYRIZA will exist after Tsipras and after Doúrou,syriza-6,1,high,,,,
bbb8d86c7557c1673c4b,2026-W41,2026-10-04,GR,syriza,SYRIZA,far-left,site_scrape,party_document,syriza.gr,"Ο ΣΥΡΙΖΑ-Π.Σ. μπορεί να είναι εγγυητής της προγραμματικής συμφωνίας που πρέπει να γίνει, για να φύγει αυτή η κυβέρνηση της Δεξιάς",https://syriza.gr/o-syriza-p-s-borei-na-einai-engyitis-tis-programmatikis-symfonias-pou-prepei-na-ginei-gia-na-fygei-afti-i-kyvernisi-tis-dexias/,,SYRIZA-PS parliamentary group president Rena Doúrou stated the party can guarantee a programmatic agreement to remove the right-wing government and criticized the government's handling of metro construction damage in Kypseli and flood damage in Lasithi.,Rena Doúrou,3,Rena Doúrou,"Η προτεραιότητα της κυβέρνησης δεν είναι η πλειοψηφία των πολιτών που δοκιμάζεται από την αλαζονεία και την αναλγησία τους, προτεραιότητά τους είναι τα οικονομικά συμφέροντα των ολιγαρχών που τη στηρίζουν εδώ και επτά χρόνια","The government's priority is not the majority of citizens who are tested by their arrogance and insensitivity, their priority is the economic interests of the oligarchs who have been supporting it for seven years",syriza-6,1,high,,,,
91b8ea401403abc9dc97,2026-W41,2026-10-04,GR,syriza,SYRIZA,far-left,site_scrape,party_document,syriza.gr,«Η Αριστερά δεν χρειάζεται άλλον ένα Μεσσία…»,https://syriza.gr/i-aristera-den-chreiazetai-allon-ena-messia/,,"SYRIZA Organisational Secretary Giannis Boulekos outlined the party's economic programme including a 13th pension and salary, VAT and fuel tax cuts, public control of strategic sectors, and housing protection, while rejecting personalist politics and calling for a programmatic left-progressive alliance.",Giannis Boulekos,0,Giannis Boulekos,"Η Αριστερά δεν χρειάζεται άλλον έναν Μεσσία. Χρειάζεται πρόγραμμα, κοινωνικές ρίζες και συλλογικότητα.","The Left does not need another Messiah. It needs a programme, social roots and collectivity.",syriza-5,1,high,,,,
91b8ea401403abc9dc97,2026-W41,2026-10-04,GR,syriza,SYRIZA,far-left,site_scrape,party_document,syriza.gr,«Η Αριστερά δεν χρειάζεται άλλον ένα Μεσσία…»,https://syriza.gr/i-aristera-den-chreiazetai-allon-ena-messia/,,"SYRIZA Organisational Secretary Giannis Boulekos outlined the party's economic programme including a 13th pension and salary, VAT and fuel tax cuts, public control of strategic sectors, and housing protection, while rejecting personalist politics and calling for a programmatic left-progressive alliance.",Giannis Boulekos,1,Giannis Boulekos,"Ο ΣΥΡΙΖΑ-ΠΣ καταθέτει διαφορετικές προτεραιότητες: 13η σύνταξη και 13ο μισθό, ουσιαστική μείωση της έμμεσης φορολογίας, παρέμβαση στο κόστος των καυσίμων, δημόσιο έλεγχο σε στρατηγικούς τομείς της οικονομίας, προστασία της πρώτης κατοικίας, αντιμετώπιση του ιδιωτικού χρέους και ένα μεγάλο πρόγραμμα κοινωνικής κατοικίας.","SYRIZA-PS puts forward different priorities: 13th pension and 13th salary, substantial reduction of indirect taxation, intervention in fuel costs, public control in strategic sectors of the economy, protection of primary residence, tackling private debt and a major social housing programme.",syriza-5,1,high,,,,
91b8ea401403abc9dc97,2026-W41,2026-10-04,GR,syriza,SYRIZA,far-left,site_scrape,party_document,syriza.gr,«Η Αριστερά δεν χρειάζεται άλλον ένα Μεσσία…»,https://syriza.gr/i-aristera-den-chreiazetai-allon-ena-messia/,,"SYRIZA Organisational Secretary Giannis Boulekos outlined the party's economic programme including a 13th pension and salary, VAT and fuel tax cuts, public control of strategic sectors, and housing protection, while rejecting personalist politics and calling for a programmatic left-progressive alliance.",Giannis Boulekos,2,Giannis Boulekos,Δεν συμμερίζομαι την αντίληψη ότι το δίλημμα των επόμενων εκλογών μπορεί να είναι «ή εμείς ή κανείς».,I do not share the view that the dilemma of the next elections can be 'either us or no one'.,syriza-5,1,high,,,,
91b8ea401403abc9dc97,2026-W41,2026-10-04,GR,syriza,SYRIZA,far-left,site_scrape,party_document,syriza.gr,«Η Αριστερά δεν χρειάζεται άλλον ένα Μεσσία…»,https://syriza.gr/i-aristera-den-chreiazetai-allon-ena-messia/,,"SYRIZA Organisational Secretary Giannis Boulekos outlined the party's economic programme including a 13th pension and salary, VAT and fuel tax cuts, public control of strategic sectors, and housing protection, while rejecting personalist politics and calling for a programmatic left-progressive alliance.",Giannis Boulekos,3,Giannis Boulekos,"Ο ΣΥΡΙΖΑ λοιπόν δεν περιμένει κανέναν στην αποβάθρα. Το καράβι θα αναχωρήσει στην ώρα του, με προορισμό την κάλπη, με όσους θέλουν και μπορούν.","So SYRIZA is not waiting for anyone at the dock. The ship will depart in its own time, with destination the ballot box, with those who want and can.",syriza-5,1,high,,,,
fe2cea80f817ab9b47cb,2026-W41,2026-10-04,GR,syriza,SYRIZA,far-left,site_scrape,party_document,syriza.gr,"«Λιγότεροι πανηγυρισμοί, περισσότερη πραγματικότητα κ. Μητσοτάκη»",https://syriza.gr/ligoteroi-panigyrismoi-perissoteri-pragmatikotita-k-mitsotaki/,,"SYRIZA-PS criticizes Prime Minister Mitsotakis for celebrating economic achievements while citizens face high costs, proposing alternative policies including fuel tax reduction, abolition of the Hercules scheme, and EFKA as a national investor.",Kyriakos Mitsotakis; Rena Dourou; Giannis Boulekos; Pavlos Polakis,0,SYRIZA-PS,"Λιγότεροι πανηγυρισμοί, περισσότερη πραγματικότητα κ. Μητσοτάκη","Less celebrations, more reality Mr. Mitsotakis",syriza-4,1,high,,,,
fe2cea80f817ab9b47cb,2026-W41,2026-10-04,GR,syriza,SYRIZA,far-left,site_scrape,party_document,syriza.gr,"«Λιγότεροι πανηγυρισμοί, περισσότερη πραγματικότητα κ. Μητσοτάκη»",https://syriza.gr/ligoteroi-panigyrismoi-perissoteri-pragmatikotita-k-mitsotaki/,,"SYRIZA-PS criticizes Prime Minister Mitsotakis for celebrating economic achievements while citizens face high costs, proposing alternative policies including fuel tax reduction, abolition of the Hercules scheme, and EFKA as a national investor.",Kyriakos Mitsotakis; Rena Dourou; Giannis Boulekos; Pavlos Polakis,1,SYRIZA-PS,Αυτό που εξακολουθεί να αρνείται είναι αυτό που ο ΣΥΡΙΖΑ-ΠΣ έχει προτείνει καθαρά: μείωση του ΕΦΚ στα καύσιμα και ουσιαστική παρέμβαση στα υπερβολικά περιθώρια κέρδους στη διύλιση.,What he continues to refuse is what SYRIZA-PS has clearly proposed: reduction of excise tax on fuels and substantial intervention in excessive profit margins in refining.,syriza-4,1,high,,,,
fe2cea80f817ab9b47cb,2026-W41,2026-10-04,GR,syriza,SYRIZA,far-left,site_scrape,party_document,syriza.gr,"«Λιγότεροι πανηγυρισμοί, περισσότερη πραγματικότητα κ. Μητσοτάκη»",https://syriza.gr/ligoteroi-panigyrismoi-perissoteri-pragmatikotita-k-mitsotaki/,,"SYRIZA-PS criticizes Prime Minister Mitsotakis for celebrating economic achievements while citizens face high costs, proposing alternative policies including fuel tax reduction, abolition of the Hercules scheme, and EFKA as a national investor.",Kyriakos Mitsotakis; Rena Dourou; Giannis Boulekos; Pavlos Polakis,2,SYRIZA-PS,"Η δική μας κατεύθυνση είναι καθαρή: κατάργηση του «Ηρακλή», ουσιαστικές και βιώσιμες ρυθμίσεις και ΕΦΚΑ εθνικός επενδυτής.","Our direction is clear: abolition of 'Hercules', substantial and sustainable arrangements and EFKA as national investor.",syriza-4,1,high,,,,
fe2cea80f817ab9b47cb,2026-W41,2026-10-04,GR,syriza,SYRIZA,far-left,site_scrape,party_document,syriza.gr,"«Λιγότεροι πανηγυρισμοί, περισσότερη πραγματικότητα κ. Μητσοτάκη»",https://syriza.gr/ligoteroi-panigyrismoi-perissoteri-pragmatikotita-k-mitsotaki/,,"SYRIZA-PS criticizes Prime Minister Mitsotakis for celebrating economic achievements while citizens face high costs, proposing alternative policies including fuel tax reduction, abolition of the Hercules scheme, and EFKA as a national investor.",Kyriakos Mitsotakis; Rena Dourou; Giannis Boulekos; Pavlos Polakis,3,Rena Dourou,"Εμείς, ο ΣΥΡΙΖΑ-Π.Σ, μπορούμε να είμαστε εγγυητές μιας προγραμματικής συμφωνίας που πρέπει να γίνει, για να φύγει…","We, SYRIZA-PS, can be guarantors of a programmatic agreement that must be made, in order to leave...",syriza-4,1,high,,,,
fd1a41df970aaaa531af,2026-W41,2026-10-03,GR,syriza,SYRIZA,far-left,site_scrape,party_document,syriza.gr,Ρένα Δούρου: Οι κάτοικοι της Κυψέλης ζητούν να είναι ασφαλείς στα σπίτια τους – Η κυβέρνηση κρύβεται,https://syriza.gr/rena-dourou-oi-katoikoi-tis-kypselis-zitoun-na-einai-asfaleis-sta-spitia-tous-i-kyvernisi-kryvetai/,,"SYRIZA-PS delegation led by parliamentary group president Rena Dourou participated in a protest by Kypseli residents over building damage from Metro construction works, demanding relocation, compensation, and government accountability.",Rena Dourou; Elena Akrita; Kostas Arvanitis; Natasa Gkara; Rania Svigou; Giannis Boulekas,0,Rena Dourou,"Πριν λίγες μέρες μπήκαμε στα σπίτια αυτών των ανθρώπων, είδαμε τις ρωγμές, είδαμε την αγωνία τους. Σήμερα είμαστε ξανά εδώ, μαζί τους. Οι κάτοικοι της Κυψέλης δεν ζητούν χάρη. Ζητούν να είναι ασφαλείς μέσα στα ίδια τους τα σπίτια και απέναντι τους βρίσκουν μια κυβέρνηση που κρύβεται πίσω από καθυστερήσεις και μισές αλήθειες.","A few days ago we entered these people's homes, we saw the cracks, we saw their anguish. Today we are here again, with them. The residents of Kypseli are not asking for a favor. They are asking to be safe inside their own homes and facing them they find a government that hides behind delays and half-truths.",syriza-3,1,high,,,,
fd1a41df970aaaa531af,2026-W41,2026-10-03,GR,syriza,SYRIZA,far-left,site_scrape,party_document,syriza.gr,Ρένα Δούρου: Οι κάτοικοι της Κυψέλης ζητούν να είναι ασφαλείς στα σπίτια τους – Η κυβέρνηση κρύβεται,https://syriza.gr/rena-dourou-oi-katoikoi-tis-kypselis-zitoun-na-einai-asfaleis-sta-spitia-tous-i-kyvernisi-kryvetai/,,"SYRIZA-PS delegation led by parliamentary group president Rena Dourou participated in a protest by Kypseli residents over building damage from Metro construction works, demanding relocation, compensation, and government accountability.",Rena Dourou; Elena Akrita; Kostas Arvanitis; Natasa Gkara; Rania Svigou; Giannis Boulekas,1,Rena Dourou,"Τέμπη, υποκλοπές, ΟΠΕΚΕΠΕ, το ίδιο μοτίβο, όπου υπάρχει ευθύνη, επιχειρείται συγκάλυψη.","Tempi, wiretapping, OPEKEPE, the same pattern, where there is responsibility, a cover-up is attempted.",syriza-3,1,high,,,,
0cd04c5c3b1c111c8772,2026-W41,2026-10-03,GR,syriza,SYRIZA,far-left,site_scrape,party_document,syriza.gr,Παύλος Πολάκης στην Εφ.Συν.: Πώς η κυβέρνηση Μητσοτάκη πριμοδοτούσε τα ιδιωτικά ιατρεία… ευζωίας,https://syriza.gr/pavlos-polakis-stin-ef-syn-pos-i-kyvernisi-mitsotaki-primodotouse-ta-idiotika-iatreia-evzoias/,,SYRIZA health spokesperson Pavlos Polakis accused the Mitsotakis government of promoting private wellness clinics through legislative changes from 2022-2023 and alleged financial irregularities involving Athens Medical Association president Georgios Patoulis and private healthcare companies.,Pavlos Polakis,0,Pavlos Polakis,"Τέτοιο πράγμα πριν δεν υπήρχε. Και το λέω μετά πλήρους λόγου γνώσεως. Τέτοια ξεφτίλα, τέτοια διάχυση αυτής της παραϊατρικής πριν το 2019 δεν υπήρχε.","Such a thing did not exist before. And I say this with full knowledge. Such disgrace, such diffusion of this para-medical practice did not exist before 2019.",syriza-2,1,high,,,,
0cd04c5c3b1c111c8772,2026-W41,2026-10-03,GR,syriza,SYRIZA,far-left,site_scrape,party_document,syriza.gr,Παύλος Πολάκης στην Εφ.Συν.: Πώς η κυβέρνηση Μητσοτάκη πριμοδοτούσε τα ιδιωτικά ιατρεία… ευζωίας,https://syriza.gr/pavlos-polakis-stin-ef-syn-pos-i-kyvernisi-mitsotaki-primodotouse-ta-idiotika-iatreia-evzoias/,,SYRIZA health spokesperson Pavlos Polakis accused the Mitsotakis government of promoting private wellness clinics through legislative changes from 2022-2023 and alleged financial irregularities involving Athens Medical Association president Georgios Patoulis and private healthcare companies.,Pavlos Polakis,1,Pavlos Polakis,"Πηγαίνει ο υπουργός Υγείας και διαφημίζει μια ιδιωτική επένδυση, τη Νότια Medcare στη Γλυφάδα, ως κλινική ευζωίας και μακροζωίας. Τεράστια επένδυση. Από τα Ηνωμένα Αραβικά Εμιράτα.","The Minister of Health goes and advertises a private investment, Notia Medcare in Glyfada, as a wellness and longevity clinic. Huge investment. From the United Arab Emirates.",syriza-2,1,high,,,,
0cd04c5c3b1c111c8772,2026-W41,2026-10-03,GR,syriza,SYRIZA,far-left,site_scrape,party_document,syriza.gr,Παύλος Πολάκης στην Εφ.Συν.: Πώς η κυβέρνηση Μητσοτάκη πριμοδοτούσε τα ιδιωτικά ιατρεία… ευζωίας,https://syriza.gr/pavlos-polakis-stin-ef-syn-pos-i-kyvernisi-mitsotaki-primodotouse-ta-idiotika-iatreia-evzoias/,,SYRIZA health spokesperson Pavlos Polakis accused the Mitsotakis government of promoting private wellness clinics through legislative changes from 2022-2023 and alleged financial irregularities involving Athens Medical Association president Georgios Patoulis and private healthcare companies.,Pavlos Polakis,2,Pavlos Polakis,Από 300 μέχρι 500 ευρώ το τετραγωνικό. Οχι 1.700 ευρώ το τετραγωνικό.,"From 300 to 500 euros per square meter. Not 1,700 euros per square meter.",syriza-2,1,high,,,,
0cd04c5c3b1c111c8772,2026-W41,2026-10-03,GR,syriza,SYRIZA,far-left,site_scrape,party_document,syriza.gr,Παύλος Πολάκης στην Εφ.Συν.: Πώς η κυβέρνηση Μητσοτάκη πριμοδοτούσε τα ιδιωτικά ιατρεία… ευζωίας,https://syriza.gr/pavlos-polakis-stin-ef-syn-pos-i-kyvernisi-mitsotaki-primodotouse-ta-idiotika-iatreia-evzoias/,,SYRIZA health spokesperson Pavlos Polakis accused the Mitsotakis government of promoting private wellness clinics through legislative changes from 2022-2023 and alleged financial irregularities involving Athens Medical Association president Georgios Patoulis and private healthcare companies.,Pavlos Polakis,3,Pavlos Polakis,"Εμείς είχαμε κάνει το σκατό μας παξιμάδι. Με 220 εκατομμύρια μπορέσαμε να βάλουμε 19 αξονικούς, 20 μαγνητικούς κ.ά.","We had worked our asses off. With 220 million we managed to install 19 CT scanners, 20 MRI machines, etc.",syriza-2,1,high,,,,
559787fe490c19dafbfe,2026-W41,2026-10-03,GR,syriza,SYRIZA,far-left,site_scrape,party_document,syriza.gr,Στα Τέμπη έγινε έγκλημα και στο Πολυτεχνείο η χούντα σκότωσε,https://syriza.gr/sta-tebi-egine-egklima-kai-sto-polytechneio-i-chounta-skotose/,,"SYRIZA-PS condemned journalist Stamatis Zacharos for denying the existence of Errieta Molcho among Tempi train crash victims and for repeating junta-era claims that no one died at the Polytechnic uprising, pledging to continue fighting for justice and against far-right hate rhetoric.",Coalition of the Radical Left – Progressive Alliance,0,ΣΥΡΙΖΑ-ΠΣ,Ο ΣΥΡΙΖΑ-ΠΣ δεν κρύβει και δεν ωραιοποιεί την αλήθεια. Μάχεται για την ανάδειξή της.,SYRIZA-PS does not hide or beautify the truth. It fights for its revelation.,syriza-1,1,high,,,,
559787fe490c19dafbfe,2026-W41,2026-10-03,GR,syriza,SYRIZA,far-left,site_scrape,party_document,syriza.gr,Στα Τέμπη έγινε έγκλημα και στο Πολυτεχνείο η χούντα σκότωσε,https://syriza.gr/sta-tebi-egine-egklima-kai-sto-polytechneio-i-chounta-skotose/,,"SYRIZA-PS condemned journalist Stamatis Zacharos for denying the existence of Errieta Molcho among Tempi train crash victims and for repeating junta-era claims that no one died at the Polytechnic uprising, pledging to continue fighting for justice and against far-right hate rhetoric.",Coalition of the Radical Left – Progressive Alliance,1,ΣΥΡΙΖΑ-ΠΣ,Καταδικάζουμε αυτές τις αναφορές και δηλώνουμε ξεκάθαρα ότι θα συνεχίσουμε τον αγώνα για Δικαιοσύνη και εκδίωξη της Ακροδεξιάς ρητορικής μίσους από τον δημόσιο χώρο.,We condemn these references and declare clearly that we will continue the struggle for Justice and the expulsion of far-right hate rhetoric from the public space.,syriza-1,1,high,,,,
1746248acdc5c0185482,2026-W41,2026-09-30,GR,syriza,SYRIZA,far-left,site_scrape,party_document,syriza.gr,"«Τα 2,2 δισ. τελικά δεν ήταν ανυπέρβλητο ταβάνι, να συζητηθούν οι προτάσεις μας, όπως η 13η σύνταξη – Ο ΕΦΚΑ ως εθνικός επενδυτής για ιδιωτικό χρέος και κοινωνική κατοικία»",https://syriza.gr/ta-22-dis-telika-den-itan-anypervlito-tavani-na-syzitithoun-oi-protaseis-mas-opos-i-13i-syntaxi-o-efka-os-ethnikos-ependytis-gia-idiotiko-chreos-kai-koinoniki-katoikia/,,"SYRIZA-PS Secretary Nikos Pappas presented the party's 5 billion euro policy package at the Olympia Forum, including proposals for a 13th pension, using EFKA as a national investor for private debt and social housing, and criticized the government's fiscal ceiling claims.",Nikos Pappas; Rena Dourou; Giannis Boulekos; Pavlos Polakis,0,Nikos Pappas,"Η ίδια η κυβέρνηση είπε ότι τελικά δεν ήταν ανυπέρβλητο ταβάνι τα 2,2 δισ.",The government itself said that ultimately the 2.2 billion was not an insurmountable ceiling.,syriza-0,1,high,,,,
1746248acdc5c0185482,2026-W41,2026-09-30,GR,syriza,SYRIZA,far-left,site_scrape,party_document,syriza.gr,"«Τα 2,2 δισ. τελικά δεν ήταν ανυπέρβλητο ταβάνι, να συζητηθούν οι προτάσεις μας, όπως η 13η σύνταξη – Ο ΕΦΚΑ ως εθνικός επενδυτής για ιδιωτικό χρέος και κοινωνική κατοικία»",https://syriza.gr/ta-22-dis-telika-den-itan-anypervlito-tavani-na-syzitithoun-oi-protaseis-mas-opos-i-13i-syntaxi-o-efka-os-ethnikos-ependytis-gia-idiotiko-chreos-kai-koinoniki-katoikia/,,"SYRIZA-PS Secretary Nikos Pappas presented the party's 5 billion euro policy package at the Olympia Forum, including proposals for a 13th pension, using EFKA as a national investor for private debt and social housing, and criticized the government's fiscal ceiling claims.",Nikos Pappas; Rena Dourou; Giannis Boulekos; Pavlos Polakis,1,Nikos Pappas,Ποια είναι η θέση αυτών των κομμάτων για τη 13η σύνταξη; Μήπως πρέπει να το ξανασκεφτούν και να έρθουν μαζί μας σε ένα πρόγραμμα;,What is the position of these parties on the 13th pension? Perhaps they should reconsider and join us in a program?,syriza-0,1,high,,,,
1746248acdc5c0185482,2026-W41,2026-09-30,GR,syriza,SYRIZA,far-left,site_scrape,party_document,syriza.gr,"«Τα 2,2 δισ. τελικά δεν ήταν ανυπέρβλητο ταβάνι, να συζητηθούν οι προτάσεις μας, όπως η 13η σύνταξη – Ο ΕΦΚΑ ως εθνικός επενδυτής για ιδιωτικό χρέος και κοινωνική κατοικία»",https://syriza.gr/ta-22-dis-telika-den-itan-anypervlito-tavani-na-syzitithoun-oi-protaseis-mas-opos-i-13i-syntaxi-o-efka-os-ethnikos-ependytis-gia-idiotiko-chreos-kai-koinoniki-katoikia/,,"SYRIZA-PS Secretary Nikos Pappas presented the party's 5 billion euro policy package at the Olympia Forum, including proposals for a 13th pension, using EFKA as a national investor for private debt and social housing, and criticized the government's fiscal ceiling claims.",Nikos Pappas; Rena Dourou; Giannis Boulekos; Pavlos Polakis,2,Nikos Pappas,"Η Ελλάδα, για να μπει σε νέο παραγωγικό μοντέλο, χρειάζεται εθνικό επενδυτή που να μπορεί να σκέφτεται το όλον","Greece, to enter a new productive model, needs a national investor that can think of the whole.",syriza-0,1,high,,,,
52fc9c5887e41f709c98,2026-W41,2026-10-02,DE,afd,AfD,far-right,site_scrape,party_document,www.afd.de,Alice Weidel: Staatsquote muss dringend sinken - Alternative für Deutschland,https://www.afd.de/alice-weidel-staatsquote-muss-dringend-sinken/,,Alice Weidel criticized the German government's projected state spending ratio of 52 percent for 2026 as an all-time high and called for a leaner state focused on core tasks with lower taxes and spending.,Alice Weidel,0,Alice Weidel,"Wenn der Staat über die Hälfte der Wirtschaftsleistung des Landes verschlingt, sollten alle Alarmglocken läuten. Schließlich muss das Geld für die Staatsausgaben ja irgendwo herkommen, weshalb die Steuer- und Abgabenbelastung unter Merz und Klingbeil immer weiter steigt.","When the state devours more than half of the country's economic output, all alarm bells should ring. After all, the money for state spending has to come from somewhere, which is why the tax and levy burden under Merz and Klingbeil keeps rising.",afd-2,1,high,,,,
52fc9c5887e41f709c98,2026-W41,2026-10-02,DE,afd,AfD,far-right,site_scrape,party_document,www.afd.de,Alice Weidel: Staatsquote muss dringend sinken - Alternative für Deutschland,https://www.afd.de/alice-weidel-staatsquote-muss-dringend-sinken/,,Alice Weidel criticized the German government's projected state spending ratio of 52 percent for 2026 as an all-time high and called for a leaner state focused on core tasks with lower taxes and spending.,Alice Weidel,1,Alice Weidel,"Was wir für Deutschland stattdessen brauchen und seitens der Alternative für Deutschland seit langem fordern, ist einen schlanker Staat, der sich auf seine Kernaufgaben konzentriert.","What we need for Germany instead, and what the Alternative for Germany has long demanded, is a leaner state that concentrates on its core tasks.",afd-2,1,high,,,,
fe2aca84ae3167e4737b,2026-W41,2026-10-01,DE,afd,AfD,far-right,site_scrape,party_document,www.afd.de,Alice Weidel: Steuerverschwendung und Förderirrsinn endlich stoppen - Alternative für Deutschland,https://www.afd.de/alice-weidel-steuerverschwendung-und-foerderirrsinn-endlich-stoppen/,,"Alice Weidel, federal spokesperson for Alternative for Germany, criticized government tax waste and subsidy programs following the publication of the Taxpayers' Association's new Schwarzbuch on October 1, 2026, arguing that state subsidies have distorted market competition and that special debt funds are being misused.",Alice Weidel,0,Alice Weidel,"Für all jene, die in Deutschland arbeiten gehen und Jahr für Jahr zig Tausend Euro Steuern zahlen, ist es ein Schlag ins Gesicht, wenn sie das Schwarzbuch des Steuerzahlerbunds lesen.","For all those who go to work in Germany and pay tens of thousands of euros in taxes year after year, it is a slap in the face when they read the Taxpayers' Association's Schwarzbuch.",afd-1,1,high,,,,
fe2aca84ae3167e4737b,2026-W41,2026-10-01,DE,afd,AfD,far-right,site_scrape,party_document,www.afd.de,Alice Weidel: Steuerverschwendung und Förderirrsinn endlich stoppen - Alternative für Deutschland,https://www.afd.de/alice-weidel-steuerverschwendung-und-foerderirrsinn-endlich-stoppen/,,"Alice Weidel, federal spokesperson for Alternative for Germany, criticized government tax waste and subsidy programs following the publication of the Taxpayers' Association's new Schwarzbuch on October 1, 2026, arguing that state subsidies have distorted market competition and that special debt funds are being misused.",Alice Weidel,1,Alice Weidel,"Wir als AfD kritisieren schon lange, dass der Staat jede Menge Projekte fördert, die am Markt nicht überlebensfähig wären.",We as AfD have long criticized that the state subsidizes a lot of projects that would not be viable in the market.,afd-1,1,high,,,,
fe2aca84ae3167e4737b,2026-W41,2026-10-01,DE,afd,AfD,far-right,site_scrape,party_document,www.afd.de,Alice Weidel: Steuerverschwendung und Förderirrsinn endlich stoppen - Alternative für Deutschland,https://www.afd.de/alice-weidel-steuerverschwendung-und-foerderirrsinn-endlich-stoppen/,,"Alice Weidel, federal spokesperson for Alternative for Germany, criticized government tax waste and subsidy programs following the publication of the Taxpayers' Association's new Schwarzbuch on October 1, 2026, arguing that state subsidies have distorted market competition and that special debt funds are being misused.",Alice Weidel,2,Alice Weidel,"Statt technologieoffen, strategisch und weitsichtig die besten Produkte zu entwickeln und zu produzieren, haben sich viele Firmen auf das konzentriert, was gerade die höchste Förderung versprach.","Instead of developing and producing the best products in a technology-neutral, strategic and far-sighted manner, many companies have concentrated on what promised the highest subsidies.",afd-1,1,high,,,,
769ea40f230496edb2d0,2026-W41,2026-10-01,DE,afd,AfD,far-right,site_scrape,party_document,www.afd.de,Stefan Möller: Ministerpräsidenten ändern lieber die Regeln statt den Willen des Volkes zu akzeptieren - Alternative für Deutschland,https://www.afd.de/stefan-moeller-ministerpraesidenten-stemmen-sich-mit-undemokratischen-mitteln-gegen-den-eigenen-machtverlust-2/,,"AfD deputy federal spokesperson Stefan Möller criticized the German Interior Ministers' Conference for changing its decision-making rule from unanimity to a 13-of-16 majority, claiming this change is intended to prevent AfD from blocking decisions if it governs in Saxony-Anhalt.",Stefan Möller,0,Stefan Möller,"Das Abrücken vom Einstimmigkeitsprinzip verdeutlicht die immer offener zu Tage tretende Bereitschaft, nach Wahlniederlagen einfach die Regeln zu ändern. Echte Demokraten würden die Niederlage anerkennen. Dieser respektlose Umgang mit dem Votum der Wähler zeigt, von wem die wahre Gefahr für die Demokratie in diesem Land ausgeht.",The departure from the unanimity principle illustrates the increasingly open willingness to simply change the rules after electoral defeats. True democrats would acknowledge the defeat. This disrespectful treatment of the voters' verdict shows where the real danger to democracy in this country comes from.,afd-0,1,high,,,,
6ec56a3c595027e76fdc,2026-W41,2026-10-04,DE,afd,AfD,far-right,press,press_characterisation,eadaily.com,Merz throws himself into the Kiev with the money of German taxpayers — Weidel - eadaily.com,https://news.google.com/rss/articles/CBMiugFBVV95cUxPX21zQ21QdjFnOXNXeURYVVJkeHk3UE1OSGI1T2JibkpYeE4wbFhnVV82MGRvTlljQUVCZml6NlU2MVZxb1BMR01VYnJ5N0Z1dDRZWWJ1RG1SVU9NRmJWYnRKQUNtMFI1WWl5Q2V1OW4wTjdPc3NWZkJkczRwNFRJS1ZGbEw0enJxRmtYTXdTcC1CS2xOZjZxczVNTjJadXFibjBVRlZoaDdJajU4dWJaZlRldVRMdWF4dnfSAb4BQVVfeXFMTmZCX25OX3VvaXJBVkltS1g0V0xWYmJIeVIyNzBTTG9iazRBLWVOWGJFS3hsWGwxc21SajZwU1p4elRTRVlaeGxDa0p2Q2l0Ml9ubVVESTd5NVcxX21RMDBCXy10dHRpb0E2dzJiQWFVQmtVYVItRWxJTnVyRE5adTNXYlc4ZkVsUGxDNUVjLW5jSlRBc0o3d2JPRkNrMkw4eGNKc1VGWGRLSG03VVhhbVNZaGtyRXlYN3V3YkJvdw?oc=5,,Alice Weidel criticized CDU leader Friedrich Merz for supporting financial aid to Ukraine using German taxpayer money.,Alice Weidel,,,,,afd-6,1,high,,,,
1ec1ecc81c7dc47d4ecb,2026-W41,2026-10-04,DE,afd,AfD,far-right,press,press_characterisation,eadaily.com,Weidel: Merz abandoned the Germans on the day of the national holiday and went to Kiev - eadaily.com,https://news.google.com/rss/articles/CBMixwFBVV95cUxPZXRlZ25hNXdHTFJFV2x2WjVHZnlVVkY3bUk5M3NleGZvWUwtbHhpcnhxcVZHRnEwN1BReFZGbU1MTzUza214QmM2ZUVpU244bmRYc0xTV2N3RU5NYkVpajNjUWdXQXM1MHNZTFlXRXRUNVpmOWZZR25uaV9leUxRZ3JWX2tJeDF5WkpHejNRdEd6WHVXcVQtRUppcWhJU2ZPTVV4S1BSWURvUldDem1MSE96X24ySHpWNFkxZWdnV3AyOXZfX1VF0gHLAUFVX3lxTE40NVRsQWY3cV9yalN4UWZ4S1V2QmhtTkxfU0JPb284c1AyUmkwdU1zNkFGb09Ud054SzN3SWx5T0RHZWhfSmpyM2E3TmNKZEJERTAxc0hqUkkxQl9Da2VuVG1jWEg3LXd5ZjJDVl9hZEtEMjJZWGZBVEduXzExUzMzeXk3cS1VbjVxVmZFR01kai1lVEY3Y25kb3dVa3dqdHZnVEFKRjJnY0ljZ1d0bk5jeVN0UE9YM1NpMHliazdhWU5TbWpxbGd1NjRN?oc=5,,Alice Weidel criticized CDU leader Friedrich Merz for traveling to Kiev on Germany's national holiday instead of remaining with Germans.,Alice Weidel,,,,,afd-3,1,high,,,,
25b75c4ad8669e072789,2026-W41,2026-10-04,DE,bsw,BSW,far-left,press,press_characterisation,Наша Ніва,"German Deputy from Pro-Russian Party to Bring Representatives of ""Alternative for Germany"" to Belarus - Наша Ніва",https://news.google.com/rss/articles/CBMiS0FVX3lxTE5BaGRYRVdRaG1aY2NVYkwzR3NkV0pNQllpMHNzZjBUcFdObzR5c2hZNmc2UDEzUGlNYkp6dzZUY3VIUUF5Mk5sZFQ5QdIBS0FVX3lxTE5BaGRYRVdRaG1aY2NVYkwzR3NkV0pNQllpMHNzZjBUcFdObzR5c2hZNmc2UDEzUGlNYkp6dzZUY3VIUUF5Mk5sZFQ5QQ?oc=5,,A deputy from the Sahra Wagenknecht Alliance is organizing a visit bringing representatives of Alternative for Germany to Belarus.,Sahra Wagenknecht Alliance – Reason and Justice; Alternative for Germany,,,,,bsw-2,1,high,,,,
1a47292e75f0b6cf709d,2026-W41,2026-10-02,DE,dielinke,Die Linke,far-left,site_scrape,party_document,www.die-linke.de,Die Koalition streitet über die falschen Fragen,https://www.die-linke.de/start/presse/detail/news/die-koalition-streitet-ueber-die-falschen-fragen/,,"Die Linke chair Ines Schwerdtner criticizes the federal coalition government's austerity course, calling for a social plan instead of further cuts and demanding a genuine policy reversal rather than a compromise between CDU and SPD.",Ines Schwerdtner,0,Ines Schwerdtner,"Die Bundesregierung hat sich in einen Kürzungskurs verrannt, der den sozialen Zusammenhalt gefährdet.",The federal government has locked itself into an austerity course that endangers social cohesion.,dielinke-2,1,high,,,,
1a47292e75f0b6cf709d,2026-W41,2026-10-02,DE,dielinke,Die Linke,far-left,site_scrape,party_document,www.die-linke.de,Die Koalition streitet über die falschen Fragen,https://www.die-linke.de/start/presse/detail/news/die-koalition-streitet-ueber-die-falschen-fragen/,,"Die Linke chair Ines Schwerdtner criticizes the federal coalition government's austerity course, calling for a social plan instead of further cuts and demanding a genuine policy reversal rather than a compromise between CDU and SPD.",Ines Schwerdtner,1,Ines Schwerdtner,"Statt weiterer Kürzungsreformen braucht dieses Land einen Sozialplan, der den Alltag bezahlbar macht, soziale Sicherheit schafft und den Zusammenhalt stärkt.","Instead of further austerity reforms, this country needs a social plan that makes everyday life affordable, creates social security, and strengthens cohesion.",dielinke-2,1,high,,,,
1a47292e75f0b6cf709d,2026-W41,2026-10-02,DE,dielinke,Die Linke,far-left,site_scrape,party_document,www.die-linke.de,Die Koalition streitet über die falschen Fragen,https://www.die-linke.de/start/presse/detail/news/die-koalition-streitet-ueber-die-falschen-fragen/,,"Die Linke chair Ines Schwerdtner criticizes the federal coalition government's austerity course, calling for a social plan instead of further cuts and demanding a genuine policy reversal rather than a compromise between CDU and SPD.",Ines Schwerdtner,2,Ines Schwerdtner,"Deshalb braucht es keinen faulen Kompromiss zwischen CDU und SPD, sondern einen echten Kurswechsel.","Therefore, what is needed is not a rotten compromise between CDU and SPD, but a genuine change of course.",dielinke-2,1,high,,,,
09e5c48bc20e9f58e168,2026-W41,2026-10-01,DE,dielinke,Die Linke,far-left,site_scrape,party_document,www.die-linke.de,Übergewinne besteuern statt Tankrabatt von Steuerzahlern bezahlen lassen,https://www.die-linke.de/start/presse/detail/news/uebergewinne-besteuern-statt-tankrabatt-von-steuerzahlern-bezahlen-lassen/,,"Die Linke party chair Ines Schwerdtner criticizes the federal government's renewed fuel discount as taxpayer-funded and ineffective, demanding instead that excess profits of oil companies be taxed to relieve citizens and make the Deutschlandticket cheaper.",Ines Schwerdtner,0,Ines Schwerdtner,Die Bundesregierung hat nichts gelernt: Der Tankrabatt wird direkt aus den Taschen der Steuerzahler bezahlt und löst keines der Probleme in dieser Ölpreiskrise.,The federal government has learned nothing: The fuel discount is paid directly from the pockets of taxpayers and solves none of the problems in this oil price crisis.,dielinke-0,1,high,,,,
09e5c48bc20e9f58e168,2026-W41,2026-10-01,DE,dielinke,Die Linke,far-left,site_scrape,party_document,www.die-linke.de,Übergewinne besteuern statt Tankrabatt von Steuerzahlern bezahlen lassen,https://www.die-linke.de/start/presse/detail/news/uebergewinne-besteuern-statt-tankrabatt-von-steuerzahlern-bezahlen-lassen/,,"Die Linke party chair Ines Schwerdtner criticizes the federal government's renewed fuel discount as taxpayer-funded and ineffective, demanding instead that excess profits of oil companies be taxed to relieve citizens and make the Deutschlandticket cheaper.",Ines Schwerdtner,1,Ines Schwerdtner,"Stattdessen müssen endlich die Milliarden an Übergewinnen der Mineralölkonzerne dafür genutzt werden, um die Menschen im Land wirklich zu entlasten.","Instead, the billions in excess profits of the oil companies must finally be used to truly relieve the people in the country.",dielinke-0,1,high,,,,
09e5c48bc20e9f58e168,2026-W41,2026-10-01,DE,dielinke,Die Linke,far-left,site_scrape,party_document,www.die-linke.de,Übergewinne besteuern statt Tankrabatt von Steuerzahlern bezahlen lassen,https://www.die-linke.de/start/presse/detail/news/uebergewinne-besteuern-statt-tankrabatt-von-steuerzahlern-bezahlen-lassen/,,"Die Linke party chair Ines Schwerdtner criticizes the federal government's renewed fuel discount as taxpayer-funded and ineffective, demanding instead that excess profits of oil companies be taxed to relieve citizens and make the Deutschlandticket cheaper.",Ines Schwerdtner,2,Ines Schwerdtner,"Die Bundesregierung zeigt einmal mehr, dass sie in Krisen nicht handlungsfähig ist und alles dafür tut, Profite statt Menschen zu schützen.",The federal government shows once again that it is incapable of acting in crises and does everything to protect profits instead of people.,dielinke-0,1,high,,,,
42f79f77656b3974566f,2026-W41,2026-10-01,DE,dielinke,Die Linke,far-left,site_scrape,party_document,www.die-linke.de,VW: Die Beschäftigten müssen mehr Gewicht bekommen,https://www.die-linke.de/start/presse/detail/news/vw-die-beschaeftigten-muessen-mehr-gewicht-bekommen/,,"Die Linke chair Luigi Pantisano criticized VW's termination of ten collective agreements, demanding that employees receive greater decision-making power, that public subsidies be tied to binding investment and job guarantees, and that no plant be closed without employee co-determination.",Luigi Pantisano,0,Luigi Pantisano,VW darf den Beschäftigten nicht die Jobsicherheit wegnehmen.,VW must not take away job security from the employees.,dielinke-1,1,high,,,,
42f79f77656b3974566f,2026-W41,2026-10-01,DE,dielinke,Die Linke,far-left,site_scrape,party_document,www.die-linke.de,VW: Die Beschäftigten müssen mehr Gewicht bekommen,https://www.die-linke.de/start/presse/detail/news/vw-die-beschaeftigten-muessen-mehr-gewicht-bekommen/,,"Die Linke chair Luigi Pantisano criticized VW's termination of ten collective agreements, demanding that employees receive greater decision-making power, that public subsidies be tied to binding investment and job guarantees, and that no plant be closed without employee co-determination.",Luigi Pantisano,1,Luigi Pantisano,Jetzt die Tarifverträge zu kündigen läuft auf eine Aufkündigung der Sozialpartnerschaft hinaus.,Terminating the collective agreements now amounts to terminating the social partnership.,dielinke-1,1,high,,,,
42f79f77656b3974566f,2026-W41,2026-10-01,DE,dielinke,Die Linke,far-left,site_scrape,party_document,www.die-linke.de,VW: Die Beschäftigten müssen mehr Gewicht bekommen,https://www.die-linke.de/start/presse/detail/news/vw-die-beschaeftigten-muessen-mehr-gewicht-bekommen/,,"Die Linke chair Luigi Pantisano criticized VW's termination of ten collective agreements, demanding that employees receive greater decision-making power, that public subsidies be tied to binding investment and job guarantees, and that no plant be closed without employee co-determination.",Luigi Pantisano,2,Luigi Pantisano,Es darf kein Werk ohne Zukunftsplan und Mitbestimmung der Beschäftigten geben.,There must be no plant without a future plan and employee co-determination.,dielinke-1,1,high,,,,
42f79f77656b3974566f,2026-W41,2026-10-01,DE,dielinke,Die Linke,far-left,site_scrape,party_document,www.die-linke.de,VW: Die Beschäftigten müssen mehr Gewicht bekommen,https://www.die-linke.de/start/presse/detail/news/vw-die-beschaeftigten-muessen-mehr-gewicht-bekommen/,,"Die Linke chair Luigi Pantisano criticized VW's termination of ten collective agreements, demanding that employees receive greater decision-making power, that public subsidies be tied to binding investment and job guarantees, and that no plant be closed without employee co-determination.",Luigi Pantisano,3,Luigi Pantisano,"Fördermittel, Bürgschaften, günstige öffentliche Kredite und Industriestrom müssen an einen verbindlichen Investitions- und Transformationsplan sowie an langfristige Job-, Standort- und Tarifgarantien geknüpft werden.","Subsidies, guarantees, favorable public loans and industrial electricity must be tied to a binding investment and transformation plan as well as to long-term job, location and collective bargaining guarantees.",dielinke-1,1,high,,,,
59d97fd759437e47aa4e,2026-W41,2026-10-04,FR,rn,RN,far-right,press,press_characterisation,The Japan Times,Future of French far-right star in balance after antisemitism claims - The Japan Times,https://news.google.com/rss/articles/CBMimwFBVV95cUxPbTRnUWJTYkZOWTJXMzJGYnQ0TnpKNjVJcjFPc3BDRXNWYlhxRFVhcWEyYjBvTGxTenlHQ0FhUXhtYVBWQ0dRWnBJLUhCbUcyQVJpYlhLUUhtLWpGSTlpYWhna3g3VTlkNjRfMDJjdl9ibFFJY0JDNTFJekJiZ1pDNm0zT0VDclplR20tZGx5TlJ4MTk0TmYzdnBiUQ?oc=5,,A prominent National Rally figure faces uncertainty following allegations of antisemitism.,,,,,,rn-0,1,high,,,,
fd670a02648f0145061d,2026-W41,2026-10-02,FR,lfi,LFI,far-left,site_scrape,party_document,lafranceinsoumise.fr,FERMETURE DE MATERNITES : L’AVEUGLEMENT DU GOUVERNEMENT CONTRE LES PARTURIENTES,https://lafranceinsoumise.fr/2026/10/02/fermeture-de-maternites-laveuglement-du-gouvernement-contre-les-parturientes/,,"France Unbowed issued a statement on October 2, 2026 condemning a government report that establishes criteria for closing small maternity wards, arguing that 40% of maternity facilities have already closed since 2000 and demanding maintenance of local hospitals with maternity services and increased funding.",France Unbowed,0,France Unbowed,"Alors que déjà 40% des maternités ont été fermées depuis l'an 2000, jusqu'où vont-ils aller ?","While already 40% of maternity wards have been closed since 2000, how far will they go?",lfi-1,1,high,,,,
fd670a02648f0145061d,2026-W41,2026-10-02,FR,lfi,LFI,far-left,site_scrape,party_document,lafranceinsoumise.fr,FERMETURE DE MATERNITES : L’AVEUGLEMENT DU GOUVERNEMENT CONTRE LES PARTURIENTES,https://lafranceinsoumise.fr/2026/10/02/fermeture-de-maternites-laveuglement-du-gouvernement-contre-les-parturientes/,,"France Unbowed issued a statement on October 2, 2026 condemning a government report that establishes criteria for closing small maternity wards, arguing that 40% of maternity facilities have already closed since 2000 and demanding maintenance of local hospitals with maternity services and increased funding.",France Unbowed,1,France Unbowed,"Car naturellement, des fermetures, nous n'en voulons plus !","Because naturally, we don't want any more closures!",lfi-1,1,high,,,,
fd670a02648f0145061d,2026-W41,2026-10-02,FR,lfi,LFI,far-left,site_scrape,party_document,lafranceinsoumise.fr,FERMETURE DE MATERNITES : L’AVEUGLEMENT DU GOUVERNEMENT CONTRE LES PARTURIENTES,https://lafranceinsoumise.fr/2026/10/02/fermeture-de-maternites-laveuglement-du-gouvernement-contre-les-parturientes/,,"France Unbowed issued a statement on October 2, 2026 condemning a government report that establishes criteria for closing small maternity wards, arguing that 40% of maternity facilities have already closed since 2000 and demanding maintenance of local hospitals with maternity services and increased funding.",France Unbowed,2,France Unbowed,La France insoumise soutien le maintien des petits hôpitaux avec leurs maternités de proximité et l'augmentation des moyens humains et financiers pour assurer la pérennité des équipes dans les maternités,France Unbowed supports maintaining small hospitals with their local maternity wards and increasing human and financial resources to ensure the sustainability of maternity teams,lfi-1,1,high,,,,
29653aee5e0ab91a6608,2026-W41,2026-09-30,FR,lfi,LFI,far-left,site_scrape,party_document,lafranceinsoumise.fr,Alerte : l’antifasciste Gino ne doit pas être livré à l’Allemagne,https://lafranceinsoumise.fr/2026/09/30/alerte-lantifasciste-gino-ne-doit-pas-etre-livre-a-lallemagne/,,"France Unbowed's parliamentary group demands the French government oppose the extradition of antifascist activist Gino to Germany, warning he risks subsequent transfer to Hungary where activists have been imprisoned, and pledges citizen protection initiatives.",France Unbowed parliamentary group,0,France Unbowed parliamentary group,"Extrader Gino, c'est le livrer à une vengeance politique contre l'antifascisme.",To extradite Gino is to deliver him to a political vendetta against antifascism.,lfi-0,1,high,,,,
29653aee5e0ab91a6608,2026-W41,2026-09-30,FR,lfi,LFI,far-left,site_scrape,party_document,lafranceinsoumise.fr,Alerte : l’antifasciste Gino ne doit pas être livré à l’Allemagne,https://lafranceinsoumise.fr/2026/09/30/alerte-lantifasciste-gino-ne-doit-pas-etre-livre-a-lallemagne/,,"France Unbowed's parliamentary group demands the French government oppose the extradition of antifascist activist Gino to Germany, warning he risks subsequent transfer to Hungary where activists have been imprisoned, and pledges citizen protection initiatives.",France Unbowed parliamentary group,1,France Unbowed parliamentary group,"A l'heure de la montée en puissance de l'internationale d'extrême droite, le combat contre le fascisme et le néonazisme est un honneur.","At a time of the rising power of the far-right international, the fight against fascism and neo-Nazism is an honor.",lfi-0,1,high,,,,
29653aee5e0ab91a6608,2026-W41,2026-09-30,FR,lfi,LFI,far-left,site_scrape,party_document,lafranceinsoumise.fr,Alerte : l’antifasciste Gino ne doit pas être livré à l’Allemagne,https://lafranceinsoumise.fr/2026/09/30/alerte-lantifasciste-gino-ne-doit-pas-etre-livre-a-lallemagne/,,"France Unbowed's parliamentary group demands the French government oppose the extradition of antifascist activist Gino to Germany, warning he risks subsequent transfer to Hungary where activists have been imprisoned, and pledges citizen protection initiatives.",France Unbowed parliamentary group,2,France Unbowed parliamentary group,Nous demandons au gouvernement d'Emmanuel Macron de s'opposer à l'exécution de cette décision et de réengager un dialogue diplomatique.,We demand that Emmanuel Macron's government oppose the execution of this decision and re-engage diplomatic dialogue.,lfi-0,1,high,,,,
29653aee5e0ab91a6608,2026-W41,2026-09-30,FR,lfi,LFI,far-left,site_scrape,party_document,lafranceinsoumise.fr,Alerte : l’antifasciste Gino ne doit pas être livré à l’Allemagne,https://lafranceinsoumise.fr/2026/09/30/alerte-lantifasciste-gino-ne-doit-pas-etre-livre-a-lallemagne/,,"France Unbowed's parliamentary group demands the French government oppose the extradition of antifascist activist Gino to Germany, warning he risks subsequent transfer to Hungary where activists have been imprisoned, and pledges citizen protection initiatives.",France Unbowed parliamentary group,3,France Unbowed parliamentary group,Nous soutiendrons les initiatives de protection citoyenne du militant Gino.,We will support citizen protection initiatives for activist Gino.,lfi-0,1,high,,,,
6af73249c3a506562418,2026-W41,2026-10-04,FR,lfi,LFI,far-left,press,press_characterisation,breitbart.com,"France Youth Riots Manipulated by Far-Left Mélenchon Party, Paris Police Report Finds - breitbart.com",https://news.google.com/rss/articles/CBMiyAFBVV95cUxPU2thRmlIdktBdGJ5SFlvdTRfZl9pUGIyaTdjNk1hR01OSldHTlFWTG5mOGNtUVNVal9hYld2TlRGU2VBM3I5c0huVWJGNEhwbzhnUEJ1MDlRcnFveDRCUmVzazQ5SDVKWXNXTVZUNGlJU0RubWFXQ0o1M1R4R2FMaXpKY0tiMlBoZzFjVDFTbnQtR2pYVHB6aDJFTzNvVW1mbUhkbzJCLVJMZFpSekRmUmV5UzVqemRRWnJVYlRHOUt2N0kxdDdTdNIBzgFBVV95cUxQWE1xVUoxUmpuSWFHUVBMcnZXNy01Ym0xZENHV3g3Wmx5c3BMU3lrWDRuQmlWbzBLcGhyWGxBVHIzeERmZ25GS2g4dmFTeTZfZlhSLUFvNHk5LWtubEszNkRmLTJ2RzRwSngxVzBjbDRFa2w0YWd1NnQ5YjY4Vkk4Z2Y5QTZ5X2lnX3dGQUhXal9DWWVOdlpqSDJLNkRHYXcta3AxUzBSUVF5eDdPT2xpMGtEOFhubFlibl9jRXNPVGVuMzJWXzhHRFNkcWhCZw?oc=5,,"A Paris police report allegedly finds that France Unbowed manipulated youth riots in France, according to a Breitbart article.",Jean-Luc Mélenchon,,,,,lfi-3,1,high,,,,
f6a8acc25d2e5039a05f,2026-W41,2026-10-02,FR,reconquete,Reconquête,far-right,press,press_characterisation,entrevue.fr,“You’re in the dock”: Sarah Knafo challenges Bruno Le Maire on his record at Bercy – Interview - entrevue.fr,https://news.google.com/rss/articles/CBMiwgFBVV95cUxQZ2ZVZXpHdUNmTjJnTWo2aWtuNnRhcE1CcWF0ODAzckJYOGk2b0NMS1RySHN2U0NocXdiSmJuTGx0ellndUVCeHIzM1FwT1lmdlltR292bzA4Y0hyeWxnZDNvWk9BdjNYeG5WSzdGOXU2TVdfQmZKczRJV3ZmSUxqcFhsMG1Ed2FEM1Z0aEdXVlVPT3FQdTAzSVM4ekdnT0RNazVCQ0xGY3hBbG9WREZzdHIzY1ROMVc3bUxKM3NnUWdUZw?oc=5,,Sarah Knafo of Reconquest challenged former Economy Minister Bruno Le Maire on his record at the Ministry of Economy and Finance.,Sarah Knafo,,,,,reconquete-3,1,high,,,,
3c53c970c491c75c3b87,2026-W41,2026-09-29,FR,reconquete,Reconquête,far-right,press,press_characterisation,Yahoo,French hard-left union condemns EDF CEO for meeting far-right leaders - Yahoo,https://news.google.com/rss/articles/CBMikgFBVV95cUxPY3hoVzVidWhkSlY3ZVZwajJyOEJpR2d4dE1VYkoyWXlOUHVYOXdjM0lFNGhkRTFUTS1qU3JYWVE4elRidTNlZURwLWp6TGFBTnk1RDNUMUp6SWxWUF9CRDhtSlk5YXE4VU9BaGd6ampyUmVlUzV5ZklZNHJtV0JjYkwzRmxaRTlCbnllcEl0b0xCdw?oc=5,,"A French hard-left union condemned the CEO of EDF for meeting with far-right leaders, which would include representatives from Reconquest.",,,,,,reconquete-2,1,high,,,,
0dac188ec8aaa261f4ea,2026-W41,2026-10-01,FR,npaa,NPA-L’Anticapitaliste,far-left,press,press_characterisation,International Viewpoint,"Nuñez, Geffray, resign! They are the ones wreaking havoc. - International Viewpoint",https://news.google.com/rss/articles/CBMikgFBVV95cUxPaDJXNUMzNG45eTRJR0hzLUJHanRCM3VNUm9wTy1JT0wzaE1PODNwRFF5WFpBQTlmZ05URGZUUWFRUnpYa0JWV21xMEpuRmptRVlrUnc3d1Mxb1RoWURhWTJ6QjZYYXptemNuTkpTSDVQY1M4Qm1aa1Z0bHhVSUVZX1dEV1FiNXlUdTFwWE9sRXdxUQ?oc=5,,"A statement calls for the resignation of Nuñez and Geffray, accusing them of causing havoc.",Nuñez; Geffray,,,,,npaa-1,1,high,,,,
ecaaf06d2f1ae590539a,2026-W41,2026-10-04,FR,npar,NPA-Révolutionnaires,far-left,site_scrape,party_document,npa-revolutionnaires.org,"Mardi, soyons aux cÃ´tÃ©s des lycÃ©ens et des lycÃ©ennes, en grÃ¨ve et dans la rueÂ !",https://npa-revolutionnaires.org/articles/mardi-soyons-aux-cotes-des-lyceens-et-des-lyceennes-en-greve-et-dans-la-rue,,"The NPA-Révolutionnaires calls for workers and the public to join high school students in a national strike and street demonstrations on Tuesday, October 6, 2026, to protest police repression, social injustice, and the government's 2027 budget cuts.",New Anticapitalist Party – Revolutionaries,0,New Anticapitalist Party – Revolutionaries,"Mardi 6 octobre, il faut qu'on soit dans la rue aux côtés des jeunes mobilisés.","Tuesday, October 6, we must be in the streets alongside the mobilized youth.",npar-6,1,high,,,,
ecaaf06d2f1ae590539a,2026-W41,2026-10-04,FR,npar,NPA-Révolutionnaires,far-left,site_scrape,party_document,npa-revolutionnaires.org,"Mardi, soyons aux cÃ´tÃ©s des lycÃ©ens et des lycÃ©ennes, en grÃ¨ve et dans la rueÂ !",https://npa-revolutionnaires.org/articles/mardi-soyons-aux-cotes-des-lyceens-et-des-lyceennes-en-greve-et-dans-la-rue,,"The NPA-Révolutionnaires calls for workers and the public to join high school students in a national strike and street demonstrations on Tuesday, October 6, 2026, to protest police repression, social injustice, and the government's 2027 budget cuts.",New Anticapitalist Party – Revolutionaries,1,New Anticapitalist Party – Revolutionaries,"Envoyons un message clair au gouvernement : nous mettons les lycéens et les lycéennes, les étudiants et les étudiantes sous la protection du monde du travail.",Let's send a clear message to the government: we place high school students and university students under the protection of the working world.,npar-6,1,high,,,,
ecaaf06d2f1ae590539a,2026-W41,2026-10-04,FR,npar,NPA-Révolutionnaires,far-left,site_scrape,party_document,npa-revolutionnaires.org,"Mardi, soyons aux cÃ´tÃ©s des lycÃ©ens et des lycÃ©ennes, en grÃ¨ve et dans la rueÂ !",https://npa-revolutionnaires.org/articles/mardi-soyons-aux-cotes-des-lyceens-et-des-lyceennes-en-greve-et-dans-la-rue,,"The NPA-Révolutionnaires calls for workers and the public to join high school students in a national strike and street demonstrations on Tuesday, October 6, 2026, to protest police repression, social injustice, and the government's 2027 budget cuts.",New Anticapitalist Party – Revolutionaries,2,New Anticapitalist Party – Revolutionaries,"Ceux qui cassent les services publics, la Sécu, nos retraites, ils sont au gouvernement ! Ce sont eux les casseurs.","Those who are breaking public services, Social Security, our pensions, they are in the government! They are the ones breaking things.",npar-6,1,high,,,,
7bdfe63f0ef89b7f688e,2026-W41,2026-10-04,FR,npar,NPA-Révolutionnaires,far-left,site_scrape,party_document,npa-revolutionnaires.org,"[DOSSIER] Les prix augmentent, les salaires doivent suivre â paru dans RÃ©volutionnaires nÂ° 64",https://npa-revolutionnaires.org/articles/dossier-les-prix-augmentent-les-salaires-doivent-suivre-paru-dans-revolutionnaires-n-64,,"The New Anticapitalist Party – Revolutionaries published a dossier in their magazine Révolutionnaires issue 64 demanding wage increases to match rising prices, featuring articles on wages eroded by price increases and workers' struggles.",New Anticapitalist Party – Revolutionaries,0,New Anticapitalist Party – Revolutionaries,Si même nous les smicards on n'y a pas droit ? C'est vraiment du foutage de gueule.,If even us minimum wage workers don't have the right to it? It's really taking the piss.,npar-5,1,high,,,,
582eca32eb9d448474e0,2026-W41,2026-10-03,FR,npar,NPA-Révolutionnaires,far-left,site_scrape,party_document,npa-revolutionnaires.org,Ãtat espagnolÂ : de quoi Maricarmen est-elle le nomÂ ?,https://npa-revolutionnaires.org/articles/etat-espagnol-de-quoi-maricarmen-est-elle-le-nom,,"NPA Révolutionnaires reports on mass protests in Spain following the violent eviction of an 87-year-old tenant by police, criticizing both right-wing regional president Ayuso and the Socialist-led Sánchez government for enabling vulture funds and repressing demonstrations.",Gaël Quirante,0,Alicia del Rio,"Nous n'acceptons plus de vivre sous ces lois qui détruisent nos vies. Ni celles d'Ayuso, ni celles de Sánchez […] Nous ne sommes pas tristes, nous sommes en colère et nous n'arrêterons pas jusqu'à que ça change !","We no longer accept living under these laws that destroy our lives. Neither those of Ayuso, nor those of Sánchez […] We are not sad, we are angry and we will not stop until it changes!",npar-4,1,high,,,,
59a4762b252c1da99619,2026-W41,2026-10-02,FR,npar,NPA-Révolutionnaires,far-left,site_scrape,party_document,npa-revolutionnaires.org,"Soutien aux lycÃ©ens face Ã la rÃ©pressionÂ : la violence, câest celle du gouvernement et de ses policiers, câest celle de lâordre social contre les exploitÃ©s et leurs enfantsÂ !",https://npa-revolutionnaires.org/articles/soutien-aux-lyceens-face-a-la-repression-la-violence-cest-celle-du-gouvernement-et-de-ses-policiers-cest-celle-de-lordre-social-contre-les-exploites-et-leurs-enfant,,"The New Anticapitalist Party – Revolutionaries issued a statement supporting high school student mobilizations across France, condemning government repression including police violence and arrests, and calling for participation in a protest on October 6, 2026.",Selma Labib; Gaël Quirante,0,NPA-Révolutionnaires,Le NPA-Révolutionnaires et le NPA Jeunes-Révolutionnaires soutiennent totalement la mobilisation de la jeunesse qui a gagné des centaines de lycées partout dans le pays et touche maintenant aussi les facultés.,The NPA-Revolutionaries and NPA Youth-Revolutionaries fully support the youth mobilization that has reached hundreds of high schools throughout the country and is now also affecting universities.,npar-3,1,high,,,,
59a4762b252c1da99619,2026-W41,2026-10-02,FR,npar,NPA-Révolutionnaires,far-left,site_scrape,party_document,npa-revolutionnaires.org,"Soutien aux lycÃ©ens face Ã la rÃ©pressionÂ : la violence, câest celle du gouvernement et de ses policiers, câest celle de lâordre social contre les exploitÃ©s et leurs enfantsÂ !",https://npa-revolutionnaires.org/articles/soutien-aux-lyceens-face-a-la-repression-la-violence-cest-celle-du-gouvernement-et-de-ses-policiers-cest-celle-de-lordre-social-contre-les-exploites-et-leurs-enfant,,"The New Anticapitalist Party – Revolutionaries issued a statement supporting high school student mobilizations across France, condemning government repression including police violence and arrests, and calling for participation in a protest on October 6, 2026.",Selma Labib; Gaël Quirante,1,NPA-Révolutionnaires,"Le NPA-R condamne cette répression : libération de tous les inculpés, abandon de toute poursuite, non aux fermetures administratives !","The NPA-R condemns this repression: release of all those charged, dropping of all prosecutions, no to administrative closures!",npar-3,1,high,,,,
59a4762b252c1da99619,2026-W41,2026-10-02,FR,npar,NPA-Révolutionnaires,far-left,site_scrape,party_document,npa-revolutionnaires.org,"Soutien aux lycÃ©ens face Ã la rÃ©pressionÂ : la violence, câest celle du gouvernement et de ses policiers, câest celle de lâordre social contre les exploitÃ©s et leurs enfantsÂ !",https://npa-revolutionnaires.org/articles/soutien-aux-lyceens-face-a-la-repression-la-violence-cest-celle-du-gouvernement-et-de-ses-policiers-cest-celle-de-lordre-social-contre-les-exploites-et-leurs-enfant,,"The New Anticapitalist Party – Revolutionaries issued a statement supporting high school student mobilizations across France, condemning government repression including police violence and arrests, and calling for participation in a protest on October 6, 2026.",Selma Labib; Gaël Quirante,2,NPA-Révolutionnaires,Les lycéens ont ouvert la brèche : c'est le moment d'organiser la riposte contre la guerre menée aux travailleurs et à leurs enfants par le gouvernement et le patronat.,High school students have opened the breach: it is time to organize the response against the war waged on workers and their children by the government and employers.,npar-3,1,high,,,,
624e2677a9d33306872b,2026-W41,2026-10-02,FR,npar,NPA-Révolutionnaires,far-left,site_scrape,party_document,npa-revolutionnaires.org,"Dans lâEure, le 3 octobre, mobilisation internationale contre les capitalistes de lâagrochimie",https://npa-revolutionnaires.org/articles/dans-leure-le-3-octobre-mobilisation-internationale-contre-les-capitalistes-de-lagrochimie,,"The New Anticapitalist Party – Revolutionaries calls for participation in an international demonstration on October 3 against the Syngenta agrochemical plant in Saint-Pierre-de-la-Garenne (Eure), organized by Confédération paysanne, Soulèvements de la Terre, and other groups, demanding expropriation and reconversion of such facilities.",Marie Darouen,0,NPA Révolutionnaires,Il est temps d'exproprier ce type d'usines et de reconvertir leur production en produits sanitaires utiles à la population.,It is time to expropriate this type of factory and reconvert their production into sanitary products useful to the population.,npar-2,1,high,,,,
624e2677a9d33306872b,2026-W41,2026-10-02,FR,npar,NPA-Révolutionnaires,far-left,site_scrape,party_document,npa-revolutionnaires.org,"Dans lâEure, le 3 octobre, mobilisation internationale contre les capitalistes de lâagrochimie",https://npa-revolutionnaires.org/articles/dans-leure-le-3-octobre-mobilisation-internationale-contre-les-capitalistes-de-lagrochimie,,"The New Anticapitalist Party – Revolutionaries calls for participation in an international demonstration on October 3 against the Syngenta agrochemical plant in Saint-Pierre-de-la-Garenne (Eure), organized by Confédération paysanne, Soulèvements de la Terre, and other groups, demanding expropriation and reconversion of such facilities.",Marie Darouen,1,NPA Révolutionnaires,"Pour les actionnaires de Syngenta, peu importe la couleur du drapeau, ce qui compte c'est la couleur des profits même au détriment de la nature ou de la santé humaine.","For Syngenta shareholders, the color of the flag doesn't matter, what counts is the color of profits even at the expense of nature or human health.",npar-2,1,high,,,,
cb022bf7a0e9d1f09e2a,2026-W41,2026-10-02,FR,npar,NPA-Révolutionnaires,far-left,site_scrape,party_document,npa-revolutionnaires.org,Loi intÃ©graleÂ : et maintenantÂ ?,https://npa-revolutionnaires.org/articles/loi-integrale-et-maintenant,,"The New Anticapitalist Party – Revolutionaries criticizes the government's proposed comprehensive law against sexual violence following the Lyhanna case, arguing that the promised budget of 1.5 billion euros is insufficient compared to the 3 billion requested by associations, and that the law focuses excessively on repression rather than prevention.",Mona Netcha,0,Mona Netcha,"Cette loi sera peut-être une avancée sur le plan de la reconnaissance des VSS. Mais il faut se souvenir que les violences sexuelles sont des violences sociales, contre lesquelles on ne lutte pas avec les moyens du système qui les engendre.","This law may perhaps be a step forward in terms of recognizing sexual and gender-based violence. But we must remember that sexual violence is social violence, against which we cannot fight with the means of the system that generates it.",npar-1,1,high,,,,
cb022bf7a0e9d1f09e2a,2026-W41,2026-10-02,FR,npar,NPA-Révolutionnaires,far-left,site_scrape,party_document,npa-revolutionnaires.org,Loi intÃ©graleÂ : et maintenantÂ ?,https://npa-revolutionnaires.org/articles/loi-integrale-et-maintenant,,"The New Anticapitalist Party – Revolutionaries criticizes the government's proposed comprehensive law against sexual violence following the Lyhanna case, arguing that the promised budget of 1.5 billion euros is insufficient compared to the 3 billion requested by associations, and that the law focuses excessively on repression rather than prevention.",Mona Netcha,1,New Anticapitalist Party – Revolutionaries,"Les associations chiffrent à 3 milliards le montant de départ qui serait nécessaire pour commencer à mettre en place les mesures décrites dans la loi. Pour le moment, le gouvernement promet une somme plancher de 1,5 milliard dans le budget… L'équivalent de la somme engagé en 2026.","Associations estimate that 3 billion would be the starting amount necessary to begin implementing the measures described in the law. For now, the government promises a floor amount of 1.5 billion in the budget... The equivalent of the amount committed in 2026.",npar-1,1,high,,,,
31c2b1cf27bf507eba0a,2026-W41,2026-10-02,AT,fpo,FPÖ,far-right,site_scrape,party_document,www.fpoe.at,Schwarz-Grün haben ungeniert Steuergelder für Partei-Interessen umgeleitet,https://www.fpoe.at/aktuell/artikel-detailansicht/schwarz-gruen-haben-ungeniert-steuergelder-fuer-partei-interessen-umgeleitet,,"FPÖ General Secretary Christian Hafenecker criticized a Court of Audit report revealing that the ÖVP-Green government allegedly diverted over five million euros in taxpayer money to party-affiliated organizations and persons between 2020 and 2024, demanding consequences and promising to end such practices under a future FPÖ government.",Christian Hafenecker,0,Christian Hafenecker,"Das ist ein unfassbarer Skandal und offenbart den tiefen Sumpf der Freunderlwirtschaft, in dem die Systemparteien baden. ÖVP und Grüne haben hier offensichtlich Steuergeld mit beiden Händen in die Taschen ihrer Günstlinge geschaufelt",This is an unbelievable scandal and reveals the deep swamp of cronyism in which the system parties are bathing. ÖVP and Greens have obviously shoveled tax money with both hands into the pockets of their cronies,fpo-0,1,high,,,,
31c2b1cf27bf507eba0a,2026-W41,2026-10-02,AT,fpo,FPÖ,far-right,site_scrape,party_document,www.fpoe.at,Schwarz-Grün haben ungeniert Steuergelder für Partei-Interessen umgeleitet,https://www.fpoe.at/aktuell/artikel-detailansicht/schwarz-gruen-haben-ungeniert-steuergelder-fuer-partei-interessen-umgeleitet,,"FPÖ General Secretary Christian Hafenecker criticized a Court of Audit report revealing that the ÖVP-Green government allegedly diverted over five million euros in taxpayer money to party-affiliated organizations and persons between 2020 and 2024, demanding consequences and promising to end such practices under a future FPÖ government.",Christian Hafenecker,1,Christian Hafenecker,"130.000 Euro für ein paar Tage 'Beratung' – hier entsteht der Eindruck, dass sich die ÖVP offensichtlich die pinke Opposition gekauft hat","130,000 euros for a few days of 'consulting' – this creates the impression that the ÖVP has obviously bought the pink opposition",fpo-0,1,high,,,,
31c2b1cf27bf507eba0a,2026-W41,2026-10-02,AT,fpo,FPÖ,far-right,site_scrape,party_document,www.fpoe.at,Schwarz-Grün haben ungeniert Steuergelder für Partei-Interessen umgeleitet,https://www.fpoe.at/aktuell/artikel-detailansicht/schwarz-gruen-haben-ungeniert-steuergelder-fuer-partei-interessen-umgeleitet,,"FPÖ General Secretary Christian Hafenecker criticized a Court of Audit report revealing that the ÖVP-Green government allegedly diverted over five million euros in taxpayer money to party-affiliated organizations and persons between 2020 and 2024, demanding consequences and promising to end such practices under a future FPÖ government.",Christian Hafenecker,2,Christian Hafenecker,"Dieser Bericht ist die endgültige Bankrotterklärung für Schwarz-Grün und ihre pinken Helfershelfer. Es darf jetzt nicht einfach wieder zur Tagesordnung übergegangen werden, hier muss es ernsthafte und spürbare Konsequenzen geben!","This report is the final declaration of bankruptcy for Black-Green and their pink accomplices. We cannot simply return to business as usual now, there must be serious and tangible consequences!",fpo-0,1,high,,,,
31c2b1cf27bf507eba0a,2026-W41,2026-10-02,AT,fpo,FPÖ,far-right,site_scrape,party_document,www.fpoe.at,Schwarz-Grün haben ungeniert Steuergelder für Partei-Interessen umgeleitet,https://www.fpoe.at/aktuell/artikel-detailansicht/schwarz-gruen-haben-ungeniert-steuergelder-fuer-partei-interessen-umgeleitet,,"FPÖ General Secretary Christian Hafenecker criticized a Court of Audit report revealing that the ÖVP-Green government allegedly diverted over five million euros in taxpayer money to party-affiliated organizations and persons between 2020 and 2024, demanding consequences and promising to end such practices under a future FPÖ government.",Christian Hafenecker,3,Christian Hafenecker,Dieses System der Selbstbedienung wird mit einer freiheitlichen Bundesregierung sofort der Vergangenheit angehören!,This system of self-service will immediately become a thing of the past with a Freedom Party federal government!,fpo-0,1,high,,,,
596642bced6f07bf2b4c,2026-W41,2026-10-02,AT,fpo,FPÖ,far-right,site_scrape,party_document,www.fpoe.at,SPÖ-nahe Journalisten-NGO warnt vor ORF-Volksbegehren,https://www.fpoe.at/aktuell/artikel-detailansicht/spoe-nahe-journalisten-ngo-warnt-vor-orf-volksbegehren,,"FPÖ General Secretary Christian Hafenecker promoted the party's ORF referendum initiative calling for abolition of mandatory broadcasting fees, criticizing SPÖ-linked NGO 'Reporter ohne Grenzen' and its president Fritz Hausjell for opposing the measure.",Christian Hafenecker,0,Christian Hafenecker,"Wenn ein Mitglied des Bundes sozialdemokratischer Akademiker, das dem ‚Expertenrat' von SPÖ-Chef und Vizekanzler Andreas Babler im letzten Nationalratswahlkampf angehört hat, sich angesichts unseres ORF-Volksbegehrens und der mit diesem erhobenen Forderung nach einer Abschaffung der ORF-Zwangsgebühr um die ‚Unabhängigkeit' des ORF sorgt, geht es ihm nur um den Erhalt des öffentlich-rechtlichen Rundfunks als Propaganda-Lautsprecher der Regierung und des Systems.","When a member of the Federation of Social Democratic Academics, who belonged to the 'expert council' of SPÖ leader and Vice Chancellor Andreas Babler in the last National Council election campaign, worries about the 'independence' of the ORF in light of our ORF referendum and its demand for abolition of the mandatory ORF fee, he is only concerned with preserving public broadcasting as a propaganda loudspeaker for the government and the system.",fpo-1,1,high,,,,
596642bced6f07bf2b4c,2026-W41,2026-10-02,AT,fpo,FPÖ,far-right,site_scrape,party_document,www.fpoe.at,SPÖ-nahe Journalisten-NGO warnt vor ORF-Volksbegehren,https://www.fpoe.at/aktuell/artikel-detailansicht/spoe-nahe-journalisten-ngo-warnt-vor-orf-volksbegehren,,"FPÖ General Secretary Christian Hafenecker promoted the party's ORF referendum initiative calling for abolition of mandatory broadcasting fees, criticizing SPÖ-linked NGO 'Reporter ohne Grenzen' and its president Fritz Hausjell for opposing the measure.",Christian Hafenecker,1,Christian Hafenecker,"Saubere Information, keine Luxusgagen und Privilegien, keine Zwangsgebühr, das ist der ORF, wie ihn sich auch die Österreicher wünschen!","Clean information, no luxury salaries and privileges, no mandatory fee, that is the ORF as Austrians want it!",fpo-1,1,high,,,,
e0e20d627749d79dd00f,2026-W41,2026-10-02,AT,fpo,FPÖ,far-right,site_scrape,party_document,www.fpoe.at,Nächster Inflations-Anstieg ist in Zahlen gegossenes Regierungsversagen,https://www.fpoe.at/aktuell/artikel-detailansicht/naechster-inflations-anstieg-ist-in-zahlen-gegossenes-regierungsversagen,,Nächster Inflations-Anstieg ist in Zahlen gegossenes Regierungsversagen. Nächster Inflations-Anstieg ist in Zahlen gegossenes Regierungsversagen | Freiheitliche Partei Österreichs Skip to main content Skip to page footer PATRIOTS.EU Facebook FPÖ auf X (Twitter) NFZ FPÖ-EU Burgenland Kärnten Niederösterreich Oberösterreich Salzburg ,,,,,,fpo-5,1,low,,,,
6d17a73a8ee33a4fc287,2026-W41,2026-10-02,AT,fpo,FPÖ,far-right,site_scrape,party_document,www.fpoe.at,Doppelte Entlastung: Paketsteuer zurücknehmen – Regierung zurücktreten,https://www.fpoe.at/aktuell/artikel-detailansicht/doppelte-entlastung-paketsteuer-zuruecknehmen-regierung-zuruecktreten,,"FPÖ General Secretary Michael Schnedlitz demanded the withdrawal of a package tax law and called for the resignation of the ÖVP-SPÖ-NEOS coalition government, criticizing new tax burdens on citizens.",Michael Schnedlitz,0,Michael Schnedlitz,"Während die teuerste Regierung aller Zeiten das Geld mit beiden Händen aus dem Fenster wirft, schnallt sie den Gürtel bei der Bevölkerung immer enger. Das hat nun ein Maß erreicht, bei dem die rote Linie längst überschritten ist","While the most expensive government of all time throws money out the window with both hands, it tightens the belt ever more on the population. This has now reached a level where the red line has long been crossed",fpo-2,1,high,,,,
6d17a73a8ee33a4fc287,2026-W41,2026-10-02,AT,fpo,FPÖ,far-right,site_scrape,party_document,www.fpoe.at,Doppelte Entlastung: Paketsteuer zurücknehmen – Regierung zurücktreten,https://www.fpoe.at/aktuell/artikel-detailansicht/doppelte-entlastung-paketsteuer-zuruecknehmen-regierung-zuruecktreten,,"FPÖ General Secretary Michael Schnedlitz demanded the withdrawal of a package tax law and called for the resignation of the ÖVP-SPÖ-NEOS coalition government, criticizing new tax burdens on citizens.",Michael Schnedlitz,1,Michael Schnedlitz,"Doppelte Entlastung heißt für uns: Paketsteuer zurücknehmen und Regierung zurücktreten. Österreich braucht eine Politik, die ihre Ausgaben überprüft, klare Prioritäten setzt und die Bevölkerung nicht mit immer neuen Abgaben belastet","Double relief means for us: withdraw the package tax and government resign. Austria needs a policy that reviews its spending, sets clear priorities and does not burden the population with ever new levies",fpo-2,1,high,,,,
acf8de4fd1c8f649c845,2026-W41,2026-10-02,AT,fpo,FPÖ,far-right,site_scrape,party_document,www.fpoe.at,Urteilsveröffentlichung,https://www.fpoe.at/aktuell/artikel-detailansicht/im-namen-der-republik,,Urteilsveröffentlichung. Urteilsveröffentlichung | Freiheitliche Partei Österreichs Skip to main content Skip to page footer PATRIOTS.EU Facebook FPÖ auf X (Twitter) NFZ FPÖ-EU Burgenland Kärnten Niederösterreich Oberösterreich Salzburg Steiermark Tirol Vorarlberg Wien Urteilsveröffen,,,,,,fpo-3,1,low,,,,
fde72c0debf934f875ac,2026-W41,2026-10-02,AT,fpo,FPÖ,far-right,site_scrape,party_document,www.fpoe.at,Genossenschaftswohnungen müssen leistbar bleiben,https://www.fpoe.at/aktuell/artikel-detailansicht/genossenschaftswohnungen-muessen-leistbar-bleiben,,"The FPÖ opposes planned rent increases in cooperative housing affecting 270,000 tenants, criticizing government coalition parties (ÖVP, SPÖ, and especially NEOS) for threatening affordable housing and announcing a parliamentary inquiry directed at Housing Minister Andreas Babler.",Markus Tschank,0,Markus Tschank,Der gemeinnützige Wohnbau muss weiterhin ein Ort der Sicherheit für seine unzähligen Bewohner bleiben. Dramatische Mietensteigerungen – mit denen insbesondere die Neos anscheinend liebäugeln – sind besonders hier kategorisch abzulehnen,Non-profit housing must continue to be a place of security for its countless residents. Dramatic rent increases – which the NEOS in particular apparently are flirting with – must be categorically rejected here,fpo-6,1,high,,,,
fde72c0debf934f875ac,2026-W41,2026-10-02,AT,fpo,FPÖ,far-right,site_scrape,party_document,www.fpoe.at,Genossenschaftswohnungen müssen leistbar bleiben,https://www.fpoe.at/aktuell/artikel-detailansicht/genossenschaftswohnungen-muessen-leistbar-bleiben,,"The FPÖ opposes planned rent increases in cooperative housing affecting 270,000 tenants, criticizing government coalition parties (ÖVP, SPÖ, and especially NEOS) for threatening affordable housing and announcing a parliamentary inquiry directed at Housing Minister Andreas Babler.",Markus Tschank,1,Markus Tschank,"Wir Freiheitlichen bekennen uns klar zum System der Wohnungsgemeinnützigkeit. Anscheinend betreiben allerdings ÖVP, SPÖ und besonders die Neos deren faktische Abschaffung: Denn nichts anderes wäre eine Mietenexplosion in 270.000 genossenschaftlichen Mietwohnungen","We Freedom Party members clearly commit ourselves to the system of non-profit housing. However, it appears that the ÖVP, SPÖ and especially the NEOS are pursuing its de facto abolition: Because a rent explosion in 270,000 cooperative rental apartments would be nothing else",fpo-6,1,high,,,,
fde72c0debf934f875ac,2026-W41,2026-10-02,AT,fpo,FPÖ,far-right,site_scrape,party_document,www.fpoe.at,Genossenschaftswohnungen müssen leistbar bleiben,https://www.fpoe.at/aktuell/artikel-detailansicht/genossenschaftswohnungen-muessen-leistbar-bleiben,,"The FPÖ opposes planned rent increases in cooperative housing affecting 270,000 tenants, criticizing government coalition parties (ÖVP, SPÖ, and especially NEOS) for threatening affordable housing and announcing a parliamentary inquiry directed at Housing Minister Andreas Babler.",Markus Tschank,2,Markus Tschank,Wir Freiheitlichen werden insbesondere SPÖ-Wohnminister Andreas Babler nicht aus seiner Verantwortung entlassen,We Freedom Party members will not release SPÖ Housing Minister Andreas Babler from his responsibility in particular,fpo-6,1,high,,,,
bc5112b2fd1673d4b401,2026-W41,2026-10-02,AT,fpo,FPÖ,far-right,site_scrape,party_document,www.fpoe.at,"Dienstzeit-Desaster bei Polizei bleibt trotz ""Einlenken"" Karners bestehen",https://www.fpoe.at/aktuell/artikel-detailansicht/dienstzeit-desaster-bei-polizei-bleibt-trotz-einlenken-karners-bestehen,,"FPÖ deputy security spokesperson Reinhold Maier criticized ÖVP Interior Minister Gerhard Karner's new police duty-time model as a cost-cutting measure that burdens officers and reduces street patrols, demanding the model be immediately stopped and the minister resign.",Reinhold Maier; Gerhard Karner,0,Reinhold Maier,"Was ÖVP-Innenminister Karner hier als großes ‚Einlenken' verkauft, ist nichts anderes als ein kläglicher Versuch, sein gescheitertes Sparpaket PR-mäßig zu retten und die Exekutivbeamten für dumm zu verkaufen. Dieses Täuschungsmanöver ändert nichts an der Tatsache, dass es sich um einen Anschlag auf die Motivation unserer Beamten und die Sicherheit im Land handelt. Karner hat auf ganzer Linie versagt, sollte die Konsequenzen daraus ziehen und noch heute seinen Hut nehmen!","What ÖVP Interior Minister Karner is selling here as a great 'concession' is nothing other than a pathetic attempt to salvage his failed austerity package in PR terms and to take the executive officers for fools. This deception maneuver changes nothing about the fact that this is an attack on the motivation of our officers and the security in the country. Karner has failed on all fronts, should draw the consequences and resign today!",fpo-4,1,high,,,,
bc5112b2fd1673d4b401,2026-W41,2026-10-02,AT,fpo,FPÖ,far-right,site_scrape,party_document,www.fpoe.at,"Dienstzeit-Desaster bei Polizei bleibt trotz ""Einlenken"" Karners bestehen",https://www.fpoe.at/aktuell/artikel-detailansicht/dienstzeit-desaster-bei-polizei-bleibt-trotz-einlenken-karners-bestehen,,"FPÖ deputy security spokesperson Reinhold Maier criticized ÖVP Interior Minister Gerhard Karner's new police duty-time model as a cost-cutting measure that burdens officers and reduces street patrols, demanding the model be immediately stopped and the minister resign.",Reinhold Maier; Gerhard Karner,1,Reinhold Maier,"Zentrale ‚Giftzähne' dieser Reform bleiben bestehen. Genau diese Punkte führen aber zu massiven Einkommensverlusten für die Beamten und, was noch viel schlimmer ist, zu einer drastischen Reduzierung der Streifen auf unseren Straßen. Das ist ein direkter Anschlag auf die Sicherheit der österreichischen Bevölkerung, nur um das Budget zu sanieren!","Central 'poison fangs' of this reform remain in place. But precisely these points lead to massive income losses for the officers and, what is much worse, to a drastic reduction of patrols on our streets. This is a direct attack on the security of the Austrian population, just to balance the budget!",fpo-4,1,high,,,,
bc5112b2fd1673d4b401,2026-W41,2026-10-02,AT,fpo,FPÖ,far-right,site_scrape,party_document,www.fpoe.at,"Dienstzeit-Desaster bei Polizei bleibt trotz ""Einlenken"" Karners bestehen",https://www.fpoe.at/aktuell/artikel-detailansicht/dienstzeit-desaster-bei-polizei-bleibt-trotz-einlenken-karners-bestehen,,"FPÖ deputy security spokesperson Reinhold Maier criticized ÖVP Interior Minister Gerhard Karner's new police duty-time model as a cost-cutting measure that burdens officers and reduces street patrols, demanding the model be immediately stopped and the minister resign.",Reinhold Maier; Gerhard Karner,2,Reinhold Maier,"Dieses gesamte Dienstzeitmodell gehört sofort gestoppt und eingestampft. Es ist ein Murks von Anfang bis Ende und ein Schlag ins Gesicht für jeden einzelnen Polizisten, der täglich für unsere Sicherheit den Kopf hinhält. Wir Freiheitlichen stehen an der Seite unserer Exekutive. Anstatt unsere Beamten mit solchen Spar-Experimenten zu demotivieren, braucht es eine echte Personaloffensive, faire Gehälter und einen Innenminister, der für die Sicherheit brennt, anstatt sie kaputtzusparen!","This entire duty-time model must be immediately stopped and scrapped. It is a botch from start to finish and a slap in the face for every single police officer who puts their neck on the line daily for our security. We Freedom Party members stand on the side of our executive. Instead of demotivating our officers with such austerity experiments, we need a real personnel offensive, fair salaries and an interior minister who is passionate about security, instead of cutting it to pieces!",fpo-4,1,high,,,,
c7fd335bc47b485c0bc7,2026-W41,2026-10-01,NL,fvd,FVD,far-right,press,press_characterisation,Forum voor Democratie,Blurring the line between alleged extremism and legitimate viewpoints threatens to narrow public debate - Forum voor Democratie,https://news.google.com/rss/articles/CBMizAFBVV95cUxPU2gtOVlqRWlmeDk4bVVMd012YUdPNV9qdVdfZXo5dU5jR3VoMTQwZ2ZOZHZZNWxRTnJNbUlnazBWY19ZZkNOLVY1bUJJcUdhek5BdlJjaGthdGhPZ0d3Q1JfZ2huX1dHcW9TTDBhVWo1Sk1DTVlsc2w2TnZrQ1EwSk9VcVYwT0V1NjA0ejkzdTdsZ2QzQnBCbzFJbE9vdE13amRoU0J0dHNSMXEzc0Ezb09ZMERUVUJvbkNtWVB6UmdtY0hzWHl0aUhWakE?oc=5,,Forum voor Democratie issued a public statement warning that conflating alleged extremism with legitimate viewpoints threatens to restrict public debate.,Forum voor Democratie,,,,,fvd-3,1,high,,,,
30151537888229b74e29,2026-W41,2026-09-28,NL,fvd,FVD,far-right,press,press_characterisation,Forum voor Democratie,Prime Minister Jetten says he wants to “punch opponents in the face”; FVD MP Gideon Van Meijeren tables parliamentary questions - Forum voor Democratie,https://news.google.com/rss/articles/CBMi6AFBVV95cUxNeDM1QUVjdjl0Q2Jva0ZKYVQ1cUstZ0ttXzdLc2JwT3FUOENENW52eDRUZ3hFRjg5ejZMVEFvT2FNSDYwLVFNM1VEZ2R2c3B5dTRFX2JoR0RyLXRBZmxLSzFQTFZTSUNhUlBtVDZWSTFQOHNQcEYxWjBkd0FYMzYyejdpWkwzT1FOZEwxWUNjWXdHVzBuSFpZY0ViVW9fUHE5VVR2UXBrQ0MtZ19LWXlQLWo2cnVna2FTdjhNcUdFb3I2RlJzWHhaRmVNR2dLbE5Td2hwSnZ1YnBTek9XeU9xRmFvODlLbkdj?oc=5,,"FVD MP Gideon Van Meijeren tabled parliamentary questions in response to Prime Minister Jetten's statement about wanting to ""punch opponents in the face.""",Gideon Van Meijeren,,,,,fvd-0,1,high,,,,
7e306dc04701a8069640,2026-W41,2026-10-04,NL,pvdd,PvdD,far-left,press,press_characterisation,NL Times,Lawmakers to weigh ban on animal slaughter without prior stunning - NL Times,https://news.google.com/rss/articles/CBMikwFBVV95cUxNR3NHQ3pQam9SYXM5MGdtb0dFaVFydDlOWEtVbzZXYllDQ2J1YlkydGtUdF80R2UwVl9OWmNhUk9OZEFmZHhCb0lIazA5OWxIMmhRUmlXeWxUc29UTUJ3NE84UDNrQzJMTlV2WUR1a054ZmtZZmI5X1QzcEdiMWZjM1RvM084QTdyRFVqVUJJdTdtU2s?oc=5,,Dutch lawmakers are set to consider legislation that would ban the slaughter of animals without prior stunning.,,,,,,pvdd-1,1,high,,,,
8ea21d789b1ee29372e5,2026-W41,2026-10-01,NL,ja21,JA21,far-right,site_scrape,party_document,ja21.nl,Reactie JA21 op de begrotingsdeal over links,https://ja21.nl/nieuws/artikel/reactie-ja21-op-de-begrotingsdeal-over-links,,"JA21 criticizes the minority cabinet's budget deal for choosing cooperation with left-wing parties and expresses disappointment that VVD allows this, while reaffirming their priorities of lower taxes, more security, and reduced asylum and migration.",Michiel Hoogeveen,0,JA21,"Wat er nu ligt, is voor JA21 onvoldoende.",What is now on the table is insufficient for JA21.,ja21-0,1,high,,,,
8ea21d789b1ee29372e5,2026-W41,2026-10-01,NL,ja21,JA21,far-right,site_scrape,party_document,ja21.nl,Reactie JA21 op de begrotingsdeal over links,https://ja21.nl/nieuws/artikel/reactie-ja21-op-de-begrotingsdeal-over-links,,"JA21 criticizes the minority cabinet's budget deal for choosing cooperation with left-wing parties and expresses disappointment that VVD allows this, while reaffirming their priorities of lower taxes, more security, and reduced asylum and migration.",Michiel Hoogeveen,1,JA21,"Wij zijn niet opgericht om vanaf de zijlijn te roepen, maar om concrete resultaten te bereiken.","We were not founded to shout from the sidelines, but to achieve concrete results.",ja21-0,1,high,,,,
8ea21d789b1ee29372e5,2026-W41,2026-10-01,NL,ja21,JA21,far-right,site_scrape,party_document,ja21.nl,Reactie JA21 op de begrotingsdeal over links,https://ja21.nl/nieuws/artikel/reactie-ja21-op-de-begrotingsdeal-over-links,,"JA21 criticizes the minority cabinet's budget deal for choosing cooperation with left-wing parties and expresses disappointment that VVD allows this, while reaffirming their priorities of lower taxes, more security, and reduced asylum and migration.",Michiel Hoogeveen,2,JA21,Maar ondanks onze constructieve houding kiest het kabinet nu vooral voor samenwerking over links. En de VVD laat dat gebeuren. Dat vinden wij teleurstellend.,"But despite our constructive attitude, the cabinet now mainly chooses cooperation with the left. And the VVD lets that happen. We find that disappointing.",ja21-0,1,high,,,,
d1e1de2b8f56d5aa5950,2026-W41,2026-10-02,SE,vansterpartiet,Vänsterpartiet,far-left,site_scrape,party_document,www.vansterpartiet.se,De tar plats i riksdagens utskott för Vänsterpartiet,https://www.vansterpartiet.se/nyheter/de-tar-plats-i-riksdagens-utskott-for-vansterpartiet/,,"The Left Party announced committee assignments for its parliamentary members for the upcoming term, with Nadja Awad as chair of the social insurance committee, Hawar Asaiesh as chair of the education committee, and Anfal Mahdi as vice chair of the civil committee.",Samuel Gonzalez Westling; Nadja Awad; Anfal Mahdi; Hawar Asaiesh; Andrea Andersson Tay,0,Samuel Gonzalez Westling,"Det finns väldigt mycket kunskap i gruppen och ett stort engagemang, vi har en bra känsla inför den här mandatperioden","There is a lot of knowledge in the group and great commitment, we have a good feeling about this term",vansterpartiet-4,1,high,,,,
d1e1de2b8f56d5aa5950,2026-W41,2026-10-02,SE,vansterpartiet,Vänsterpartiet,far-left,site_scrape,party_document,www.vansterpartiet.se,De tar plats i riksdagens utskott för Vänsterpartiet,https://www.vansterpartiet.se/nyheter/de-tar-plats-i-riksdagens-utskott-for-vansterpartiet/,,"The Left Party announced committee assignments for its parliamentary members for the upcoming term, with Nadja Awad as chair of the social insurance committee, Hawar Asaiesh as chair of the education committee, and Anfal Mahdi as vice chair of the civil committee.",Samuel Gonzalez Westling; Nadja Awad; Anfal Mahdi; Hawar Asaiesh; Andrea Andersson Tay,1,Nadja Awad,"I min roll som ansvarig för socialförsäkringsfrågor kommer jag att fokusera på att ingen människa ska behöva bli fattig för att man blir sjuk eller arbetslös, det är det Sverige lovar sina medborgare och det ska vi hålla. Den urholkning av våra skyddssystem som skett de senaste decennierna måste få ett stopp","In my role as responsible for social insurance issues, I will focus on ensuring that no person should have to become poor because they become sick or unemployed, that is what Sweden promises its citizens and we must keep that. The erosion of our protection systems that has occurred in recent decades must be stopped",vansterpartiet-4,1,high,,,,
d1e1de2b8f56d5aa5950,2026-W41,2026-10-02,SE,vansterpartiet,Vänsterpartiet,far-left,site_scrape,party_document,www.vansterpartiet.se,De tar plats i riksdagens utskott för Vänsterpartiet,https://www.vansterpartiet.se/nyheter/de-tar-plats-i-riksdagens-utskott-for-vansterpartiet/,,"The Left Party announced committee assignments for its parliamentary members for the upcoming term, with Nadja Awad as chair of the social insurance committee, Hawar Asaiesh as chair of the education committee, and Anfal Mahdi as vice chair of the civil committee.",Samuel Gonzalez Westling; Nadja Awad; Anfal Mahdi; Hawar Asaiesh; Andrea Andersson Tay,2,Hawar Asaiesh,Under min tid som skolpolitiker i Västerås har jag sett de förödande konsekvenserna av marknadsskolan. Nu ser jag fram emot att förändra systemet för en jämlik skola för alla barn- och unga,"During my time as education politician in Västerås, I have seen the devastating consequences of the market school. Now I look forward to changing the system for an equal school for all children and young people",vansterpartiet-4,1,high,,,,
d1e1de2b8f56d5aa5950,2026-W41,2026-10-02,SE,vansterpartiet,Vänsterpartiet,far-left,site_scrape,party_document,www.vansterpartiet.se,De tar plats i riksdagens utskott för Vänsterpartiet,https://www.vansterpartiet.se/nyheter/de-tar-plats-i-riksdagens-utskott-for-vansterpartiet/,,"The Left Party announced committee assignments for its parliamentary members for the upcoming term, with Nadja Awad as chair of the social insurance committee, Hawar Asaiesh as chair of the education committee, and Anfal Mahdi as vice chair of the civil committee.",Samuel Gonzalez Westling; Nadja Awad; Anfal Mahdi; Hawar Asaiesh; Andrea Andersson Tay,3,Andrea Andersson Tay,Den kommande mandatperioden kommer att vara avgörande för om Sverige ska lyckas nå klimatmålen. Många viktiga beslut väntar också i arbetet med att skydda och restaurera värdefull natur. Jag ser fram emot att ta mig an dessa saker som ansvarig för klimat- och miljöfrågor,The coming term will be decisive for whether Sweden will succeed in reaching the climate goals. Many important decisions also await in the work to protect and restore valuable nature. I look forward to taking on these things as responsible for climate and environmental issues,vansterpartiet-4,1,high,,,,
2b2ea253d9bc3a49ca11,2026-W41,2026-09-30,SE,vansterpartiet,Vänsterpartiet,far-left,site_scrape,party_document,www.vansterpartiet.se,Vänsterpartiet kräver omedelbart stopp för tonårsutvisningarna,https://www.vansterpartiet.se/nyheter/vansterpartiet-kraver-omedelbart-stopp-for-tonarsutvisningarna/,,"The Left Party submitted a parliamentary committee initiative on 30 September 2026 to immediately stop deportations of teenagers who grew up in Sweden but are expelled when they turn 18, proposing changes to immigration law including raising the core family age to 21 and reinstating special compassionate grounds for residence permits.",Nooshi Dadgostar; Samuel Gonzalez Westling,0,Nooshi Dadgostar,Vi gick till val på att stoppa tonårsutvisningarna och nu ska vi göra det en gång för alla,We went to the election on stopping the teenage deportations and now we will do it once and for all,vansterpartiet-0,1,high,,,,
2b2ea253d9bc3a49ca11,2026-W41,2026-09-30,SE,vansterpartiet,Vänsterpartiet,far-left,site_scrape,party_document,www.vansterpartiet.se,Vänsterpartiet kräver omedelbart stopp för tonårsutvisningarna,https://www.vansterpartiet.se/nyheter/vansterpartiet-kraver-omedelbart-stopp-for-tonarsutvisningarna/,,"The Left Party submitted a parliamentary committee initiative on 30 September 2026 to immediately stop deportations of teenagers who grew up in Sweden but are expelled when they turn 18, proposing changes to immigration law including raising the core family age to 21 and reinstating special compassionate grounds for residence permits.",Nooshi Dadgostar; Samuel Gonzalez Westling,1,Samuel Gonzalez Westling,Det måste gå snabbt. Vi har inte tid att vänta in den allmänna motionstiden eller en ny regering. Framför allt har inte dessa ungdomar den här tiden. Förra mandatperioden stoppades våra förslag eftersom vi inte hade majoritet. Nu har vi det,"It must go quickly. We don't have time to wait for the general motion period or a new government. Above all, these young people don't have this time. Last term our proposals were stopped because we didn't have a majority. Now we do",vansterpartiet-0,1,high,,,,
55080c246240b8a33e68,2026-W41,2026-10-02,FI,vasemmistoliitto,Vasemmistoliitto,far-left,press,press_characterisation,Daily Finland,"Govt, Häkkänen survive no-confidence motions - Daily Finland",https://news.google.com/rss/articles/CBMinAFBVV95cUxNdGt4c1BJUW4tdzdCTmJJZEhVazFRMmZvRUtrWmtselV1djV5aG1qR0dfTTJzaWxMQTc2TVVKR3JKbkQ4TFhyN2FtSU9hUG5QRHlyUlRTMDc0dGZybk9HZWlsUEREeVN2ZVN1SnRkZlh4d2lzSXV4aTNKMEVFSmphSmlHLV9tWlowTHNQSXBMclZ5TG1zUzBFMWdvTDc?oc=5,,The Finnish government and Minister Häkkänen survived no-confidence motions in parliament.,,,,,,vasemmistoliitto-2,1,high,,,,
4c0c2c46d1526d62a006,2026-W41,2026-10-02,IT,fdi,FdI,far-right,site_scrape,party_document,www.fratelli-italia.it,Carburante: nuovi sconti per settore agricolo e pesca,https://www.fratelli-italia.it/carburante-lollobrigida-bignami-nuovi-sconti-per-settore-agricolo-e-pesca/,,"Minister Francesco Lollobrigida announced new fuel discounts of approximately 20% for the agricultural and fishing sectors through an agreement with Eni, adding to existing government measures including tax credits and excise cuts.",Francesco Lollobrigida; Giorgia Meloni,0,Francesco Lollobrigida,"Voglio ringraziare Eni per aver compreso fino in fondo la necessità di sostenere il nostro settore produttivo primario, per quanto possibile, con una tariffa di accesso al carburante che permetta di continuare a svolgere il prezioso compito di custodi dell'ambiente e della sicurezza alimentare italiana.","I want to thank Eni for having fully understood the need to support our primary productive sector, as much as possible, with a fuel access rate that allows them to continue performing the precious task of guardians of the environment and Italian food security.",fdi-7,1,high,,,,
4c0c2c46d1526d62a006,2026-W41,2026-10-02,IT,fdi,FdI,far-right,site_scrape,party_document,www.fratelli-italia.it,Carburante: nuovi sconti per settore agricolo e pesca,https://www.fratelli-italia.it/carburante-lollobrigida-bignami-nuovi-sconti-per-settore-agricolo-e-pesca/,,"Minister Francesco Lollobrigida announced new fuel discounts of approximately 20% for the agricultural and fishing sectors through an agreement with Eni, adding to existing government measures including tax credits and excise cuts.",Francesco Lollobrigida; Giorgia Meloni,1,Francesco Lollobrigida,"La riduzione dei prezzi, garantita grazie alla scelta dell'azienda, permette alle imprese agricole e della pesca di ottenere uno sconto di circa il 20% sulle tariffe attuali.","The price reduction, guaranteed thanks to the company's choice, allows agricultural and fishing enterprises to obtain a discount of approximately 20% on current rates.",fdi-7,1,high,,,,
4c0c2c46d1526d62a006,2026-W41,2026-10-02,IT,fdi,FdI,far-right,site_scrape,party_document,www.fratelli-italia.it,Carburante: nuovi sconti per settore agricolo e pesca,https://www.fratelli-italia.it/carburante-lollobrigida-bignami-nuovi-sconti-per-settore-agricolo-e-pesca/,,"Minister Francesco Lollobrigida announced new fuel discounts of approximately 20% for the agricultural and fishing sectors through an agreement with Eni, adding to existing government measures including tax credits and excise cuts.",Francesco Lollobrigida; Giorgia Meloni,2,Francesco Lollobrigida,"L'azione del presidente Meloni si conferma capace di utilizzare al meglio le risorse pubbliche e di coinvolgere a protezione del sistema produttivo il settore privato e, nella totale loro autonomia gestionale e decisionale, le grandi aziende partecipate.","President Meloni's action confirms itself capable of making the best use of public resources and involving the private sector and, in their total managerial and decision-making autonomy, large state-owned companies in protecting the productive system.",fdi-7,1,high,,,,
8feafe51cdaf1dad9fb9,2026-W41,2026-10-02,IT,fdi,FdI,far-right,site_scrape,party_document,www.fratelli-italia.it,"Migranti: sì ad hub in Paesi terzi, Ue adotta linea italiana",https://www.fratelli-italia.it/migranti-si-ad-hub-in-paesi-terzi-ue-adotta-linea-italiana/,,"Brothers of Italy representatives claim vindication as the EU Council approves new return regulations including hubs in third countries, stating this validates Italy's Albania centers approach and proves the left wrong about their legality.",Sara Kelany; Riccardo Zucconi; Giorgia Meloni,0,Sara Kelany,"Con il via libera definitivo del Consiglio dell'Ue alle nuove norme per i rimpatri gli Stati avranno a disposizione strumenti più efficaci per rendere effettivo il rientro degli immigrati irregolari che non hanno diritto a restare nell'Ue, in particolar modo quelli che rappresentano un rischio per la sicurezza.","With the final approval by the EU Council of the new rules for returns, states will have more effective tools to make the return of irregular immigrants who have no right to remain in the EU effective, especially those who represent a security risk.",fdi-6,1,high,,,,
8feafe51cdaf1dad9fb9,2026-W41,2026-10-02,IT,fdi,FdI,far-right,site_scrape,party_document,www.fratelli-italia.it,"Migranti: sì ad hub in Paesi terzi, Ue adotta linea italiana",https://www.fratelli-italia.it/migranti-si-ad-hub-in-paesi-terzi-ue-adotta-linea-italiana/,,"Brothers of Italy representatives claim vindication as the EU Council approves new return regulations including hubs in third countries, stating this validates Italy's Albania centers approach and proves the left wrong about their legality.",Sara Kelany; Riccardo Zucconi; Giorgia Meloni,1,Sara Kelany,"La sinistra che sosteneva che i centri in Albania fossero contrari al diritto Ue, quindi, ha preso l'ennesima cantonata: erano talmente 'illegittimi' che ora è la stessa Ue che propone di realizzarli.",The left that claimed the centers in Albania were contrary to EU law has therefore made yet another blunder: they were so 'illegitimate' that now the EU itself proposes to create them.,fdi-6,1,high,,,,
8feafe51cdaf1dad9fb9,2026-W41,2026-10-02,IT,fdi,FdI,far-right,site_scrape,party_document,www.fratelli-italia.it,"Migranti: sì ad hub in Paesi terzi, Ue adotta linea italiana",https://www.fratelli-italia.it/migranti-si-ad-hub-in-paesi-terzi-ue-adotta-linea-italiana/,,"Brothers of Italy representatives claim vindication as the EU Council approves new return regulations including hubs in third countries, stating this validates Italy's Albania centers approach and proves the left wrong about their legality.",Sara Kelany; Riccardo Zucconi; Giorgia Meloni,2,Sara Kelany,L'Italia ha dimostrato che si può bloccare l'immigrazione illegale e che subire i flussi migratori gestiti da trafficanti senza scrupoli non è un destino ineluttabile: con Giorgia Meloni abbiamo indicato la rotta in Europa.,Italy has demonstrated that illegal immigration can be blocked and that suffering migratory flows managed by unscrupulous traffickers is not an inescapable fate: with Giorgia Meloni we have set the course in Europe.,fdi-6,1,high,,,,
8feafe51cdaf1dad9fb9,2026-W41,2026-10-02,IT,fdi,FdI,far-right,site_scrape,party_document,www.fratelli-italia.it,"Migranti: sì ad hub in Paesi terzi, Ue adotta linea italiana",https://www.fratelli-italia.it/migranti-si-ad-hub-in-paesi-terzi-ue-adotta-linea-italiana/,,"Brothers of Italy representatives claim vindication as the EU Council approves new return regulations including hubs in third countries, stating this validates Italy's Albania centers approach and proves the left wrong about their legality.",Sara Kelany; Riccardo Zucconi; Giorgia Meloni,3,Riccardo Zucconi,"L'Europa ha deciso di seguire il percorso coraggioso iniziato dal governo Meloni, adottandone la traiettoria e la visione strategica.","Europe has decided to follow the courageous path initiated by the Meloni government, adopting its trajectory and strategic vision.",fdi-6,1,high,,,,
1ee35acc7328b74a1ab3,2026-W41,2026-10-01,IT,fdi,FdI,far-right,site_scrape,party_document,www.fratelli-italia.it,"Sanità: 800 nuove prestazioni, governo aggiorna livelli essenziali",https://www.fratelli-italia.it/sanita-800-nuove-prestazioni-governo-aggiorna-livelli-essenziali/,,"Brothers of Italy senators praised the Meloni government's publication of updated Essential Levels of Assistance (LEA) adding approximately 800 new healthcare services to Italy's National Health Service, crediting Health Minister Schillaci for completing a long-awaited reform covering prevention, oncology, rare diseases, and chronic conditions.",Giovanni Satta; Francesco Ciancitto; Orazio Schillaci; Giorgia Meloni,0,Giovanni Satta,"Con la pubblicazione in Gazzetta Ufficiale dei nuovi Lea, il Servizio sanitario nazionale compie un decisivo passo avanti. L'inserimento di circa 800 nuove prestazioni, servizi e terapie, insieme al superamento di quelle ormai obsolete, consente di adeguare l'offerta sanitaria ai progressi della medicina e alle nuove esigenze dei cittadini.","With the publication in the Official Gazette of the new LEAs, the National Health Service takes a decisive step forward. The inclusion of approximately 800 new services, treatments and therapies, together with the elimination of those now obsolete, allows the healthcare offering to be adapted to medical progress and the new needs of citizens.",fdi-5,1,high,,,,
1ee35acc7328b74a1ab3,2026-W41,2026-10-01,IT,fdi,FdI,far-right,site_scrape,party_document,www.fratelli-italia.it,"Sanità: 800 nuove prestazioni, governo aggiorna livelli essenziali",https://www.fratelli-italia.it/sanita-800-nuove-prestazioni-governo-aggiorna-livelli-essenziali/,,"Brothers of Italy senators praised the Meloni government's publication of updated Essential Levels of Assistance (LEA) adding approximately 800 new healthcare services to Italy's National Health Service, crediting Health Minister Schillaci for completing a long-awaited reform covering prevention, oncology, rare diseases, and chronic conditions.",Giovanni Satta; Francesco Ciancitto; Orazio Schillaci; Giorgia Meloni,1,Giovanni Satta,"Dopo anni di sostanziale immobilismo, il governo Meloni, grazie anche al prezioso lavoro del ministro Schillaci, porta a compimento un aggiornamento atteso da tempo.","After years of substantial immobility, the Meloni government, thanks also to the valuable work of Minister Schillaci, completes a long-awaited update.",fdi-5,1,high,,,,
1ee35acc7328b74a1ab3,2026-W41,2026-10-01,IT,fdi,FdI,far-right,site_scrape,party_document,www.fratelli-italia.it,"Sanità: 800 nuove prestazioni, governo aggiorna livelli essenziali",https://www.fratelli-italia.it/sanita-800-nuove-prestazioni-governo-aggiorna-livelli-essenziali/,,"Brothers of Italy senators praised the Meloni government's publication of updated Essential Levels of Assistance (LEA) adding approximately 800 new healthcare services to Italy's National Health Service, crediting Health Minister Schillaci for completing a long-awaited reform covering prevention, oncology, rare diseases, and chronic conditions.",Giovanni Satta; Francesco Ciancitto; Orazio Schillaci; Giorgia Meloni,2,Francesco Ciancitto,L'aggiornamento dei Livelli essenziali di assistenza rappresenta un passo importante per rendere il Servizio sanitario nazionale più moderno e vicino ai bisogni dei cittadini.,The update of the Essential Levels of Assistance represents an important step to make the National Health Service more modern and closer to the needs of citizens.,fdi-5,1,high,,,,
3c29b32163136654b27e,2026-W41,2026-09-30,IT,fdi,FdI,far-right,site_scrape,party_document,www.fratelli-italia.it,Rai: riforma rende servizio pubblico moderno e plurale,https://www.fratelli-italia.it/rai-riforma-rende-servizio-pubblico-moderno-e-plurale/,,"Brothers of Italy members of the RAI oversight commission welcomed committee approval of RAI reform legislation that restructures governance to give Parliament 4 of 7 board seats, employees 1 seat, and the Ministry of Economy only 2 seats, claiming this reverses the 2015 Renzi law's executive control and aligns with European Media Freedom Act requirements.",Fratelli d'Italia,0,Fratelli d'Italia,Accogliamo con soddisfazione l'approvazione in Commissione della riforma della Rai. Si tratta di un passaggio storico che finalmente sana un vulnus aperto oltre dieci anni fa con la legge Renzi e che il centrosinistra quando era al governo non ha mai voluto riformare.,We welcome with satisfaction the committee approval of the RAI reform. This is a historic step that finally heals a wound opened over ten years ago with the Renzi law and that the center-left when in government never wanted to reform.,fdi-4,1,high,,,,
3c29b32163136654b27e,2026-W41,2026-09-30,IT,fdi,FdI,far-right,site_scrape,party_document,www.fratelli-italia.it,Rai: riforma rende servizio pubblico moderno e plurale,https://www.fratelli-italia.it/rai-riforma-rende-servizio-pubblico-moderno-e-plurale/,,"Brothers of Italy members of the RAI oversight commission welcomed committee approval of RAI reform legislation that restructures governance to give Parliament 4 of 7 board seats, employees 1 seat, and the Ministry of Economy only 2 seats, claiming this reverses the 2015 Renzi law's executive control and aligns with European Media Freedom Act requirements.",Fratelli d'Italia,1,Fratelli d'Italia,"Con le nuove norme, non sarà più l'esecutivo a decidere l'Amministratore Delegato in solitaria, bensì il Consiglio di amministrazione nella sua piena ed esclusiva autonomia statutaria.","With the new rules, it will no longer be the executive deciding the CEO alone, but rather the Board of Directors in its full and exclusive statutory autonomy.",fdi-4,1,high,,,,
3c29b32163136654b27e,2026-W41,2026-09-30,IT,fdi,FdI,far-right,site_scrape,party_document,www.fratelli-italia.it,Rai: riforma rende servizio pubblico moderno e plurale,https://www.fratelli-italia.it/rai-riforma-rende-servizio-pubblico-moderno-e-plurale/,,"Brothers of Italy members of the RAI oversight commission welcomed committee approval of RAI reform legislation that restructures governance to give Parliament 4 of 7 board seats, employees 1 seat, and the Ministry of Economy only 2 seats, claiming this reverses the 2015 Renzi law's executive control and aligns with European Media Freedom Act requirements.",Fratelli d'Italia,2,Fratelli d'Italia,"Il Parlamento esprimerà 4 consiglieri su 7, 1 consigliere sarà indicato direttamente dai dipendenti dell'azienda, mentre il Ministero dell'Economia e delle Finanze, nella sua veste tecnica di azionista pubblico, ne designerà soltanto 2.","Parliament will appoint 4 out of 7 board members, 1 board member will be indicated directly by company employees, while the Ministry of Economy and Finance, in its technical role as public shareholder, will designate only 2.",fdi-4,1,high,,,,
54c1d875f69624be75b0,2026-W41,2026-09-30,IT,fdi,FdI,far-right,site_scrape,party_document,www.fratelli-italia.it,Pubblica amministrazione: decreto rafforza efficienza e qualità dei servizi,https://www.fratelli-italia.it/pubblica-amministrazione-decreto-rafforza-efficienza-e-qualita-dei-servizi/,,"Brothers of Italy senators announce final approval of a public administration decree that extends municipal reporting deadlines, creates a 187.5 million euro fund for disability and poverty support, reserves up to 20% of public sector positions for flexible contract workers, restores vacation pay indemnities, and authorizes 500 additional State Police hires.",Paola Mancini; Francesco Zaffini; Giorgia Meloni,0,Paola Mancini,Con l'approvazione definitiva del decreto Pa il Governo Meloni e la maggioranza mantengono un impegno preso con i territori.,"With the final approval of the PA decree, the Meloni Government and the majority keep a commitment made to the territories.",fdi-3,1,high,,,,
54c1d875f69624be75b0,2026-W41,2026-09-30,IT,fdi,FdI,far-right,site_scrape,party_document,www.fratelli-italia.it,Pubblica amministrazione: decreto rafforza efficienza e qualità dei servizi,https://www.fratelli-italia.it/pubblica-amministrazione-decreto-rafforza-efficienza-e-qualita-dei-servizi/,,"Brothers of Italy senators announce final approval of a public administration decree that extends municipal reporting deadlines, creates a 187.5 million euro fund for disability and poverty support, reserves up to 20% of public sector positions for flexible contract workers, restores vacation pay indemnities, and authorizes 500 additional State Police hires.",Paola Mancini; Francesco Zaffini; Giorgia Meloni,1,Paola Mancini,"Il nuovo fondo da 187,5 milioni presso il Ministero del Lavoro sosterrà almeno 5.000 persone con disabilità e 25.000 in grave deprivazione materiale.","The new fund of 187.5 million at the Ministry of Labor will support at least 5,000 people with disabilities and 25,000 in severe material deprivation.",fdi-3,1,high,,,,
54c1d875f69624be75b0,2026-W41,2026-09-30,IT,fdi,FdI,far-right,site_scrape,party_document,www.fratelli-italia.it,Pubblica amministrazione: decreto rafforza efficienza e qualità dei servizi,https://www.fratelli-italia.it/pubblica-amministrazione-decreto-rafforza-efficienza-e-qualita-dei-servizi/,,"Brothers of Italy senators announce final approval of a public administration decree that extends municipal reporting deadlines, creates a 187.5 million euro fund for disability and poverty support, reserves up to 20% of public sector positions for flexible contract workers, restores vacation pay indemnities, and authorizes 500 additional State Police hires.",Paola Mancini; Francesco Zaffini; Giorgia Meloni,2,Paola Mancini,"Nei concorsi indetti entro il 2027, le amministrazioni potranno riservare fino al 20 per cento dei posti a chi ha lavorato per loro almeno tre anni negli ultimi cinque con contratti flessibili.","In competitions announced by 2027, administrations will be able to reserve up to 20 percent of positions for those who have worked for them at least three years in the last five with flexible contracts.",fdi-3,1,high,,,,
411529f42580b7235ac4,2026-W41,2026-09-30,IT,fdi,FdI,far-right,site_scrape,party_document,www.fratelli-italia.it,Università: riforma consiglio nazionale migliora rappresentanza componenti,https://www.fratelli-italia.it/universita-riforma-consiglio-nazionale-migliora-rappresentanza-componenti/,,"Brothers of Italy Senator Ella Bucalo announced the approval of a reform to the National University Council (CUN) that updates its composition and representation, including a Brothers of Italy amendment specifying election procedures for academic representatives and increasing student representation from 13.7% to 18.4%.",Ella Bucalo,0,Ella Bucalo,"Con l'approvazione della riforma del Consiglio Universitario Nazionale si aggiorna un organismo centrale per il sistema universitario italiano, adeguandone composizione, rappresentanza e funzioni all'evoluzione dell'università degli ultimi anni.","With the approval of the reform of the National University Council, a central body for the Italian university system is updated, adapting its composition, representation and functions to the evolution of universities in recent years.",fdi-2,1,high,,,,
411529f42580b7235ac4,2026-W41,2026-09-30,IT,fdi,FdI,far-right,site_scrape,party_document,www.fratelli-italia.it,Università: riforma consiglio nazionale migliora rappresentanza componenti,https://www.fratelli-italia.it/universita-riforma-consiglio-nazionale-migliora-rappresentanza-componenti/,,"Brothers of Italy Senator Ella Bucalo announced the approval of a reform to the National University Council (CUN) that updates its composition and representation, including a Brothers of Italy amendment specifying election procedures for academic representatives and increasing student representation from 13.7% to 18.4%.",Ella Bucalo,1,Ella Bucalo,"In questo quadro si inserisce l'emendamento di Fratelli d'Italia a mia firma, approvato, con il quale abbiamo precisato che, per ciascuna delle 14 aree disciplinari, viene eletto un professore ordinario e un secondo rappresentante scelto tra professori associati e ricercatori universitari, compresi quelli a tempo determinato.","In this framework, the Brothers of Italy amendment signed by me, which was approved, specifies that for each of the 14 disciplinary areas, a full professor is elected and a second representative chosen from associate professors and university researchers, including those on fixed-term contracts.",fdi-2,1,high,,,,
411529f42580b7235ac4,2026-W41,2026-09-30,IT,fdi,FdI,far-right,site_scrape,party_document,www.fratelli-italia.it,Università: riforma consiglio nazionale migliora rappresentanza componenti,https://www.fratelli-italia.it/universita-riforma-consiglio-nazionale-migliora-rappresentanza-componenti/,,"Brothers of Italy Senator Ella Bucalo announced the approval of a reform to the National University Council (CUN) that updates its composition and representation, including a Brothers of Italy amendment specifying election procedures for academic representatives and increasing student representation from 13.7% to 18.4%.",Ella Bucalo,2,Ella Bucalo,"Un'attenzione particolare è stata dedicata anche alla componente studentesca: i rappresentanti passano da otto a sette, ma il loro peso all'interno del Cun cresce dal 13,7% al 18,4%.","Particular attention has also been paid to the student component: representatives go from eight to seven, but their weight within the CUN increases from 13.7% to 18.4%.",fdi-2,1,high,,,,
84f5b48e436ae3333df9,2026-W41,2026-09-30,IT,fdi,FdI,far-right,site_scrape,party_document,www.fratelli-italia.it,Droga: stretta su furti fentanyl e allerta per cannabis potenziata,https://www.fratelli-italia.it/droga-stretta-su-furti-fentanyl-e-allerta-per-cannabis-potenziata/,,"Undersecretary to the Prime Minister Alfredo Mantovano announced a new Health Ministry circular published in the Official Gazette establishing security rules for fentanyl custody in healthcare facilities after 39 thefts occurred from the start of 2025 to August, and warned about increased THC potency in cannabis rising from 1.5-2% to an average of 30%.",Alfredo Mantovano,0,Alfredo Mantovano,"Per questo è stata pubblicata sulla Gazzetta ufficiale una circolare del Ministero della Salute che supera la frammentazione della gestione del fenomeno e muta la prospettiva: fissa una serie di regole per la sicurezza, la custodia e la tracciabilità","For this reason a circular from the Ministry of Health has been published in the Official Gazette that overcomes the fragmentation of managing the phenomenon and changes the perspective: it establishes a series of rules for security, custody and traceability",fdi-1,1,high,,,,
84f5b48e436ae3333df9,2026-W41,2026-09-30,IT,fdi,FdI,far-right,site_scrape,party_document,www.fratelli-italia.it,Droga: stretta su furti fentanyl e allerta per cannabis potenziata,https://www.fratelli-italia.it/droga-stretta-su-furti-fentanyl-e-allerta-per-cannabis-potenziata/,,"Undersecretary to the Prime Minister Alfredo Mantovano announced a new Health Ministry circular published in the Official Gazette establishing security rules for fentanyl custody in healthcare facilities after 39 thefts occurred from the start of 2025 to August, and warned about increased THC potency in cannabis rising from 1.5-2% to an average of 30%.",Alfredo Mantovano,1,Alfredo Mantovano,"Continua a essere sottovalutata la pericolosità delle droghe cosiddette leggere, senza comprendere che in passato il Thc, il principio attivo della cannabis, era presente a una percentuale media dell'1,5-2 per cento. Oggi è arrivato alla media del 30","The danger of so-called light drugs continues to be underestimated, without understanding that in the past THC, the active ingredient of cannabis, was present at an average percentage of 1.5-2 percent. Today it has reached an average of 30",fdi-1,1,high,,,,
84f5b48e436ae3333df9,2026-W41,2026-09-30,IT,fdi,FdI,far-right,site_scrape,party_document,www.fratelli-italia.it,Droga: stretta su furti fentanyl e allerta per cannabis potenziata,https://www.fratelli-italia.it/droga-stretta-su-furti-fentanyl-e-allerta-per-cannabis-potenziata/,,"Undersecretary to the Prime Minister Alfredo Mantovano announced a new Health Ministry circular published in the Official Gazette establishing security rules for fentanyl custody in healthcare facilities after 39 thefts occurred from the start of 2025 to August, and warned about increased THC potency in cannabis rising from 1.5-2% to an average of 30%.",Alfredo Mantovano,2,Alfredo Mantovano,"Dalla relazione annuale del Dipartimento Antidroga della Presidenza del Consiglio risulta che nella fascia di età 15-19 anni, 37 ragazzi su 100 dichiarano di aver assunto sostanze stupefacenti almeno una volta nella loro vita, e 25 di averlo fatto nell'ultimo anno","From the annual report of the Anti-Drug Department of the Presidency of the Council it emerges that in the 15-19 age group, 37 out of 100 young people declare having taken drugs at least once in their life, and 25 having done so in the last year",fdi-1,1,high,,,,
c966205925c24635354f,2026-W41,2026-09-29,IT,fdi,FdI,far-right,site_scrape,party_document,www.fratelli-italia.it,Covid: con Arcuri clamorose falle e sperpero denaro pubblico,https://www.fratelli-italia.it/covid-con-arcuri-clamorose-falle-e-sperpero-denaro-pubblico/,,"Brothers of Italy deputy Francesco Filini criticized former Covid commissioner Domenico Arcuri's management during a Covid commission hearing, highlighting successor General Figliuolo's testimony about discontinuing large contracts, intermediaries, and advance payments that characterized Arcuri's tenure, including 1.25 billion euros spent on 800 million masks.",Francesco Filini,0,Francesco Filini,"Le più clamorose falle della gestione della pandemia di Covid da parte della struttura commissariale di Domenico Arcuri sono emerse oggi, in tutta la loro gravità, durante l'audizione in commissione Covid del generale Francesco Paolo Figliuolo, successore di Arcuri alla guida della struttura commissariale.","The most glaring failures in the management of the Covid pandemic by Domenico Arcuri's commissarial structure emerged today, in all their gravity, during the Covid commission hearing of General Francesco Paolo Figliuolo, Arcuri's successor as head of the commissarial structure.",fdi-0,1,high,,,,
c966205925c24635354f,2026-W41,2026-09-29,IT,fdi,FdI,far-right,site_scrape,party_document,www.fratelli-italia.it,Covid: con Arcuri clamorose falle e sperpero denaro pubblico,https://www.fratelli-italia.it/covid-con-arcuri-clamorose-falle-e-sperpero-denaro-pubblico/,,"Brothers of Italy deputy Francesco Filini criticized former Covid commissioner Domenico Arcuri's management during a Covid commission hearing, highlighting successor General Figliuolo's testimony about discontinuing large contracts, intermediaries, and advance payments that characterized Arcuri's tenure, including 1.25 billion euros spent on 800 million masks.",Francesco Filini,1,Francesco Filini,Perché Arcuri non seguì questa elementare prassi considerando che maneggiava rilevanti cifre di soldi pubblici?,Why did Arcuri not follow this elementary practice considering that he was handling significant amounts of public money?,fdi-0,1,high,,,,
61dec255e67728389812,2026-W41,2026-10-04,IT,lega,Lega,far-right,site_scrape,party_document,legaonline.it,La Settimana Leghista #39 - Lega per Salvini Premier,https://legaonline.it/la-settimana-leghista-39/,,"The League newsletter announces parliamentary approval of their resolution to increase military presence in cities to 10,000 units, proposes a European Parliament resolution to list the Muslim Brotherhood as a terrorist organization, announces six new repatriation centers, defends a mayor who suspended citizenship for a Moroccan woman over language requirements, and sets October 24-25 in Milan for an extraordinary party congress.",Matteo Salvini; Eugenio Zoffili; Anna Maria Cisint; Susanna Ceccardi; Silvia Sardone; Matteo Piantedosi; Marco Schiesaro; Giuseppe Valditara,0,Matteo Salvini,"Diecimila. Dopo mesi di insulti, di minacce, di polemiche, ce l'abbiamo finalmente fatta. Con la sinistra bla bla, con la Lega si fa.","Ten thousand. After months of insults, threats, controversies, we finally did it. With the left blah blah, with the League it gets done.",lega-6,1,high,,,,
61dec255e67728389812,2026-W41,2026-10-04,IT,lega,Lega,far-right,site_scrape,party_document,legaonline.it,La Settimana Leghista #39 - Lega per Salvini Premier,https://legaonline.it/la-settimana-leghista-39/,,"The League newsletter announces parliamentary approval of their resolution to increase military presence in cities to 10,000 units, proposes a European Parliament resolution to list the Muslim Brotherhood as a terrorist organization, announces six new repatriation centers, defends a mayor who suspended citizenship for a Moroccan woman over language requirements, and sets October 24-25 in Milan for an extraordinary party congress.",Matteo Salvini; Eugenio Zoffili; Anna Maria Cisint; Susanna Ceccardi; Silvia Sardone; Matteo Piantedosi; Marco Schiesaro; Giuseppe Valditara,1,Matteo Salvini,In Italia nessuna applicazione dell'eurofollia delle 'case green'. C'è da chiedersi su quale pianeta vivano i burocrati di Bruxelles e se abbiano la minima idea delle difficoltà che devono affrontare famiglie e imprese.,In Italy no application of the euro-madness of 'green homes'. One has to wonder on what planet the Brussels bureaucrats live and whether they have the slightest idea of the difficulties that families and businesses must face.,lega-6,1,high,,,,
61dec255e67728389812,2026-W41,2026-10-04,IT,lega,Lega,far-right,site_scrape,party_document,legaonline.it,La Settimana Leghista #39 - Lega per Salvini Premier,https://legaonline.it/la-settimana-leghista-39/,,"The League newsletter announces parliamentary approval of their resolution to increase military presence in cities to 10,000 units, proposes a European Parliament resolution to list the Muslim Brotherhood as a terrorist organization, announces six new repatriation centers, defends a mayor who suspended citizenship for a Moroccan woman over language requirements, and sets October 24-25 in Milan for an extraordinary party congress.",Matteo Salvini; Eugenio Zoffili; Anna Maria Cisint; Susanna Ceccardi; Silvia Sardone; Matteo Piantedosi; Marco Schiesaro; Giuseppe Valditara,2,Matteo Salvini,Nessuna intenzione di imporre alle famiglie italiane una nuova stangata europea da decine di migliaia di euro. La casa degli italiani non si tocca.,No intention of imposing on Italian families a new European blow of tens of thousands of euros. Italian homes are not to be touched.,lega-6,1,high,,,,
61dec255e67728389812,2026-W41,2026-10-04,IT,lega,Lega,far-right,site_scrape,party_document,legaonline.it,La Settimana Leghista #39 - Lega per Salvini Premier,https://legaonline.it/la-settimana-leghista-39/,,"The League newsletter announces parliamentary approval of their resolution to increase military presence in cities to 10,000 units, proposes a European Parliament resolution to list the Muslim Brotherhood as a terrorist organization, announces six new repatriation centers, defends a mayor who suspended citizenship for a Moroccan woman over language requirements, and sets October 24-25 in Milan for an extraordinary party congress.",Matteo Salvini; Eugenio Zoffili; Anna Maria Cisint; Susanna Ceccardi; Silvia Sardone; Matteo Piantedosi; Marco Schiesaro; Giuseppe Valditara,3,"Anna Maria Cisint, Susanna Ceccardi, Silvia Sardone",L'allarme rosso è stato lanciato dalle intelligence di mezza Europa: a rischio c'è la tenuta delle nostre istituzioni democratiche.,Red alert has been launched by the intelligence services of half of Europe: at risk is the stability of our democratic institutions.,lega-6,1,high,,,,
61dec255e67728389812,2026-W41,2026-10-04,IT,lega,Lega,far-right,site_scrape,party_document,legaonline.it,La Settimana Leghista #39 - Lega per Salvini Premier,https://legaonline.it/la-settimana-leghista-39/,,"The League newsletter announces parliamentary approval of their resolution to increase military presence in cities to 10,000 units, proposes a European Parliament resolution to list the Muslim Brotherhood as a terrorist organization, announces six new repatriation centers, defends a mayor who suspended citizenship for a Moroccan woman over language requirements, and sets October 24-25 in Milan for an extraordinary party congress.",Matteo Salvini; Eugenio Zoffili; Anna Maria Cisint; Susanna Ceccardi; Silvia Sardone; Matteo Piantedosi; Marco Schiesaro; Giuseppe Valditara,4,League,"Bene l'avvio dell'iter per sei nuovi CPR sul territorio nazionale annunciato dal ministro Piantedosi. Per la Lega, i CPR sono uno strumento imprescindibile per contrastare l'immigrazione clandestina e rendere effettive le espulsioni.","Good news on the start of the process for six new repatriation centers on national territory announced by Minister Piantedosi. For the League, repatriation centers are an indispensable tool to combat illegal immigration and make expulsions effective.",lega-6,1,high,,,,
61dec255e67728389812,2026-W41,2026-10-04,IT,lega,Lega,far-right,site_scrape,party_document,legaonline.it,La Settimana Leghista #39 - Lega per Salvini Premier,https://legaonline.it/la-settimana-leghista-39/,,"The League newsletter announces parliamentary approval of their resolution to increase military presence in cities to 10,000 units, proposes a European Parliament resolution to list the Muslim Brotherhood as a terrorist organization, announces six new repatriation centers, defends a mayor who suspended citizenship for a Moroccan woman over language requirements, and sets October 24-25 in Milan for an extraordinary party congress.",Matteo Salvini; Eugenio Zoffili; Anna Maria Cisint; Susanna Ceccardi; Silvia Sardone; Matteo Piantedosi; Marco Schiesaro; Giuseppe Valditara,5,Matteo Salvini,Mi stupisce chi in questi giorni parla di razzismo. L'ottimo sindaco di Cadoneghe ha semplicemente fatto rispettare la legge.,I am surprised by those who these days speak of racism. The excellent mayor of Cadoneghe simply enforced the law.,lega-6,1,high,,,,
61dec255e67728389812,2026-W41,2026-10-04,IT,lega,Lega,far-right,site_scrape,party_document,legaonline.it,La Settimana Leghista #39 - Lega per Salvini Premier,https://legaonline.it/la-settimana-leghista-39/,,"The League newsletter announces parliamentary approval of their resolution to increase military presence in cities to 10,000 units, proposes a European Parliament resolution to list the Muslim Brotherhood as a terrorist organization, announces six new repatriation centers, defends a mayor who suspended citizenship for a Moroccan woman over language requirements, and sets October 24-25 in Milan for an extraordinary party congress.",Matteo Salvini; Eugenio Zoffili; Anna Maria Cisint; Susanna Ceccardi; Silvia Sardone; Matteo Piantedosi; Marco Schiesaro; Giuseppe Valditara,6,Eugenio Zoffili,Oggi raggiungiamo un traguardo storico e concreto: portare subito da 6.800 a 10.000 unità il contingente impegnato nell'operazione Strade Sicure.,"Today we reach a historic and concrete milestone: immediately bringing the contingent engaged in Operation Safe Streets from 6,800 to 10,000 units.",lega-6,1,high,,,,
7d3ee16d76867ad76ba9,2026-W41,2026-10-02,IT,lega,Lega,far-right,press,press_characterisation,Brussels Signal,Patriots.eu takes European Parliament to court over ‘double standard’ in party funding - Brussels Signal,https://news.google.com/rss/articles/CBMiuwFBVV95cUxOU25JcXVfRG1OYmtRR2tEYS02YW00ck40SU43cFlEaW5ubm9Bam5GdjdCbHNFSVZIX0pHRTIwWjJrTEcyLWZVbDNseUlBMWJsVGVMTHAtODJya1ROVlRSSmJ4ZWFZOEVfcDZTMTQ3U0xJTUdvbC04cnNjWF9XZFluM0FvS2tsVnprSEdaU0xTNDhpWU9DRnFiRk16MlRxcFk4MGhDTFBiV3ZzVVdKOEhWWURLb1pZTG9JRG9r?oc=5,,Patriots.eu has taken legal action against the European Parliament over alleged double standards in party funding.,Patriots.eu,,,,,lega-4,1,high,,,,
94e2da10fade460a31e7,2026-W41,2026-10-01,IT,lega,Lega,far-right,press,press_characterisation,Agenzia Nova,"Infrastructure, Salvini: In the Council of Ministers I asked for eight billion, we need it by 2026 - Agenzia Nova",https://news.google.com/rss/articles/CBMi0gFBVV95cUxOeTM0cFlfOWd3STlacm5paUhSQUZ4VTB1S3lWV1cyYjRyV01YeVhxNkpJNGNnVU1sR2hxOWpBemlhbWZmZXRjcy1oNFhNWFhGTDh4VWl6M0Qzb0NGam14XzZQSjNzMThTc1htc2ZhR0JHaU5Hcm00OG9TTVhpX29JUVVSV1ZvdDh4X1FPVm84dVR0WkNROW1pamM4bWlZcjBfZzVpSWp4M2xydXFnWHJVYjR5WTg4dDBYU0l6TlFVOGVUTDBxZ1dHTUphcGdURmxMZ2c?oc=5,,"Matteo Salvini requested eight billion euros for infrastructure in the Council of Ministers, stating the funding is needed by 2026.",Matteo Salvini,,,,,lega-3,1,high,,,,
9765be2a0ca19bf94ccc,2026-W41,2026-10-01,IT,lega,Lega,far-right,press,press_characterisation,ilfoglio.it,The two-faced Salvini: Romeo is considering standing as a candidate if there is a secret ballot - ilfoglio.it,https://news.google.com/rss/articles/CBMi6gFBVV95cUxQc19DVVc0UFpkaXBSc1lkbi1IX3VtY0k4TGxnenloR3VvX21Ld083aW9hMUU5bGMyODdhcmhSQjkwRzUzazRaN2FPTWRXQndYOF9hT0k1c1hNUHV2amUzWkFKSF8zZHFfZ2FtTlQ0VGRLLUZ0ZzJlcGEtTWVLSmJqZzRsYkJJVG9tVkNmOU4yYkFpemNMcEJ3REtWMFZNX3VLZDlobGF1NEs0ckh4NEl6UGlyWDN1V1lRWUExTUsybGRaRFN5eGp4UXdNVXZ5TlAzOTJCV3drSmRiYVFvTFlGS0pia204ZlJhUFE?oc=5,,"League senator Massimiliano Romeo is reportedly considering standing as a candidate in a secret ballot, suggesting internal party tensions with leader Matteo Salvini.",Massimiliano Romeo; Matteo Salvini,,,,,lega-2,1,high,,,,
43abe21a9866e7f7afc6,2026-W41,2026-09-30,IT,lega,Lega,far-right,press,press_characterisation,ilfoglio.it,Even the date of Salvini’s party conference is a farce - ilfoglio.it,https://news.google.com/rss/articles/CBMiswFBVV95cUxOa0V2STBBeWpxRGJBdy1kLWFXam5raW41Z3l0V2ZWQ2h0QlIzSnJyaDJjWC1pNGswMUJxTmg4S182NGFxdlRKWGZ5Q2lBOUE4VnZPdXozZGw2YXNxQ3ZxSXUzS1hFM0k4VXRFQVkwU1dRbjhEd0R3a0JtdV9sbDBqeVl5VFJKbjFzZDV3M3ZSRGQ3NE1Bd2ZMdklUaXlKRmhWUDdqZ0pfYTd1TVNMbEdmd055SQ?oc=5,,"The League's party conference date has been announced, though the source characterizes the timing as problematic or farcical.",Matteo Salvini,,,,,lega-0,1,high,,,,
5d36cf99003db0635a09,2026-W41,2026-10-03,ES,vox,Vox,far-right,press,press_characterisation,El Constitucional,"Yolanda Díaz points to Feijóo, Abascal and Nogueras after the defeat of the housing decrees and assures that the left is ""absolutely"" prepared for the polls - El Constitucional",https://news.google.com/rss/articles/CBMitgJBVV95cUxOYlBZdVNkWkVrcExDcjI5Y2lncWdWOWhCYWxRSVNJNllzRW82MXRnYkdlZm9hWFl6R2M2RHhsN3dmdjgzWnpkS19YV2liY3l1MEFVYUlOcVBmeEE5YVRzMU5iVDg3TjkzRElRa1JTNVFoMWFfeFVRd2VDdlpNT3VKcHpHZTdIRGx6S2Y1cW10T0JKOVVTT0tNV0ZsZmRBTkZOSHJqSnhDSGtNNHFXUU9PNGx0ckpmbGN1b1RtaFZOcFJHeXZVeXVGNFZPcmdnQldQRXlRZHY0S2ZGNFB1aHRrUzlfODBEMWpoY2FQRFVFWGlMQ2s1Y01aVW5DZDFyc3VSbTNWYnhDdDdiaV95LUhWYW5XMW5xeTY3RzAySDk1QXJCTDgxNHA4WmpiNVZlWVZ0NFpMeGRB?oc=5,,"Yolanda Díaz criticized Feijóo, Abascal, and Nogueras following the parliamentary defeat of housing decrees and stated the left is prepared for elections.",Santiago Abascal; Yolanda Díaz,,,,,vox-1,1,high,,,,
c233301d5f669a244db5,2026-W41,2026-10-04,ES,podemos,Podemos,far-left,press,press_reported_speech,El Constitucional,"Ione Belarra asks the Government for an ""ambitious"" housing decree ""every month"": ""People don't want elections, they want solutions"" - El Constitucional",https://news.google.com/rss/articles/CBMijAJBVV95cUxNYzRUR1U0bWUzeHFmZnpOUi1ERE1QOWc1X0xaMURDLVNQeW1kaWdPcURfTlhZamtObDIwOVlQektYLUtQTXZqR0xSMDcyMU1DdElvLW1JUFo0WFhwRVgzVVBnNDhBYURMX19PbXZUd25GQ0hzYkVtQWx0T21kR3pyZkszZDZoYUZIOGFHN2plTVhVVUpZeElONFJtZmRVT2MyNW01SHJxRnloanI2c1dzUktwNFhIU0YzdHp2cHhiZUpFaDNBbi1EOWlpams1a29UQ1FSMXhjc2VIR0w2d3kzazJYNEpuMlQ0Vk1uMHZnYXhGUlVzZk1ab01IcDBRcExnSDNid05TNkJaekZr?oc=5,,"Ione Belarra of We Can called on the Spanish Government to issue an ambitious housing decree every month, stating that people want solutions rather than elections.",Ione Belarra,0,Ione Belarra,"La gente no quiere elecciones, quiere soluciones","People don't want elections, they want solutions",podemos-2,1,high,,,,
3def1db45bc6402ea51d,2026-W41,2026-10-05,GB,reformuk,Reform UK,far-right,press,press_characterisation,afp.com,UK Tories eye revival as hard-right Reform stumbles - afp.com,https://news.google.com/rss/articles/CBMie0FVX3lxTE9meW1pczhjYlZmSjFVU0JWbFVDMXRFRXZiZ2t1ZmoxNEExaTNWQi1SVVY2Zy1mU1FDYXdLTTJfbmxvbV80WlhjODdYOTdFTjhvd1R0alQtaXRuazFXc0J6Tld0bkpIVXBaaGs3bDJCdDhrWHY2Y3B2TG5JMA?oc=5,,Reform UK is reportedly experiencing difficulties while the Conservative Party sees an opportunity for revival.,,,,,,reformuk-4,1,high,,,,
75b1defe4bc5074529f3,2026-W41,2026-10-05,GB,reformuk,Reform UK,far-right,press,press_characterisation,Financial Times,Reform UK’s Robert Jenrick faces fresh accusation from campaign donor - Financial Times,https://news.google.com/rss/articles/CBMihAFBVV95cUxQQnluRFd1dXNhSFYwOV9kemxwS2M4S19ZRGF6REg1eDVBSEdqSkR3eXJNbFRVUDlkWmVVUkNRUkhRU1FwXzMxSDFKWmRkcGZYZEtzS1hrUnlhWE1Ja2FoVUdpSWZGeXAtT1BXX214OWhjOEJ3RFJpWFMwcnBxNFlIT1ZBRmU?oc=5,,Robert Jenrick of Reform UK faces a fresh accusation from a campaign donor according to Financial Times reporting.,Robert Jenrick,,,,,reformuk-3,1,high,,,,
057554993e44031d2619,2026-W41,2026-10-03,GB,reformuk,Reform UK,far-right,press,press_reported_speech,The Times,Nigel Farage: ‘£72m donations? I think people were quite impressed’ - The Times,https://news.google.com/rss/articles/CBMiowFBVV95cUxQUkFlbDhEdWN1dDNJVHJBX0ZUcjJ6VkhORDRVOVpmQlNSWlZzWjl3WW1MUFItVm1HRHVrN3pLQXo4Unpsd1R6a3Rla2NoUlJXLUhUa1VDVFhTY0gtOEhTMklKYWlvcGpNUnRmR1ZBRk5wcVJScm5MMFFOX0tzcW5XanJkeHAtMHZCQ2dva3QwLTlzeUJCUTdsR1VXTnEtRzVhYjdB?oc=5,,"Nigel Farage commented on Reform UK receiving £72 million in donations, stating he believes people were impressed by the figure.",Nigel Farage,0,Nigel Farage,£72m donations? I think people were quite impressed,£72m donations? I think people were quite impressed,reformuk-0,1,high,,,,
5bdfd83afb341b6eeee4,2026-W41,2026-10-04,GB,restorebritain,Restore Britain,far-right,press,press_characterisation,The National Scot,Rupert Lowe claims Restore Britain has overtaken Reform in Scottish members - The National Scot,https://news.google.com/rss/articles/CBMipwFBVV95cUxQX0YwM3dUTTVaZnFGOWU0clBmSkRyb3UxdzFCaVk2anQyWkcyN2gycWhlOWlFZGhTR09iY2EteG9kN0FtV19hUzh5RXNKUGlGc2h2b183MGZHaVVVTEZhN0dEZUU0clFCQWRXTy1pdjFTOEZDNG9oeEx2SU9rYThNVFF3NWNBTjktY3MxRE5ob3JOcmNlOHE3eGFRUndJeVVFRXNhTVhiVQ?oc=5,,Rupert Lowe claimed that Restore Britain has surpassed Reform UK in membership numbers in Scotland.,Rupert Lowe,,,,,restorebritain-1,1,high,,,,
9aec8ec5701517564e4c,2026-W41,2026-10-04,GB,restorebritain,Restore Britain,far-right,press,press_reported_speech,The Telegraph,Restore activist claims ‘Jewish ideas ruined country’ - The Telegraph,https://news.google.com/rss/articles/CBMiqAFBVV95cUxQeTcxek5lUTlXZUFacU9SWVNmZnAtVWdRcmFJMHlEY0dEQzRpNGZKcE83dG5RcC02X0lObEJTUTJza1pPZ3Q0anFOMDlsTC1taGZjdE03bGtReDlXcHlfYnNqVU1KTGFaQ2locUVhNVJHaWgtN2NsdFFDdEpDeExUcjRDajRVamxnVXFCSjlWdWFmZ3ZxYThFSS1rRzBzRDUtNWphSk5xMmc?oc=5,,A Restore Britain activist allegedly claimed that 'Jewish ideas ruined country' according to The Telegraph reporting.,Restore Britain activist (unnamed),0,Restore Britain activist (unnamed),Jewish ideas ruined country,Jewish ideas ruined country,restorebritain-0,1,high,,,,
a29fc658b3b647227956,2026-W41,2026-10-04,GB,wpb,WPB,far-left,press,press_characterisation,Fars,Thousands Rally in South Africa for Palestine as British Politician Leads Protest - Fars,https://news.google.com/rss/articles/CBMiywFBVV95cUxNeXc0VlEzXzZtZXFhNDFyNkJucWQ3TTJMMlNsbFRMNU9TTUltXzVMOGdsd0V6TGRPUzNrMHFHUEM3d1BUSjNmSlNMc0VaQTRIVTVlLVpaUEtxbFBxaTBJV2lLbXhUUlNlb0JJcDZlODRZTWs0dWh1MGtaazJjTWVhTGJHbmtJMjZXMllBdzhNOFhuUjFQckJoUF9yMG40X3NDRktMOTJZemFyNk1RaXpwV1V1MkcxUC1DZ2FzbHEwUFdWLTk1cXl5cHR0Zw?oc=5,,A British politician led a protest rally of thousands in South Africa in support of Palestine.,,,,,,wpb-1,1,high,,,,
6d6805495d5d5d2b29d8,2026-W41,2026-10-04,GB,wpb,WPB,far-left,press,press_characterisation,IOL,IN PICS | Thousands join Galloway and Ridley at Cape Town Palestine march - IOL,https://news.google.com/rss/articles/CBMisgFBVV95cUxPVGZyRkhxYTFrTGYwNGh5eDRHX3FFV2MtbHJHY3ppRXhrX3NRVHNtTHVmNmQyTEEtQWVtSDg1a1Jnanh1dk5NbVN3SHhVaERvdlpYVWpWWG1INVNDcVkwdER6aGNjZ0JRbjd3Z3ZYbVJhSDYtRXFHTDEteURxRVhHVXVmbnMtZnJmUUhYZ0k3TjRiMEt1NjNfdVZBZzkyMzJxZVh6MW40ZDAzMUZ2RjBpc1V3?oc=5,,George Galloway participated in a Palestine solidarity march in Cape Town attended by thousands of people.,George Galloway,,,,,wpb-0,1,high,,,,
37b64f2f6807c365105b,2026-W41,2026-10-05,GB,greenparty,Green Party,far-left,press,press_characterisation,turkiyetoday.com,Israel bars UK Green Party leader after ‘Zionism is racism’ policy - turkiyetoday.com,https://news.google.com/rss/articles/CBMiqwFBVV95cUxOTjlKSkhodnZoNjhJZmZIWWM3WDd3YVBKM0l2dktrWG9TMHdqUFJoTHFCTGVMc01Sand4bUxFSi1UVjNXZkNaak9jR2YzaEFTR2xNZmRIcl9JWi1BSzAwVUxSV1dERTU3OHRLb2R4SFVvb2NTQmp3clp0a2xHazNTakZWNXVkcm41UE9PbEZ4V2xwZ3BkRWpzT0VaVDVyQ2tjeDVpQTUyakIxTDQ?oc=5,,Israel has barred the UK Green Party leader from entry following the party's adoption of a policy characterizing Zionism as racism.,Green Party of England and Wales,,,,,greenparty-7,1,high,,,,
c413750161eefa022a58,2026-W41,2026-10-05,GB,greenparty,Green Party,far-left,press,press_characterisation,Muslim Network TV,Israel bars British Green Party leader over ‘Zionism is racism’ policy - Muslim Network TV,https://news.google.com/rss/articles/CBMinwFBVV95cUxQN1lNaWFiaUh6VWlQOVlBa2J1c09aSVVKQmxVNDg4cGRqaWlVZ0FyODB5S3RmdWRoaURqTHpfZXFfb3FnRVI0YjBZTFN1QklNbjB0YTZnYjc4ZkIxQjNTemdncExZWWNlUm1pQkw5TWdHV1ZoTjFRYTV6a2k0LXFfMGlUVkJVSUl3elFaeGpCMkpfZkhDMnVUMHhpaDZoZUE?oc=5,,Israel has barred the British Green Party leader from entry over the party's policy characterizing Zionism as racism.,Green Party of England and Wales leader,,,,,greenparty-6,1,high,,,,
1db0cf7fa993a6e31cad,2026-W41,2026-10-05,GB,greenparty,Green Party,far-left,press,press_characterisation,وكالة الأنباء السورية – سانا,Britain’s Green Party votes to define Zionism as form of racism - وكالة الأنباء السورية – سانا,https://news.google.com/rss/articles/CBMiTEFVX3lxTFBKVEczSFV6bnNkQmljNWN6LU1nWHRxN3piTF9TeWhQck9pUHpzdTRyMm5uWGk2ZVhvenNyeTd3UlNHbWZHVWloeWZTNl8?oc=5,,The Green Party of England and Wales voted to define Zionism as a form of racism.,Green Party of England and Wales,,,,,greenparty-5,1,high,,,,
de5d0d74e96292b8b53a,2026-W41,2026-10-05,GB,greenparty,Green Party,far-left,press,press_characterisation,Yeni Şafak English,Israel bars UK Green Party leader over 'Zionism is racism' policy - Yeni Şafak English,https://news.google.com/rss/articles/CBMilwFBVV95cUxNVFIzOWVldS1PaXFDbHg1cGEzVjNlYVlaYkhPODR1UTdjVmhpVXU5SVVhVGFsaWdLYll4NEJOaTE0Z2RVblNfaXNoNHFkWHhQdjVhVUxZbHpEaDVUR3JtNThLRGMzeVJEOHNsaThzZVhYWmlmUHRpV3hkcmpfN3ZpY19ZaUJHZ2tuT1U3NzFibVFPY0xyalBN?oc=5,,Israel has barred the UK Green Party leader from entry over the party's policy equating Zionism with racism.,Green Party of England and Wales leader,,,,,greenparty-4,1,high,,,,
076a61425bed60e2571c,2026-W41,2026-10-05,GB,greenparty,Green Party,far-left,press,press_characterisation,Combat Antisemitism Movement,'A Disturbing Inversion of Values': CAM Denounces UK Green Party's Adoption of 'Zionism Is Racism' Resolution - Combat Antisemitism Movement,https://news.google.com/rss/articles/CBMi4wFBVV95cUxNLXc0YzExTEYzOVlWSXpsdVh3YjZDcWk2TFBuNVRjWjB2UTBsZHZGLVp3eTN2WTl4OE11TE5fT1B0THlEOG1nVXA5WTdUWjEzUHdzNmlsRlFQdkNTS0thMFdZMUR0VExFb0FSZnNYd2J6TVVCNlNrdDJTQkdCSDdnd1NKcUxaTFl0Tlg0YzRTT1liYzRDOGo1Z1RaOU9mcXRQU2JudnhEeWhVNlMxOERPenJQcXV3cmZTQU5OZXBtQWJHMVFESFFkdGhtLVlYUk51QlhHaHhjQzNCQi1hTi02YkNtYw?oc=5,,"The Green Party of England and Wales adopted a resolution characterizing Zionism as racism, prompting denunciation from the Combat Antisemitism Movement.",Green Party of England and Wales,,,,,greenparty-3,1,high,,,,
d549dba484662f37d1f6,2026-W41,2026-10-05,GB,greenparty,Green Party,far-left,press,press_characterisation,The Jewish Chronicle,Greens pass ‘Zionism is racism’ motion leaving Jewish members shocked and in tears over ‘betrayal’ - The Jewish Chronicle,https://news.google.com/rss/articles/CBMi0wFBVV95cUxOazczX1hBOTZtLWdjSnl3MUh5WUprX045N2ZVaDAtZTZCZmZQQjNJbEM2bDNXeEVNc1duMVNsRDk2TG5JUGNDSGdGMUloQ2RDLVYzWkU2R203Sk9ObTNfNHctdk9mUWFvSnNKcHRqZFl5UEREb01UUFNDREFHNkhXLW5vcHVyYWhKc1FFTHJNZkRYa1Bhc25tU1RsTVhWT3FKRjgyRjBueTJCMVhtZWR1eTU4NGpvbXd0THE4MFpkcWRNQU4wUGNLaGlGaVVadXVrcUdn?oc=5,,"The Green Party of England and Wales passed a motion characterising Zionism as racism, reportedly causing distress among Jewish party members.",Green Party of England and Wales,,,,,greenparty-2,1,high,,,,
4158677e40d51995fea2,2026-W41,2026-10-05,GB,greenparty,Green Party,far-left,press,press_characterisation,The Economist,World in Brief: Britain’s Greens adopt an anti-Zionist policy; Merz warns about Russia’s “war machine” - The Economist,https://news.google.com/rss/articles/CBMilwFBVV95cUxOSXoxV0RXMHhNNzBZUFp1TVlNcnpYejJTUWNqZnpoZWI2MDRZRl9ZSUF6Zzh2NWYxWkFiSFltZUNMOUZNaTRJVlVyMkc2OS1QY2xlNlR2b2RlM3dKc1lFNGhvUGRtY0ZIbS1MeHlXQzZjb2hjakRseWRoczJibmlFRF9MYmh2c2tVd3pXUGZ0bnlkMS0wekJR?oc=5,,The Green Party of England and Wales adopted an anti-Zionist policy.,Green Party of England and Wales,,,,,greenparty-1,1,high,,,,
1d5fa6243c9e55c6da38,2026-W41,2026-10-05,GB,greenparty,Green Party,far-left,press,press_characterisation,centraljersey.com,"Greens Vote to Treat Zionism as Racism, With Leader Polanski Absent - centraljersey.com",https://news.google.com/rss/articles/CBMipwFBVV95cUxQVXNiZVVoUkQxNWlYdmhqYzhLaE9ybUtrSkFFaXJUempHaWNYWG5hUjB4NE5IZjRuVk9zdmlQRzhuWk91MEVoS19NQVlHQXk2VUJ6akZxZHFIaG1YOVR0ZUM1RE9palNaR3d2VUtpYmV5bFgtTUtxYnc0TzNkZGg3N2NMa3FtTm9kZDdZUGYxallSR25kOXZNcFVvdjJpbEtQM0U3dFl0bw?oc=5,,The Green Party of England and Wales voted to treat Zionism as racism in a decision where party leader Polanski was absent.,Polanski,,,,,greenparty-0,1,high,,,,
748c95458bf0c8b67571,2026-W41,2026-10-05,GB,cpb,CPB,far-left,press,press_characterisation,idcommunism.com,“They shall not pass”: British Communists join thousands in Cable Street anti-fascist march - idcommunism.com,https://news.google.com/rss/articles/CBMiyAFBVV95cUxNdzM4bS01em1ramZKYk1nTmVqZWR5RnVoREMya2pLQVBTd0g0OUdIOUNGM2luelFCbGY1eVMyZHBUb1EzZTk5ZkdqdGFlT0ZvbjJBTnprdzJ6aVVJZU9tTXA4ZnRydEdpZWZmX3gyamJycV9tcHBRM3BwTUZjemlkWGhZZl8zWmllcDhEY1F6ZlNwdW5OT3FxYzZvelBJekVHOEZMZmR0MTlQa2JmRDNvOVctLXM0eTNyYThGNHNsbDJXdGVOZ3pCMA?oc=5,,The Communist Party of Britain participated in a mass anti-fascist march commemorating the historic Cable Street confrontation.,Communist Party of Britain,,,,,cpb-2,1,high,,,,
8c19682ab0c7067b4cde,2026-W41,2026-10-02,PT,pcp,PCP,far-left,site_scrape,party_document,www.pcp.pt,Partido Comunista Português,https://www.pcp.pt/defender-criancas-pais-construir-um-portugal-com-futuro,,"PCP Secretary-General Paulo Raimundo announced a series of parliamentary bills and resolutions at the party's parliamentary conference focused on children's and parents' rights, including proposals for a public crèche network, universal child benefit restoration, and workplace protections for working parents.",Paulo Raimundo,0,Paulo Raimundo,pela primeira vez e pela mão do PCP umas jornadas parlamentares foram inteiramente dedicadas aos direitos dos pais e das crianças,"for the first time and by the hand of the PCP, parliamentary conference days were entirely dedicated to the rights of parents and children",pcp-4,1,high,,,,
8c19682ab0c7067b4cde,2026-W41,2026-10-02,PT,pcp,PCP,far-left,site_scrape,party_document,www.pcp.pt,Partido Comunista Português,https://www.pcp.pt/defender-criancas-pais-construir-um-portugal-com-futuro,,"PCP Secretary-General Paulo Raimundo announced a series of parliamentary bills and resolutions at the party's parliamentary conference focused on children's and parents' rights, including proposals for a public crèche network, universal child benefit restoration, and workplace protections for working parents.",Paulo Raimundo,1,Paulo Raimundo,"Avançaremos, mais uma vez, com o projecto de lei de criação da rede pública de creches, que visa a criação de 100 mil vagas nos próximos quatro anos","We will advance, once again, with the bill to create a public crèche network, which aims to create 100,000 places over the next four years",pcp-4,1,high,,,,
8c19682ab0c7067b4cde,2026-W41,2026-10-02,PT,pcp,PCP,far-left,site_scrape,party_document,www.pcp.pt,Partido Comunista Português,https://www.pcp.pt/defender-criancas-pais-construir-um-portugal-com-futuro,,"PCP Secretary-General Paulo Raimundo announced a series of parliamentary bills and resolutions at the party's parliamentary conference focused on children's and parents' rights, including proposals for a public crèche network, universal child benefit restoration, and workplace protections for working parents.",Paulo Raimundo,2,Paulo Raimundo,"o PCP apresentará um projecto de lei que visa a comparticipação a 100% na aquisição de óculos, lentes, aparelhos ortodônticos ou de material ortopédico para as crianças e jovens até aos 18 anos","the PCP will present a bill that aims for 100% co-payment in the acquisition of glasses, lenses, orthodontic appliances or orthopedic material for children and young people up to 18 years old",pcp-4,1,high,,,,
8c19682ab0c7067b4cde,2026-W41,2026-10-02,PT,pcp,PCP,far-left,site_scrape,party_document,www.pcp.pt,Partido Comunista Português,https://www.pcp.pt/defender-criancas-pais-construir-um-portugal-com-futuro,,"PCP Secretary-General Paulo Raimundo announced a series of parliamentary bills and resolutions at the party's parliamentary conference focused on children's and parents' rights, including proposals for a public crèche network, universal child benefit restoration, and workplace protections for working parents.",Paulo Raimundo,3,Paulo Raimundo,não vamos desistir como vamos insistir pela gratuitidade dos livros de fichas e das refeições escolares,we will not give up and we will insist on free workbooks and school meals,pcp-4,1,high,,,,
f9ee0b24c27a4747a69d,2026-W41,2026-09-30,PT,pcp,PCP,far-left,site_scrape,party_document,www.pcp.pt,Partido Comunista Português,https://www.pcp.pt/credito-habitacao-pcp-propoe-proteger-familias-travar-lucros-da-banca,,Paula Santos of the Portuguese Communist Party delivered a parliamentary intervention proposing measures to protect families from housing credit costs and limit banking profits.,Paula Santos,,,,,pcp-3,1,high,,,,
b5f8548aff0610ac06cd,2026-W41,2026-09-30,PT,pcp,PCP,far-left,site_scrape,party_document,www.pcp.pt,Partido Comunista Português,https://www.pcp.pt/antigos-combatentes-pcp-propoe-complemento-vitalicio-de-pensao-pensao-minima-de-dignidade,,PCP deputy Alfredo Maia intervened in the Assembly of the Republic plenary session proposing a lifelong pension supplement and minimum dignity pension for former combatants.,Alfredo Maia,,,,,pcp-2,1,high,,,,
9f765fe578d4d4f87833,2026-W41,2026-09-30,PT,pcp,PCP,far-left,site_scrape,party_document,www.pcp.pt,Partido Comunista Português,https://www.pcp.pt/defender-direito-habitacao-proteger-inquilinos-pcp-apresenta-alteracao-ao-regime-do-arrendamento,,The Portuguese Communist Party presented amendments to the Urban Rental Regime in the Assembly of the Republic to defend the right to housing and protect tenants.,Paula Santos,,,,,pcp-1,1,high,,,,
ca3062668ad1e5798153,2026-W41,2026-09-29,PT,pcp,PCP,far-left,site_scrape,party_document,www.pcp.pt,Partido Comunista Português,https://www.pcp.pt/romper-com-injusticas-exigir-aumento-intercalar-de-pensoes,,"Paulo Raimundo, Secretary-General of the Portuguese Communist Party, held a public session in Barreiro demanding an intercalary increase in pensions and breaking with injustices affecting pensioners.",Paulo Raimundo,,,,,pcp-0,1,high,,,,
8cfb3e1ad10066aec105,2026-W41,2026-10-03,PT,pcp,PCP,far-left,press,press_characterisation,Morning Star | The People’s Daily,Portuguese communists take forward their festival of culture and solidarity - Morning Star | The People’s Daily,https://news.google.com/rss/articles/CBMisgFBVV95cUxNZmRZQThTcmFnLXlWalZvS29YTmhtUmRXMmpUZXFkSjdicWxnQjdWODh5N0xFbTZyenFpVmxBQnFsWGVlbFlKZWhJUDIxU1hBV09ydnJmbEVleWdDTE04clB2NUFjZWZWblVMdllMTHpELWVNSFpEVTRuRjc4aWo3N2RDQUhudnNyZWNjaVpjUWxBU2h2aFVJd3djanozMHFpcVhxY1BGWHp5YzBQMVV1UUFB?oc=5,,The Portuguese Communist Party is organizing or continuing its festival of culture and solidarity.,Portuguese Communist Party,,,,,pcp-5,1,high,,,,
f124bd47e76af0d195f9,2026-W41,2026-10-05,DK,danskfolkeparti,Danish People's Party,far-right,press,press_characterisation,The Copenhagen Post,Govt reintroduces citizenship bill - The Copenhagen Post,https://news.google.com/rss/articles/CBMihgFBVV95cUxPN01aUFh4eV9vcUxFOUZJR1FwUG9ONjVXSng0YkFreDNxUE8xVzAxOWVOYS0xTGNadld0LVQyOHYzLWZ6WTlIeDdXYVJla1o5U3g3UTI3WHN0N2VxU3VPWmp2V19xdnVkSTg1bllmcWZvZzNyb0lsZWFfVHpvYTBRcHQ1REVqZw?oc=5,,The Danish government has reintroduced a citizenship bill.,,,,,,danskfolkeparti-2,1,high,,,,
4da40d04a784969cb8d9,2026-W41,2026-10-02,IE,pbp,People Before Profit,far-left,site_scrape,party_document,www.pbp.ie,Alternative Budget 2027,https://www.pbp.ie/alternative-budget-2027/,,"People Before Profit launched their Alternative Budget 2027 on 2 October 2026, proposing to tax multi-millionaires to create an affordable Ireland and criticizing the Fianna Fáil and Fine Gael government's Budget 2026 for removing cost-of-living supports and increasing student fees.",Paul Murphy; Richard Boyd Barrett; Hazel De Nortuin; Conor Reddy,0,People Before Profit,"Recently it was found that the supermajority of people in the Ireland (95%) would have been better off under our Alternative Budget than the Government's or parties like Sinn Féin, Labour or Social Democrats.","Recently it was found that the supermajority of people in the Ireland (95%) would have been better off under our Alternative Budget than the Government's or parties like Sinn Féin, Labour or Social Democrats.",pbp-3,1,high,,,,
c04353bc887aa482b601,2026-W41,2026-10-02,IE,pbp,People Before Profit,far-left,site_scrape,party_document,www.pbp.ie,"People Before Profit launch Alternative Budget 2027 - ""For an Affordable Ireland - Tax the Multi-Millionaires""",https://www.pbp.ie/people-before-profit-launch-alternative-budget-2027-for-an-affordable-ireland-tax-the-multi-millionaires/,,"People Before Profit launched their Alternative Budget 2027 at Buswells Hotel proposing to raise €45 billion through wealth taxes on multi-millionaires, higher corporation tax, and a financial transactions tax to fund public sector pay increases, housing, free childcare and education, and climate measures.",Richard Boyd Barrett; Conor Reddy; Paul Murphy,0,Richard Boyd Barrett,Today we launch our alternative Budget 2027 proposals 'For an Affordable Ireland - Tax the Multi-millionaires'.,Today we launch our alternative Budget 2027 proposals 'For an Affordable Ireland - Tax the Multi-millionaires'.,pbp-2,1,high,,,,
c04353bc887aa482b601,2026-W41,2026-10-02,IE,pbp,People Before Profit,far-left,site_scrape,party_document,www.pbp.ie,"People Before Profit launch Alternative Budget 2027 - ""For an Affordable Ireland - Tax the Multi-Millionaires""",https://www.pbp.ie/people-before-profit-launch-alternative-budget-2027-for-an-affordable-ireland-tax-the-multi-millionaires/,,"People Before Profit launched their Alternative Budget 2027 at Buswells Hotel proposing to raise €45 billion through wealth taxes on multi-millionaires, higher corporation tax, and a financial transactions tax to fund public sector pay increases, housing, free childcare and education, and climate measures.",Richard Boyd Barrett; Conor Reddy; Paul Murphy,1,Richard Boyd Barrett,"We now have 11 billionaires in Ireland who have more wealth than 3,500,000 people combined.","We now have 11 billionaires in Ireland who have more wealth than 3,500,000 people combined.",pbp-2,1,high,,,,
c04353bc887aa482b601,2026-W41,2026-10-02,IE,pbp,People Before Profit,far-left,site_scrape,party_document,www.pbp.ie,"People Before Profit launch Alternative Budget 2027 - ""For an Affordable Ireland - Tax the Multi-Millionaires""",https://www.pbp.ie/people-before-profit-launch-alternative-budget-2027-for-an-affordable-ireland-tax-the-multi-millionaires/,,"People Before Profit launched their Alternative Budget 2027 at Buswells Hotel proposing to raise €45 billion through wealth taxes on multi-millionaires, higher corporation tax, and a financial transactions tax to fund public sector pay increases, housing, free childcare and education, and climate measures.",Richard Boyd Barrett; Conor Reddy; Paul Murphy,2,Richard Boyd Barrett,"Budget 2026 was a disaster for workers and families, and people with disabilities were left €1,400 worse off.","Budget 2026 was a disaster for workers and families, and people with disabilities were left €1,400 worse off.",pbp-2,1,high,,,,
c04353bc887aa482b601,2026-W41,2026-10-02,IE,pbp,People Before Profit,far-left,site_scrape,party_document,www.pbp.ie,"People Before Profit launch Alternative Budget 2027 - ""For an Affordable Ireland - Tax the Multi-Millionaires""",https://www.pbp.ie/people-before-profit-launch-alternative-budget-2027-for-an-affordable-ireland-tax-the-multi-millionaires/,,"People Before Profit launched their Alternative Budget 2027 at Buswells Hotel proposing to raise €45 billion through wealth taxes on multi-millionaires, higher corporation tax, and a financial transactions tax to fund public sector pay increases, housing, free childcare and education, and climate measures.",Richard Boyd Barrett; Conor Reddy; Paul Murphy,3,Richard Boyd Barrett,"We propose radical plans to widen the tax base through a multi-millionaires tax and by introducing a financial translations tax. We also propose to introduce higher income tax rates for very high earners, and increase the effective corporation tax rate to 20%.","We propose radical plans to widen the tax base through a multi-millionaires tax and by introducing a financial translations tax. We also propose to introduce higher income tax rates for very high earners, and increase the effective corporation tax rate to 20%.",pbp-2,1,high,,,,
c04353bc887aa482b601,2026-W41,2026-10-02,IE,pbp,People Before Profit,far-left,site_scrape,party_document,www.pbp.ie,"People Before Profit launch Alternative Budget 2027 - ""For an Affordable Ireland - Tax the Multi-Millionaires""",https://www.pbp.ie/people-before-profit-launch-alternative-budget-2027-for-an-affordable-ireland-tax-the-multi-millionaires/,,"People Before Profit launched their Alternative Budget 2027 at Buswells Hotel proposing to raise €45 billion through wealth taxes on multi-millionaires, higher corporation tax, and a financial transactions tax to fund public sector pay increases, housing, free childcare and education, and climate measures.",Richard Boyd Barrett; Conor Reddy; Paul Murphy,4,Richard Boyd Barrett,"These measures alone would raise an additional €45 billion, which is more than enough to pay public sector workers a 10% increase, end poverty for people with disabilities, abolish third-level and childcare fees, and triple spending on public housing.","These measures alone would raise an additional €45 billion, which is more than enough to pay public sector workers a 10% increase, end poverty for people with disabilities, abolish third-level and childcare fees, and triple spending on public housing.",pbp-2,1,high,,,,
c04353bc887aa482b601,2026-W41,2026-10-02,IE,pbp,People Before Profit,far-left,site_scrape,party_document,www.pbp.ie,"People Before Profit launch Alternative Budget 2027 - ""For an Affordable Ireland - Tax the Multi-Millionaires""",https://www.pbp.ie/people-before-profit-launch-alternative-budget-2027-for-an-affordable-ireland-tax-the-multi-millionaires/,,"People Before Profit launched their Alternative Budget 2027 at Buswells Hotel proposing to raise €45 billion through wealth taxes on multi-millionaires, higher corporation tax, and a financial transactions tax to fund public sector pay increases, housing, free childcare and education, and climate measures.",Richard Boyd Barrett; Conor Reddy; Paul Murphy,5,Richard Boyd Barrett,"The surging popularity of Die Linke in Germany, the DSA in the United States and Mélenchon in France shows a growing appetite for radical and socialist change across the world. That appetite exists here too and our proposals are a response to that.","The surging popularity of Die Linke in Germany, the DSA in the United States and Mélenchon in France shows a growing appetite for radical and socialist change across the world. That appetite exists here too and our proposals are a response to that.",pbp-2,1,high,,,,
c04353bc887aa482b601,2026-W41,2026-10-02,IE,pbp,People Before Profit,far-left,site_scrape,party_document,www.pbp.ie,"People Before Profit launch Alternative Budget 2027 - ""For an Affordable Ireland - Tax the Multi-Millionaires""",https://www.pbp.ie/people-before-profit-launch-alternative-budget-2027-for-an-affordable-ireland-tax-the-multi-millionaires/,,"People Before Profit launched their Alternative Budget 2027 at Buswells Hotel proposing to raise €45 billion through wealth taxes on multi-millionaires, higher corporation tax, and a financial transactions tax to fund public sector pay increases, housing, free childcare and education, and climate measures.",Richard Boyd Barrett; Conor Reddy; Paul Murphy,6,Conor Reddy,"Ordinary people are under enormous financial strain and need support. We are proposing a range of measures to tackle the cost of living crisis, including a €500 electricity credit for every household funded by an electricity consumption levy on data centres.","Ordinary people are under enormous financial strain and need support. We are proposing a range of measures to tackle the cost of living crisis, including a €500 electricity credit for every household funded by an electricity consumption levy on data centres.",pbp-2,1,high,,,,
c04353bc887aa482b601,2026-W41,2026-10-02,IE,pbp,People Before Profit,far-left,site_scrape,party_document,www.pbp.ie,"People Before Profit launch Alternative Budget 2027 - ""For an Affordable Ireland - Tax the Multi-Millionaires""",https://www.pbp.ie/people-before-profit-launch-alternative-budget-2027-for-an-affordable-ireland-tax-the-multi-millionaires/,,"People Before Profit launched their Alternative Budget 2027 at Buswells Hotel proposing to raise €45 billion through wealth taxes on multi-millionaires, higher corporation tax, and a financial transactions tax to fund public sector pay increases, housing, free childcare and education, and climate measures.",Richard Boyd Barrett; Conor Reddy; Paul Murphy,7,Paul Murphy,"Despite the unfolding catastrophe, the government refuses to take the anti-capitalist measures necessary to reduce emissions and reduce energy and transport costs for people.","Despite the unfolding catastrophe, the government refuses to take the anti-capitalist measures necessary to reduce emissions and reduce energy and transport costs for people.",pbp-2,1,high,,,,
c04353bc887aa482b601,2026-W41,2026-10-02,IE,pbp,People Before Profit,far-left,site_scrape,party_document,www.pbp.ie,"People Before Profit launch Alternative Budget 2027 - ""For an Affordable Ireland - Tax the Multi-Millionaires""",https://www.pbp.ie/people-before-profit-launch-alternative-budget-2027-for-an-affordable-ireland-tax-the-multi-millionaires/,,"People Before Profit launched their Alternative Budget 2027 at Buswells Hotel proposing to raise €45 billion through wealth taxes on multi-millionaires, higher corporation tax, and a financial transactions tax to fund public sector pay increases, housing, free childcare and education, and climate measures.",Richard Boyd Barrett; Conor Reddy; Paul Murphy,8,Paul Murphy,Our budget also includes a proposal for the acquisition of 500 additional electric buses and for the hiring of the bus workers needed to get these buses on the road.,Our budget also includes a proposal for the acquisition of 500 additional electric buses and for the hiring of the bus workers needed to get these buses on the road.,pbp-2,1,high,,,,
a5d1e3f1b4d23cb03824,2026-W41,2026-10-02,IE,pbp,People Before Profit,far-left,site_scrape,party_document,www.pbp.ie,Think Left Conference This Weekend in Derry,https://www.pbp.ie/think-left-conference-this-weekend-in-derry/,,"People Before Profit is hosting its annual Think Left Conference from October 2-5, 2026 in St Columb's Hall, Derry, featuring international speakers, discussions on workers' campaigns, Palestine solidarity, political unionism, Stormont's future, and socialist feminist perspectives on Irish unity.",Becca Bor; Darryl Horan; Gerry Carroll; Paul Murphy; Eamonn McCann,0,Becca Bor and Darryl Horan,This year's Think Left Conference comes at a crucial moment. The conference will deal directly with the big questions we face locally and internationally.,This year's Think Left Conference comes at a crucial moment. The conference will deal directly with the big questions we face locally and internationally.,pbp-1,1,high,,,,
a5d1e3f1b4d23cb03824,2026-W41,2026-10-02,IE,pbp,People Before Profit,far-left,site_scrape,party_document,www.pbp.ie,Think Left Conference This Weekend in Derry,https://www.pbp.ie/think-left-conference-this-weekend-in-derry/,,"People Before Profit is hosting its annual Think Left Conference from October 2-5, 2026 in St Columb's Hall, Derry, featuring international speakers, discussions on workers' campaigns, Palestine solidarity, political unionism, Stormont's future, and socialist feminist perspectives on Irish unity.",Becca Bor; Darryl Horan; Gerry Carroll; Paul Murphy; Eamonn McCann,1,People Before Profit,"Socialist MLA Gerry Carroll will discuss Stormont's future in the midst of resolute opposition from Garvaghy Road residents to a sectarian Orange Order march, racist pogroms, cuts to public services, MLA pay scandals and budget crisis.","Socialist MLA Gerry Carroll will discuss Stormont's future in the midst of resolute opposition from Garvaghy Road residents to a sectarian Orange Order march, racist pogroms, cuts to public services, MLA pay scandals and budget crisis.",pbp-1,1,high,,,,
4fabd813951e2c8eebfd,2026-W41,2026-09-29,IE,pbp,People Before Profit,far-left,site_scrape,party_document,www.pbp.ie,Councillor Takes High Court Legal Challenge as Council Executive Refuse to Implement 15-to-1 Vote to Halt Rent Increases,https://www.pbp.ie/councillor-takes-high-court-legal-challenge-as-council-executive-refuse-to-implement-15-to-1-vote-to-halt-rent-increases/,,People Before Profit Councillor Jess Spear has launched a High Court judicial review against South Dublin County Council after its chief executive refused to implement a 15-to-1 council vote to halt rent increases of up to 53% for social housing tenants.,Jess Spear; Paul Murphy,0,Jess Spear,"The law is very clear on this. The Chief Executive has to follow council policy, and he has to abide by Section 140 motions. Civil servants, no matter how senior, are not a law unto themselves. Ploughing ahead with a rent hike against the express wishes of the elected members looks like a clear and reckless violation of the Local Government Act.","The law is very clear on this. The Chief Executive has to follow council policy, and he has to abide by Section 140 motions. Civil servants, no matter how senior, are not a law unto themselves. Ploughing ahead with a rent hike against the express wishes of the elected members looks like a clear and reckless violation of the Local Government Act.",pbp-0,1,high,,,,
4fabd813951e2c8eebfd,2026-W41,2026-09-29,IE,pbp,People Before Profit,far-left,site_scrape,party_document,www.pbp.ie,Councillor Takes High Court Legal Challenge as Council Executive Refuse to Implement 15-to-1 Vote to Halt Rent Increases,https://www.pbp.ie/councillor-takes-high-court-legal-challenge-as-council-executive-refuse-to-implement-15-to-1-vote-to-halt-rent-increases/,,People Before Profit Councillor Jess Spear has launched a High Court judicial review against South Dublin County Council after its chief executive refused to implement a 15-to-1 council vote to halt rent increases of up to 53% for social housing tenants.,Jess Spear; Paul Murphy,1,Paul Murphy,"What is happening in South Dublin should alarm anyone who cares about local democracy. Councillors voted not once but twice on this, and an unelected official has decided to override them. If a Chief Executive can simply ignore a Section 140 motion, then what local democracy do we have left at all?","What is happening in South Dublin should alarm anyone who cares about local democracy. Councillors voted not once but twice on this, and an unelected official has decided to override them. If a Chief Executive can simply ignore a Section 140 motion, then what local democracy do we have left at all?",pbp-0,1,high,,,,
4fabd813951e2c8eebfd,2026-W41,2026-09-29,IE,pbp,People Before Profit,far-left,site_scrape,party_document,www.pbp.ie,Councillor Takes High Court Legal Challenge as Council Executive Refuse to Implement 15-to-1 Vote to Halt Rent Increases,https://www.pbp.ie/councillor-takes-high-court-legal-challenge-as-council-executive-refuse-to-implement-15-to-1-vote-to-halt-rent-increases/,,People Before Profit Councillor Jess Spear has launched a High Court judicial review against South Dublin County Council after its chief executive refused to implement a 15-to-1 council vote to halt rent increases of up to 53% for social housing tenants.,Jess Spear; Paul Murphy,2,Jess Spear,"This is about finding a better way to fund local services, one that doesn't impoverish lone parents, pensioners and working families.","This is about finding a better way to fund local services, one that doesn't impoverish lone parents, pensioners and working families.",pbp-0,1,high,,,,
806c072a559b22740409,2026-W41,2026-10-05,LU,deilenk,déi Lénk,far-left,site_scrape,party_document,dei-lenk.lu,déi Lénk,https://dei-lenk.lu/agenda?eventid=214134#event-214134,,"déi Lénk announces that MPs Ana Correia da Veiga and Gary Diderich are taking over from Marc Baum and David Wagner according to the party's rotation principle, three years after the legislative elections.",Ana Correia da Veiga; Gary Diderich; Marc Baum; David Wagner,0,déi Lénk,"Geméiss dem Rotatiounsprinzip iwwerhuelen d' Ana Correia da Veiga an de Gary Diderich d'Relève mat därselwechter Energie, awer mat hirer ganz eegener Handschrëft.","According to the rotation principle, Ana Correia da Veiga and Gary Diderich are taking over with the same energy, but with their own personal touch.",deilenk-0,2,high,,,,
806c072a559b22740409,2026-W41,2026-10-05,LU,deilenk,déi Lénk,far-left,site_scrape,party_document,dei-lenk.lu,déi Lénk,https://dei-lenk.lu/agenda?eventid=214134#event-214134,,"déi Lénk announces that MPs Ana Correia da Veiga and Gary Diderich are taking over from Marc Baum and David Wagner according to the party's rotation principle, three years after the legislative elections.",Ana Correia da Veiga; Gary Diderich; Marc Baum; David Wagner,1,déi Lénk,De Marc Baum an den David Wagner hunn déi ganz Oppositioun no lénks gedriwwen an Drock op d'Regierung ausgeüübt.,Marc Baum and David Wagner have pulled the entire opposition to the left and exerted pressure on the government.,deilenk-0,2,high,,,,
b3020cdb5ef170e32f5b,2026-W41,2026-10-05,LU,deilenk,déi Lénk,far-left,site_scrape,party_document,dei-lenk.lu,déi Lénk,https://dei-lenk.lu/agenda?eventid=214128#event-214128,,"The Left (déi Lénk) announces that MPs Ana Correia da Veiga and Gary Diderich are taking over from Marc Baum and David Wagner according to the party's rotation principle, three years after legislative elections, and organizes a series of public meetings across Luxembourg in October 2026.",Ana Correia da Veiga; Gary Diderich; Marc Baum; David Wagner,0,déi Lénk,"Geméiss dem Rotatiounsprinzip iwwerhuelen d' Ana Correia da Veiga an de Gary Diderich d'Relève mat därselwechter Energie, awer mat hirer ganz eegener Handschrëft.","According to the rotation principle, Ana Correia da Veiga and Gary Diderich are taking over with the same energy, but with their own personal touch.",deilenk-0,2,high,,,,
b3020cdb5ef170e32f5b,2026-W41,2026-10-05,LU,deilenk,déi Lénk,far-left,site_scrape,party_document,dei-lenk.lu,déi Lénk,https://dei-lenk.lu/agenda?eventid=214128#event-214128,,"The Left (déi Lénk) announces that MPs Ana Correia da Veiga and Gary Diderich are taking over from Marc Baum and David Wagner according to the party's rotation principle, three years after legislative elections, and organizes a series of public meetings across Luxembourg in October 2026.",Ana Correia da Veiga; Gary Diderich; Marc Baum; David Wagner,1,déi Lénk,De Marc Baum an den David Wagner hunn déi ganz Oppositioun no lénks gedriwwen an Drock op d'Regierung ausgeüübt.,Marc Baum and David Wagner have pulled the entire opposition to the left and exerted pressure on the government.,deilenk-0,2,high,,,,
9959dc3ffbca63dde324,2026-W41,2026-10-02,CH,svp,SVP,far-right,press,press_characterisation,Pomona - Das Wallis im Hosensack,Who will succeed Parmelin? SVPO politicians Franz Ruppen and Michael Graber are also being mentioned - Pomona - Das Wallis im Hosensack,https://news.google.com/rss/articles/CBMizgFBVV95cUxNSkc0QXRILWFmeHhVTU9kajdJWmdncDA3YV95cm14dEpNUEQ5UjhxQ3p0T3pzM2gtN0xDRWd5VHhWS0tudDNKWVB4eEgwZjdiQTJqc2ZqYm1Zd0JwblFNeVA4QUh5a19sYWhEWldjXzQyUUx4TFd6bXhrQjN4b1JhWHlzOUt2YXk5UHctQ3FEbWwyZ2pXWUtnM2p2Q1E0TFVNLTlaNkVjZW9JSU53cVhleGYwZG9aeUJMR3pkSEZkREc0MXJwaGRPQlZ2X3JzZw?oc=5,,Swiss People's Party politicians Franz Ruppen and Michael Graber are being mentioned as potential successors to Guy Parmelin.,Franz Ruppen; Michael Graber; Guy Parmelin,,,,,svp-0,1,high,,,,
f727b8e01864fc939708,2026-W41,2026-10-05,CH,pda,PdA/PST,far-left,site_scrape,party_document,pda.ch,Erhöhung der Krankenkassenprämien: Die Bevölkerung darf nicht die Zeche zahlen!,https://pda.ch/2026/10/erhoehung-der-krankenkassenpraemien-die-bevoelkerung-darf-nicht-die-zeche-zahlen/,,"The Swiss Party of Labour condemns the announced five percent increase in health insurance premiums for 2027 and demands fundamental healthcare policy reform including a public health service, income-based financing, and a national health plan.",Alexander Eniline; Timeo Antognini; Elisabeth Baume-Schneider,0,Alexander Eniline,"Diese erneute Erhöhung der Krankenkassenprämien ist die unvermeidliche Folge eines Systems, das von Grund auf intransparent und unsozial ist und es einer Vielzahl privater Interessen ermöglicht, sich auf Kosten der Versicherten und einer am Gemeinwohl orientierten Gesundheitspolitik die Taschen zu füllen",This renewed increase in health insurance premiums is the inevitable consequence of a system that is fundamentally non-transparent and anti-social and allows a multitude of private interests to line their pockets at the expense of the insured and a health policy oriented toward the common good,pda-3,1,high,,,,
f727b8e01864fc939708,2026-W41,2026-10-05,CH,pda,PdA/PST,far-left,site_scrape,party_document,pda.ch,Erhöhung der Krankenkassenprämien: Die Bevölkerung darf nicht die Zeche zahlen!,https://pda.ch/2026/10/erhoehung-der-krankenkassenpraemien-die-bevoelkerung-darf-nicht-die-zeche-zahlen/,,"The Swiss Party of Labour condemns the announced five percent increase in health insurance premiums for 2027 and demands fundamental healthcare policy reform including a public health service, income-based financing, and a national health plan.",Alexander Eniline; Timeo Antognini; Elisabeth Baume-Schneider,1,Timeo Antognini,"Es ist absolut notwendig, die Strategie zu ändern und einen öffentlichen Gesundheitsdienst aufzubauen, der nicht von privaten Akteuren kontrolliert wird und nicht in einem kapitalistischen Wettbewerb steht, dessen oberstes Ziel die Profitmaximierung ist",It is absolutely necessary to change the strategy and build a public health service that is not controlled by private actors and does not stand in capitalist competition whose supreme goal is profit maximization,pda-3,1,high,,,,
f727b8e01864fc939708,2026-W41,2026-10-05,CH,pda,PdA/PST,far-left,site_scrape,party_document,pda.ch,Erhöhung der Krankenkassenprämien: Die Bevölkerung darf nicht die Zeche zahlen!,https://pda.ch/2026/10/erhoehung-der-krankenkassenpraemien-die-bevoelkerung-darf-nicht-die-zeche-zahlen/,,"The Swiss Party of Labour condemns the announced five percent increase in health insurance premiums for 2027 and demands fundamental healthcare policy reform including a public health service, income-based financing, and a national health plan.",Alexander Eniline; Timeo Antognini; Elisabeth Baume-Schneider,2,Timeo Antognini,Deshalb müssen wir die Grundversorgung und die aktive Prävention ausbauen sowie einen nationalen Gesundheitsplan und eine einkommensabhängige Finanzierung schaffen,Therefore we must expand basic care and active prevention as well as create a national health plan and income-based financing,pda-3,1,high,,,,
fc37efb715ae4c183a5c,2026-W41,2026-10-01,CH,pda,PdA/PST,far-left,site_scrape,party_document,pda.ch,Stoppt die Repression in der Türkei,https://pda.ch/2026/10/stoppt-die-repression-in-der-tuerkei/,,"The Swiss Party of Labour condemns repression against socialists, LGBTQ+ community, and activists in Turkey following police raids, and expresses solidarity with its sister party SYKP and its co-chair Mertcan Titiz who was arrested during a house search and later released.",Partei der Arbeit der Schweiz; Mertcan Titiz,0,Partei der Arbeit der Schweiz,"Die Partei der Arbeit der Schweiz (PdAS) verurteilt das repressive Vorgehen gegen Sozialist:innen, die LGBTQ+-Gemeinschaft und Aktivist:innen in der Türkei.","The Swiss Party of Labour (PdAS) condemns the repressive actions against socialists, the LGBTQ+ community and activists in Turkey.",pda-2,1,high,,,,
fc37efb715ae4c183a5c,2026-W41,2026-10-01,CH,pda,PdA/PST,far-left,site_scrape,party_document,pda.ch,Stoppt die Repression in der Türkei,https://pda.ch/2026/10/stoppt-die-repression-in-der-tuerkei/,,"The Swiss Party of Labour condemns repression against socialists, LGBTQ+ community, and activists in Turkey following police raids, and expresses solidarity with its sister party SYKP and its co-chair Mertcan Titiz who was arrested during a house search and later released.",Partei der Arbeit der Schweiz; Mertcan Titiz,1,Partei der Arbeit der Schweiz,"Die PdAS stimmt der SYKP zu, dass willkürliche Inhaftierungen, Unterdrückung und Gewalt gegen Revolutionär:innen, Sozialist:innen und demokratische Oppositionskräfte sofort ein Ende finden müssen.","The PdAS agrees with SYKP that arbitrary detentions, suppression and violence against revolutionaries, socialists and democratic opposition forces must end immediately.",pda-2,1,high,,,,
dbc7c88f40242d6aa5d1,2026-W41,2026-09-29,CH,pda,PdA/PST,far-left,site_scrape,party_document,pda.ch,«Der Kampf für soziale Gerechtigkeit geht weiter»,https://pda.ch/2026/09/der-kampf-fuer-soziale-gerechtigkeit-geht-weiter/,,"The Swiss Party of Labour announced the death of Norberto Crivelli, former party president (2009-2013) and Central Committee member, expressing condolences and commemorating his lifelong activism for workers' rights and against capitalism.",Timeo Antognini; Alexander Eniline; Norberto Crivelli,0,Partei der Arbeit der Schweiz,Der Kampf für soziale Gerechtigkeit geht weiter,The struggle for social justice continues,pda-0,1,high,,,,
dbc7c88f40242d6aa5d1,2026-W41,2026-09-29,CH,pda,PdA/PST,far-left,site_scrape,party_document,pda.ch,«Der Kampf für soziale Gerechtigkeit geht weiter»,https://pda.ch/2026/09/der-kampf-fuer-soziale-gerechtigkeit-geht-weiter/,,"The Swiss Party of Labour announced the death of Norberto Crivelli, former party president (2009-2013) and Central Committee member, expressing condolences and commemorating his lifelong activism for workers' rights and against capitalism.",Timeo Antognini; Alexander Eniline; Norberto Crivelli,1,Partei der Arbeit der Schweiz,Norberto hat sein gesamtes Leben dem Kampf für die Rechte der Unterdrückten und Ausgebeuteten gewidmet und – auch hinter den Kulissen – unermüdlich gegen das Ungeheuer des Kapitalismus angekämpft.,Norberto dedicated his entire life to the struggle for the rights of the oppressed and exploited and – also behind the scenes – tirelessly fought against the monster of capitalism.,pda-0,1,high,,,,
dbc7c88f40242d6aa5d1,2026-W41,2026-09-29,CH,pda,PdA/PST,far-left,site_scrape,party_document,pda.ch,«Der Kampf für soziale Gerechtigkeit geht weiter»,https://pda.ch/2026/09/der-kampf-fuer-soziale-gerechtigkeit-geht-weiter/,,"The Swiss Party of Labour announced the death of Norberto Crivelli, former party president (2009-2013) and Central Committee member, expressing condolences and commemorating his lifelong activism for workers' rights and against capitalism.",Timeo Antognini; Alexander Eniline; Norberto Crivelli,2,Partei der Arbeit der Schweiz,"Norberto war die Seele der Partei im Tessin, stets präsent, und es gelang ihm, die kommunistische Identität auch in den schwierigsten Momenten hochzuhalten.","Norberto was the soul of the party in Ticino, always present, and he succeeded in upholding the communist identity even in the most difficult moments.",pda-0,1,high,,,,
d192e5e01fb0f3a5b8d3,2026-W41,2026-10-04,IL,otzma,Otzma Yehudit,far-right,press,press_characterisation,The Jerusalem Post,High Court rejects Democrats’ bid to bar Otzma Yehudit from election - The Jerusalem Post,https://news.google.com/rss/articles/CBMiaEFVX3lxTE95SGNTMXJKRmFtb1pucVFYTV9kSGxvZDRVYWoxQklXbHVWdnR1RUgtaElEZHdJbEgxVjh4WFFRSGJGWXlmM0dXYnpleUxYakpaX0RZb1k3UkxWb1owTUhSc0N5RGhRN3hL?oc=5,,Israel's High Court rejected a petition by Democrats to disqualify Otzma Yehudit from participating in an election.,Otzma Yehudit,,,,,otzma-3,1,high,,,,
2bf06fc8bcb34187ae23,2026-W41,2026-10-05,IL,religiouszionism,Religious Zionism,far-right,press,press_reported_speech,The Jerusalem Post,‘I want to see Gaza empty’: Feiglin calls for annexation of Strip in next gov’t - The Jerusalem Post,https://news.google.com/rss/articles/CBMiaEFVX3lxTFBsWDliUjFnNWNMQjlBSEZVSmQtOWs5aGx6YWhiTGtpNUIzYUxNMHM3LWhHaUtBbVByUUxzaGNkems4dXprTWVpRXcwQkVLRmNiOERMMnhSaXIxRXVuWE9JdS1zSllIT1F3?oc=5,,Moshe Feiglin called for the annexation of the Gaza Strip and its evacuation in the next government.,Moshe Feiglin,0,Moshe Feiglin,I want to see Gaza empty,I want to see Gaza empty,religiouszionism-4,1,high,,,,
11ca67703f33dd8e860b,2026-W41,2026-10-04,IL,hadash,Hadash,far-left,press,press_characterisation,وكالة صدى نيوز,Poll: 8 seats for the Joint List and a single seat separating the camps of Eizenkot and Netanyahu - وكالة صدى نيوز,https://news.google.com/rss/articles/CBMiVkFVX3lxTE1la3ozU3hSUE5TY1VmRnhiekNUenNaLVFmYnBJWW9FM3l3UV9kLXYwVWpMYktQdGcwZGtJNU05TjlNcXJDV0J6UzN6c3hUZzJOS05jd3ln?oc=5,,"A poll shows the Joint List projected to win 8 seats in upcoming elections, with a single seat separating the camps of Eizenkot and Netanyahu.",,,,,,hadash-3,1,high,,,,
dc18518248f626ce8d6f,2026-W41,2026-10-02,IL,balad,Balad,far-left,press,press_characterisation,Daily Times,Arab-Israeli politician withdraws from Israel election - Daily Times,https://news.google.com/rss/articles/CBMikwFBVV95cUxONUNEZC1tMDZXNDdGQWpyVUtrM2cxNldoY2tsQzh3Y25pcEZLNjVvVEMxSFhjc1RubWE4QXFMeVlHaTg2Rl9qYWJsQV9QYURxY2JNR016aEkxNjlzR1ktRklwY250dzI0LUZfZlFiV2ZNTGQ5U2xNTEs5dXlBUUFvZ1RlV2I2NlRGVTVLeEhGSjluaFk?oc=5,,"An Arab-Israeli politician has withdrawn from an Israeli election, though the article title provides no further details about identity, party affiliation, or circumstances.",,,,,,balad-0,1,high,,,,
